id,timestamp,latitude,longitude
1,2025-01-06 6:00:00,26.09948282,-80.40001586
2,2025-01-06 6:17:00,26.1012357,-80.39988021
3,2025-01-06 6:37:00,26.00357617,-79.95739238
4,2025-01-06 6:45:00,26.09994389,-80.39798453
5,2025-01-06 7:08:00,26.09893628,-80.39784884
6,2025-01-06 7:34:00,26.09919896,-80.40068176
7,2025-01-06 7:40:00,26.10114796,-80.3978537
8,2025-01-06 8:07:00,26.10785763,-80.18624068
9,2025-01-06 8:37:00,26.10263729,-80.37310508
10,2025-01-06 9:02:00,26.1243501,-80.13925895
11,2025-01-06 9:09:00,26.12077882,-80.1374374
12,2025-01-06 9:33:00,26.12427676,-80.13913951
13,2025-01-06 9:53:00,26.12351297,-80.13543466
14,2025-01-06 10:23:00,26.12410235,-80.13923855
15,2025-01-06 10:46:00,26.12429704,-80.13753587
16,2025-01-06 11:09:00,26.12230987,-80.1381022
17,2025-01-06 11:18:00,26.12425023,-80.13710217
18,2025-01-06 11:26:00,26.12402754,-80.13811978
19,2025-01-06 11:42:00,26.12164802,-80.13594233
20,2025-01-06 12:08:00,26.12397265,-80.1353536
21,2025-01-06 12:22:00,26.12084652,-80.13796396
22,2025-01-06 12:33:00,26.12063585,-80.13929253
23,2025-01-06 12:41:00,26.12269042,-80.13789482
24,2025-01-06 13:03:00,26.12285403,-80.1374568
25,2025-01-06 13:15:00,26.12374982,-80.13746185
26,2025-01-06 13:35:00,26.12350988,-80.13593895
27,2025-01-06 13:55:00,26.12176795,-80.13651663
28,2025-01-06 14:04:00,26.12220898,-80.13568521
29,2025-01-06 14:24:00,26.12358136,-80.13796426
30,2025-01-06 14:39:00,26.12067706,-80.13719681
31,2025-01-06 15:03:00,26.12149278,-80.13795322
32,2025-01-06 15:25:00,26.12361403,-80.13734642
33,2025-01-06 15:32:00,26.12096562,-80.13610038
34,2025-01-06 16:00:00,26.12400429,-80.13588192
35,2025-01-06 16:11:00,26.12170916,-80.13744553
36,2025-01-06 16:33:00,26.12252697,-80.13855837
37,2025-01-06 16:59:00,26.12403522,-80.1378482
38,2025-01-06 17:21:00,26.08661356,-80.24613898
39,2025-01-06 17:34:00,26.10766441,-80.24130169
40,2025-01-06 17:45:00,26.10415593,-80.18809153
41,2025-01-06 17:50:00,26.09012203,-80.19051017
42,2025-01-06 17:57:00,26.09152542,-80.23404576
43,2025-01-06 18:24:00,26.08268533,-80.2788053
44,2025-01-06 18:43:00,26.08220731,-80.28100642
45,2025-01-06 19:11:00,26.08232032,-80.28012362
46,2025-01-06 19:35:00,26.08119988,-80.2797958
47,2025-01-06 19:42:00,26.0829177,-80.28155644
48,2025-01-06 19:52:00,26.08121103,-80.27907174
49,2025-01-06 20:17:00,26.10224261,-80.39838258
50,2025-01-06 20:36:00,26.09863959,-80.39948445
51,2025-01-06 20:42:00,26.10171861,-80.39962585
52,2025-01-06 20:55:00,26.09942066,-80.40135156
53,2025-01-06 21:23:00,26.10190682,-80.40090782
54,2025-01-06 21:29:00,26.10234025,-80.4007485
55,2025-01-06 21:42:00,26.10109276,-80.40024533
56,2025-01-06 21:52:00,26.10032011,-80.39781102
57,2025-01-06 22:20:00,26.09949467,-80.40015978
58,2025-01-06 22:35:00,26.099675,-80.40061132
59,2025-01-06 22:53:00,26.09908297,-80.39854356
60,2025-01-06 23:17:00,26.10081688,-80.40065479
61,2025-01-06 23:25:00,26.10003491,-80.4007478
62,2025-01-06 23:48:00,26.09994525,-80.401469
63,2025-01-06 23:57:00,26.09933066,-80.39793329
64,2025-01-07 0:13:00,26.10022527,-80.40174021
65,2025-01-07 0:40:00,26.0997127,-80.39823341
66,2025-01-07 0:54:00,26.1009268,-80.39989876
67,2025-01-07 1:04:00,26.09864547,-80.40138441
68,2025-01-07 1:27:00,26.09848373,-80.39938866
69,2025-01-07 1:54:00,26.10052825,-80.39909323
70,2025-01-07 1:59:00,26.10080724,-80.39780849
71,2025-01-07 2:15:00,26.10003352,-80.39855177
72,2025-01-07 2:23:00,26.10040125,-80.39882351
73,2025-01-07 2:30:00,26.09983962,-80.40019753
74,2025-01-07 2:44:00,26.10128227,-80.39797768
75,2025-01-07 2:51:00,26.09850151,-80.39895247
76,2025-01-07 3:21:00,26.09936587,-80.39948633
77,2025-01-07 3:29:00,26.10220858,-80.39875016
78,2025-01-07 3:41:00,26.10178814,-80.40165252
79,2025-01-07 3:52:00,26.10030612,-80.40057983
80,2025-01-07 4:04:00,25.26487605,-79.76297912
81,2025-01-07 4:34:00,26.09862766,-80.40158459
82,2025-01-07 5:03:00,26.10208529,-80.40052187
83,2025-01-07 5:21:00,26.09975841,-80.40145162
84,2025-01-07 5:32:00,26.09910137,-80.39784743
85,2025-01-07 5:50:00,26.10110095,-80.40135364
86,2025-01-07 6:06:00,26.10092538,-80.39824227
87,2025-01-07 6:15:00,26.09997895,-80.40153152
88,2025-01-07 6:20:00,26.10150774,-80.3990483
89,2025-01-07 6:33:00,26.1009995,-80.40039116
90,2025-01-07 6:38:00,26.10027055,-80.40048981
91,2025-01-07 6:53:00,26.09870903,-80.40030099
92,2025-01-07 7:10:00,26.09989794,-80.39822965
93,2025-01-07 7:20:00,26.10146981,-80.39964759
94,2025-01-07 7:30:00,26.10061976,-80.40136473
95,2025-01-07 7:53:00,26.100593,-80.39848318
96,2025-01-07 8:16:00,26.10151864,-80.14174915
97,2025-01-07 8:23:00,26.11270508,-80.35085932
98,2025-01-07 8:40:00,26.10077288,-80.3152661
99,2025-01-07 8:58:00,26.11829831,-80.2218339
100,2025-01-07 9:18:00,26.12209249,-80.1386321
101,2025-01-07 9:31:00,26.12243321,-80.137308
102,2025-01-07 10:00:00,26.12189956,-80.1389275
103,2025-01-07 10:21:00,26.1237281,-80.13534282
104,2025-01-07 10:48:00,26.1238241,-80.13627714
105,2025-01-07 10:56:00,26.12129373,-80.13540647
106,2025-01-07 11:01:00,26.12282538,-80.13767148
107,2025-01-07 11:31:00,26.12193385,-80.13622451
108,2025-01-07 11:40:00,26.12366724,-80.13788993
109,2025-01-07 12:09:00,26.1227028,-80.13798934
110,2025-01-07 12:26:00,26.1208856,-80.13893531
111,2025-01-07 12:49:00,25.30504891,-80.07441731
112,2025-01-07 13:15:00,26.12115029,-80.1374937
113,2025-01-07 13:31:00,26.12421215,-80.13852825
114,2025-01-07 13:48:00,26.12055538,-80.13891571
115,2025-01-07 13:53:00,26.12168396,-80.13734786
116,2025-01-07 14:13:00,26.12252945,-80.13899108
117,2025-01-07 14:36:00,26.12081339,-80.13805421
118,2025-01-07 15:06:00,26.12429947,-80.13687621
119,2025-01-07 15:27:00,26.12331782,-80.13855806
120,2025-01-07 15:40:00,26.12102292,-80.13530885
121,2025-01-07 15:50:00,26.12162408,-80.13604067
122,2025-01-07 16:09:00,26.12070723,-80.13572925
123,2025-01-07 16:36:00,26.1243021,-80.13546722
124,2025-01-07 17:04:00,26.09713898,-80.26306949
125,2025-01-07 17:30:00,26.09994576,-80.26548814
126,2025-01-07 17:43:00,26.10415593,-80.25339492
127,2025-01-07 17:57:00,26.10976949,-80.22195254
128,2025-01-07 18:27:00,26.07913411,-80.27817905
129,2025-01-07 18:44:00,26.08214146,-80.2798766
130,2025-01-07 19:13:00,26.08151087,-80.27868596
131,2025-01-07 19:27:00,26.0791004,-80.28180153
132,2025-01-07 19:47:00,26.07995739,-80.27982321
133,2025-01-07 19:52:00,26.08209472,-80.27850824
134,2025-01-07 19:58:00,26.08088716,-80.27874712
135,2025-01-07 20:15:00,26.10057363,-80.40087719
136,2025-01-07 20:29:00,26.0990686,-80.40081885
137,2025-01-07 20:59:00,26.10119334,-80.40179911
138,2025-01-07 21:15:00,26.10018593,-80.3986186
139,2025-01-07 21:28:00,26.10201534,-80.40079903
140,2025-01-07 21:43:00,26.10023414,-80.39878151
141,2025-01-07 22:13:00,26.09969725,-80.39853694
142,2025-01-07 22:29:00,26.10077643,-80.40142919
143,2025-01-07 22:58:00,26.10125695,-80.39903994
144,2025-01-07 23:24:00,26.10183974,-80.40133137
145,2025-01-07 23:50:00,26.10017067,-80.40101127
146,2025-01-08 0:06:00,26.09848011,-80.39996105
147,2025-01-08 0:27:00,26.09905378,-80.39842226
148,2025-01-08 0:51:00,26.09857978,-80.39793689
149,2025-01-08 1:13:00,26.1012734,-80.39810432
150,2025-01-08 1:27:00,26.45396127,-80.42348202
151,2025-01-08 1:33:00,26.10163881,-80.40073403
152,2025-01-08 1:49:00,26.10020744,-80.39866924
153,2025-01-08 1:59:00,26.10157818,-80.39799828
154,2025-01-08 2:08:00,26.10218441,-80.39899773
155,2025-01-08 2:23:00,26.10002233,-80.39853747
156,2025-01-08 2:43:00,26.0991882,-80.40045456
157,2025-01-08 2:49:00,26.09961398,-80.39821825
158,2025-01-08 3:15:00,26.10133546,-80.40054309
159,2025-01-08 3:30:00,26.10007603,-80.40173373
160,2025-01-08 3:48:00,26.09903248,-80.39857294
161,2025-01-08 4:12:00,26.10027318,-80.39928031
162,2025-01-08 4:41:00,26.09929731,-80.40104036
163,2025-01-08 4:58:00,26.10017944,-80.39955753
164,2025-01-08 5:10:00,26.09969545,-80.39967512
165,2025-01-08 5:35:00,26.09882814,-80.40127547
166,2025-01-08 6:01:00,26.10097824,-80.40156916
167,2025-01-08 6:09:00,26.09924805,-80.40157911
168,2025-01-08 6:24:00,26.10140507,-80.39869983
169,2025-01-08 6:43:00,26.10003046,-80.40072603
170,2025-01-08 6:48:00,26.09903217,-80.39834438
171,2025-01-08 6:57:00,26.10046362,-80.40132659
172,2025-01-08 7:09:00,26.10032176,-80.40069392
173,2025-01-08 7:25:00,26.10225596,-80.39837154
174,2025-01-08 7:55:00,26.09874163,-80.39864744
175,2025-01-08 8:23:00,26.10412881,-80.34641017
176,2025-01-08 8:41:00,26.11941695,-80.15954576
177,2025-01-08 8:49:00,26.10524746,-80.2307322
178,2025-01-08 9:00:00,26.12082258,-80.13900398
179,2025-01-08 9:19:00,26.12433846,-80.13926822
180,2025-01-08 9:26:00,26.12405619,-80.13919335
181,2025-01-08 9:38:00,26.12427102,-80.13866493
182,2025-01-08 9:57:00,26.12108175,-80.13622278
183,2025-01-08 10:03:00,26.12138226,-80.13827428
184,2025-01-08 10:16:00,26.12104678,-80.13769701
185,2025-01-08 10:34:00,26.1233407,-80.13824964
186,2025-01-08 10:46:00,26.12117934,-80.13553132
187,2025-01-08 10:54:00,26.12413173,-80.13629531
188,2025-01-08 11:20:00,26.12414169,-80.13565118
189,2025-01-08 11:27:00,26.12149336,-80.13763489
190,2025-01-08 11:44:00,26.12079772,-80.13820912
191,2025-01-08 12:11:00,26.12412017,-80.13823802
192,2025-01-08 12:33:00,26.12079509,-80.13791325
193,2025-01-08 12:52:00,26.12253855,-80.136967
194,2025-01-08 13:19:00,26.12226724,-80.13759188
195,2025-01-08 13:29:00,26.12170446,-80.13811323
196,2025-01-08 13:51:00,26.12278965,-80.13788163
197,2025-01-08 14:15:00,26.12293921,-80.13534741
198,2025-01-08 14:32:00,26.12146225,-80.13882775
199,2025-01-08 14:59:00,26.12232078,-80.13708058
200,2025-01-08 15:08:00,26.1241714,-80.13796542
201,2025-01-08 15:29:00,26.12253199,-80.13849912
202,2025-01-08 15:50:00,26.12378027,-80.13789857
203,2025-01-08 16:09:00,26.12119489,-80.13869655
204,2025-01-08 16:23:00,26.12416399,-80.13651597
205,2025-01-08 16:36:00,26.12069234,-80.1375343
206,2025-01-08 16:54:00,26.12291325,-80.13538891
207,2025-01-08 17:11:00,26.08170169,-80.26548814
208,2025-01-08 17:24:00,26.09222712,-80.20502203
209,2025-01-08 17:39:00,26.10415593,-80.23888305
210,2025-01-08 17:45:00,26.10555932,-80.19051017
211,2025-01-08 18:02:00,26.08030979,-80.27845027
212,2025-01-08 18:10:00,26.07910021,-80.27999278
213,2025-01-08 18:32:00,26.0819929,-80.28189782
214,2025-01-08 18:57:00,26.0793288,-80.27988139
215,2025-01-08 19:20:00,26.08173795,-80.27978927
216,2025-01-08 19:38:00,26.07968673,-80.27979903
217,2025-01-08 19:54:00,26.07911386,-80.28169936
218,2025-01-08 20:19:00,26.100642,-80.40160153
219,2025-01-08 20:36:00,26.10050593,-80.40159775
220,2025-01-08 20:46:00,26.1011926,-80.39806191
221,2025-01-08 20:51:00,26.10194765,-80.39935658
222,2025-01-08 21:00:00,26.10132949,-80.39865004
223,2025-01-08 21:27:00,26.09898405,-80.3989174
224,2025-01-08 21:56:00,26.10066349,-80.40077172
225,2025-01-08 22:15:00,26.10175247,-80.39824308
226,2025-01-08 22:30:00,26.10110909,-80.40031711
227,2025-01-08 22:56:00,26.10088265,-80.4016893
228,2025-01-08 23:13:00,26.10195981,-80.39928033
229,2025-01-08 23:32:00,26.09903025,-80.40043702
230,2025-01-08 23:38:00,26.10029292,-80.39860976
231,2025-01-09 0:03:00,26.10122481,-80.40110185
232,2025-01-09 0:19:00,26.09977342,-80.40112843
233,2025-01-09 0:35:00,26.10065203,-80.39880285
234,2025-01-09 1:04:00,26.10108906,-80.39970516
235,2025-01-09 1:09:00,26.10066634,-80.40035585
236,2025-01-09 1:33:00,26.10035475,-80.39887994
237,2025-01-09 1:52:00,26.10212456,-80.40054462
238,2025-01-09 2:08:00,26.09967006,-80.40138369
239,2025-01-09 2:25:00,26.10085814,-80.39945227
240,2025-01-09 2:40:00,26.10194552,-80.39936616
241,2025-01-09 3:07:00,26.10049314,-80.39979597
242,2025-01-09 3:12:00,26.09929415,-80.40152899
243,2025-01-09 3:25:00,26.09961321,-80.3995677
244,2025-01-09 3:41:00,26.10197057,-80.39919749
245,2025-01-09 4:11:00,26.09858228,-80.39839516
246,2025-01-09 4:19:00,26.09858317,-80.39996047
247,2025-01-09 4:30:00,26.10188583,-80.40066078
248,2025-01-09 4:36:00,26.10032842,-80.40066051
249,2025-01-09 4:47:00,26.10156215,-80.39785865
250,2025-01-09 5:01:00,26.10062317,-80.40178077
251,2025-01-09 5:13:00,26.10225846,-80.4015619
252,2025-01-09 5:31:00,26.0986178,-80.40160695
253,2025-01-09 5:47:00,26.1015607,-80.39905962
254,2025-01-09 6:17:00,26.09932161,-80.39933866
255,2025-01-09 6:34:00,26.1017192,-80.40070377
256,2025-01-09 6:39:00,26.10017831,-80.3983624
257,2025-01-09 6:59:00,26.10109526,-80.39795124
258,2025-01-09 7:11:00,26.09867173,-80.40128135
259,2025-01-09 7:20:00,26.10074556,-80.40140931
260,2025-01-09 7:26:00,26.09899167,-80.40137738
261,2025-01-09 7:52:00,26.10037668,-80.40009359
262,2025-01-09 8:19:00,26.11419661,-80.35975763
263,2025-01-09 8:24:00,26.11829831,-80.29746949
264,2025-01-09 8:46:00,26.10972203,-80.3152661
265,2025-01-09 8:53:00,26.10114576,-80.33306271
266,2025-01-09 9:05:00,26.12314004,-80.13897016
267,2025-01-09 9:16:00,26.12348188,-80.13926122
268,2025-01-09 9:45:00,26.12084776,-80.13647683
269,2025-01-09 10:11:00,25.58829173,-80.86858547
270,2025-01-09 10:37:00,26.12086485,-80.13583588
271,2025-01-09 10:43:00,26.12206319,-80.13531162
272,2025-01-09 10:56:00,26.12085249,-80.13791576
273,2025-01-09 11:26:00,26.12314071,-80.1355782
274,2025-01-09 11:49:00,26.12090292,-80.13773015
275,2025-01-09 12:08:00,25.27579659,-79.21780243
276,2025-01-09 12:20:00,26.12126763,-80.13912788
277,2025-01-09 12:42:00,26.12288404,-80.13658683
278,2025-01-09 12:49:00,26.12096079,-80.13616437
279,2025-01-09 13:17:00,26.1211759,-80.13638949
280,2025-01-09 13:38:00,26.12181775,-80.13858774
281,2025-01-09 13:54:00,26.12078726,-80.13779602
282,2025-01-09 14:14:00,26.12046377,-80.13563051
283,2025-01-09 14:29:00,26.12110573,-80.13693179
284,2025-01-09 14:41:00,26.12162914,-80.13575372
285,2025-01-09 14:57:00,25.19493848,-80.57503794
286,2025-01-09 15:16:00,26.1220072,-80.1354952
287,2025-01-09 15:38:00,26.12145611,-80.13676431
288,2025-01-09 15:58:00,26.12354597,-80.13727385
289,2025-01-09 16:03:00,26.12338064,-80.1367397
290,2025-01-09 16:13:00,26.12399748,-80.13678622
291,2025-01-09 16:35:00,26.12223023,-80.13768862
292,2025-01-09 16:40:00,26.12435608,-80.13571786
293,2025-01-09 17:01:00,26.09222712,-80.15423051
294,2025-01-09 17:20:00,26.11187458,-80.26548814
295,2025-01-09 17:50:00,26.09573559,-80.27516271
296,2025-01-09 17:59:00,26.09784068,-80.26548814
297,2025-01-09 18:07:00,26.08005544,-80.2788673
298,2025-01-09 18:27:00,26.07954918,-80.27820568
299,2025-01-09 18:36:00,26.08130407,-80.28112312
300,2025-01-09 18:58:00,26.08072211,-80.2809123
301,2025-01-09 19:05:00,26.08034158,-80.28078523
302,2025-01-09 19:33:00,26.08005223,-80.28184929
303,2025-01-09 19:56:00,26.08140747,-80.2787966
304,2025-01-09 20:14:00,26.09848304,-80.40009492
305,2025-01-09 20:23:00,26.10051104,-80.3991927
306,2025-01-09 20:42:00,26.09996356,-80.4012331
307,2025-01-09 20:59:00,26.09982625,-80.40118116
308,2025-01-09 21:11:00,26.10148835,-80.40085392
309,2025-01-09 21:30:00,26.10086956,-80.40061578
310,2025-01-09 22:00:00,26.10172131,-80.40086689
311,2025-01-09 22:21:00,26.10004624,-80.39915442
312,2025-01-09 22:33:00,26.10007883,-80.40008642
313,2025-01-09 22:39:00,26.09996623,-80.39853937
314,2025-01-09 23:06:00,26.1006947,-80.39997307
315,2025-01-09 23:31:00,26.09897071,-80.40094333
316,2025-01-09 23:36:00,26.09957109,-80.39879787
317,2025-01-09 23:48:00,26.10233635,-80.39917863
318,2025-01-10 0:15:00,26.09886959,-80.39971567
319,2025-01-10 0:34:00,26.10121739,-80.40161282
320,2025-01-10 0:53:00,26.10169916,-80.39991179
321,2025-01-10 1:12:00,26.09979076,-80.40086268
322,2025-01-10 1:35:00,26.10169605,-80.40087989
323,2025-01-10 1:55:00,26.10048008,-80.40177796
324,2025-01-10 2:16:00,26.09917628,-80.40016685
325,2025-01-10 2:21:00,26.10087219,-80.39855047
326,2025-01-10 2:45:00,26.10066792,-80.39795064
327,2025-01-10 3:13:00,26.09841907,-80.3995401
328,2025-01-10 3:43:00,26.10161145,-80.39809069
329,2025-01-10 4:08:00,26.10216201,-80.40120823
330,2025-01-10 4:35:00,26.10131358,-80.39985009
331,2025-01-10 4:59:00,26.1009636,-80.39871992
332,2025-01-10 5:29:00,26.10161198,-80.40049689
333,2025-01-10 5:54:00,26.09901853,-80.39794427
334,2025-01-10 6:07:00,26.09864626,-80.40126718
335,2025-01-10 6:32:00,26.10215089,-80.40167667
336,2025-01-10 6:42:00,26.10191225,-80.40169309
337,2025-01-10 7:06:00,26.10028572,-80.40050417
338,2025-01-10 7:28:00,26.10139545,-80.39906819
339,2025-01-10 7:39:00,26.09998889,-80.39993341
340,2025-01-10 7:57:00,26.09900184,-80.40108231
341,2025-01-10 8:11:00,26.1123322,-80.19513898
342,2025-01-10 8:22:00,26.10301017,-80.37755424
343,2025-01-10 8:45:00,26.11755254,-80.28857119
344,2025-01-10 9:03:00,26.12089284,-80.13544342
345,2025-01-10 9:26:00,26.12311665,-80.1362445
346,2025-01-10 9:38:00,26.12376886,-80.13737787
347,2025-01-10 9:55:00,26.12251962,-80.13691862
348,2025-01-10 10:07:00,26.12057124,-80.13598502
349,2025-01-10 10:28:00,26.120749,-80.13602476
350,2025-01-10 10:38:00,26.12394438,-80.13605341
351,2025-01-10 11:02:00,26.12064224,-80.13564429
352,2025-01-10 11:25:00,26.12375415,-80.13550917
353,2025-01-10 11:43:00,26.12346349,-80.13708262
354,2025-01-10 11:56:00,26.12221696,-80.13579635
355,2025-01-10 12:06:00,26.12329635,-80.13767138
356,2025-01-10 12:16:00,26.12330324,-80.13542428
357,2025-01-10 12:37:00,26.12224045,-80.13924716
358,2025-01-10 12:42:00,26.12097759,-80.13633399
359,2025-01-10 12:49:00,26.12124501,-80.1359694
360,2025-01-10 13:17:00,26.12378701,-80.13809925
361,2025-01-10 13:26:00,26.12213268,-80.13864661
362,2025-01-10 13:50:00,26.12109066,-80.13562606
363,2025-01-10 13:58:00,26.12251745,-80.13683587
364,2025-01-10 14:03:00,26.12310471,-80.13752603
365,2025-01-10 14:26:00,26.12344875,-80.13531608
366,2025-01-10 14:49:00,26.12054565,-80.13746265
367,2025-01-10 15:03:00,26.12326282,-80.13547333
368,2025-01-10 15:26:00,26.12299764,-80.13872922
369,2025-01-10 15:41:00,26.12439921,-80.13585861
370,2025-01-10 15:59:00,26.12242116,-80.13793047
371,2025-01-10 16:26:00,26.12197049,-80.13763924
372,2025-01-10 16:31:00,26.12236442,-80.1360628
373,2025-01-10 16:57:00,26.12294294,-80.13906677
374,2025-01-10 17:22:00,26.09713898,-80.14939322
375,2025-01-10 17:31:00,26.09222712,-80.26306949
376,2025-01-10 17:54:00,26.09152542,-80.20260339
377,2025-01-10 18:14:00,26.08045838,-80.28078612
378,2025-01-10 18:39:00,26.07923681,-80.28192351
379,2025-01-10 19:04:00,26.08084779,-80.27800618
380,2025-01-10 19:17:00,26.08221133,-80.2793036
381,2025-01-10 19:28:00,26.08175922,-80.28075191
382,2025-01-10 19:38:00,26.08180763,-80.28139391
383,2025-01-10 19:52:00,26.0814625,-80.28169476
384,2025-01-10 20:13:00,26.10059346,-80.40075374
385,2025-01-10 20:25:00,26.10138692,-80.39970479
386,2025-01-10 20:48:00,26.09965273,-80.39814
387,2025-01-10 21:09:00,26.09924866,-80.40044758
388,2025-01-10 21:38:00,26.10194564,-80.39908748
389,2025-01-10 21:43:00,26.10033107,-80.40142648
390,2025-01-10 22:05:00,26.09888693,-80.40030123
391,2025-01-10 22:23:00,26.10004697,-80.4001589
392,2025-01-10 22:46:00,26.10166483,-80.4005279
393,2025-01-10 22:53:00,26.1001766,-80.39903716
394,2025-01-10 23:00:00,26.10227379,-80.39954876
395,2025-01-10 23:24:00,26.10142597,-80.40143742
396,2025-01-10 23:41:00,26.10154735,-80.39925088
397,2025-01-10 23:56:00,26.09980969,-80.39908584
398,2025-01-11 0:25:00,26.10207624,-80.40051931
399,2025-01-11 0:42:00,26.10021185,-80.3996883
400,2025-01-11 1:01:00,26.09864743,-80.39811203
401,2025-01-11 1:29:00,26.10225216,-80.39935122
402,2025-01-11 1:51:00,26.1012753,-80.40086055
403,2025-01-11 2:12:00,26.09941842,-80.39832051
404,2025-01-11 2:23:00,26.09929525,-80.39859617
405,2025-01-11 2:45:00,26.10045853,-80.40101287
406,2025-01-11 3:11:00,26.10039259,-80.40064741
407,2025-01-11 3:34:00,26.10235465,-80.39895341
408,2025-01-11 3:40:00,26.09913609,-80.39971913
409,2025-01-11 4:00:00,26.09873679,-80.40009881
410,2025-01-11 4:30:00,26.09914839,-80.39986335
411,2025-01-11 4:53:00,26.10223847,-80.39827095
412,2025-01-11 5:14:00,26.10173243,-80.40057898
413,2025-01-11 5:37:00,26.10009531,-80.3992116
414,2025-01-11 5:54:00,26.10230403,-80.40134612
415,2025-01-11 6:14:00,26.09876798,-80.39935882
416,2025-01-11 6:36:00,26.10063551,-80.40092319
417,2025-01-11 6:46:00,26.1014126,-80.39996809
418,2025-01-11 7:05:00,26.10140684,-80.39997249
419,2025-01-11 7:11:00,26.09866413,-80.3997067
420,2025-01-11 7:39:00,26.10206326,-80.39964058
421,2025-01-11 8:09:00,26.10185259,-80.39841741
422,2025-01-11 8:38:00,26.10176967,-80.39909673
423,2025-01-11 8:48:00,26.09980679,-80.40079835
424,2025-01-11 9:12:00,26.10012212,-80.40041619
425,2025-01-11 9:42:00,26.09934967,-80.40172963
426,2025-01-11 10:10:00,26.08206678,-80.2790526
427,2025-01-11 10:25:00,26.08171341,-80.27969449
428,2025-01-11 10:37:00,26.0816519,-80.27955599
429,2025-01-11 10:45:00,26.08220923,-80.27915485
430,2025-01-11 11:04:00,26.08066557,-80.27873734
431,2025-01-11 11:28:00,26.08016937,-80.2796999
432,2025-01-11 11:44:00,26.08140192,-80.27829031
433,2025-01-11 11:59:00,26.08150128,-80.27966841
434,2025-01-11 12:22:00,26.09974261,-80.4015263
435,2025-01-11 12:49:00,26.10206966,-80.40067002
436,2025-01-11 13:05:00,26.10216035,-80.39948702
437,2025-01-11 13:23:00,26.10168501,-80.40090695
438,2025-01-11 13:36:00,26.10081213,-80.39901818
439,2025-01-11 13:45:00,26.10149599,-80.39853385
440,2025-01-11 14:02:00,26.09889372,-80.40022664
441,2025-01-11 14:16:00,26.09945557,-80.40169673
442,2025-01-11 14:40:00,26.09867319,-80.40111998
443,2025-01-11 14:53:00,26.09996014,-80.39941165
444,2025-01-11 15:13:00,26.10042728,-80.40165296
445,2025-01-11 15:40:00,26.09899907,-80.40028466
446,2025-01-11 15:47:00,26.09884044,-80.40159613
447,2025-01-11 15:54:00,26.09950979,-80.3999105
448,2025-01-11 16:10:00,26.09952367,-80.39985167
449,2025-01-11 16:28:00,26.09974749,-80.39871943
450,2025-01-11 16:38:00,26.09941549,-80.40084161
451,2025-01-11 16:43:00,26.10106767,-80.40083449
452,2025-01-11 17:08:00,26.10001656,-80.39780864
453,2025-01-11 17:26:00,26.10187512,-80.39855885
454,2025-01-11 17:35:00,26.10070788,-80.40045993
455,2025-01-11 17:44:00,26.10224101,-80.40145527
456,2025-01-11 18:02:00,26.09939005,-80.39925938
457,2025-01-11 18:18:00,26.1008852,-80.40103153
458,2025-01-11 18:35:00,26.09938158,-80.39846177
459,2025-01-11 18:50:00,26.10121369,-80.4011263
460,2025-01-11 18:58:00,26.09954709,-80.40140601
461,2025-01-11 19:22:00,26.09915777,-80.39921405
462,2025-01-11 19:43:00,26.10037852,-80.39808531
463,2025-01-11 20:09:00,26.10181809,-80.39886677
464,2025-01-11 20:20:00,26.0990905,-80.39783425
465,2025-01-11 20:34:00,26.10154302,-80.40169774
466,2025-01-11 21:00:00,26.09927247,-80.39905213
467,2025-01-11 21:23:00,26.10188264,-80.39780289
468,2025-01-11 21:50:00,26.10119769,-80.40033053
469,2025-01-11 22:19:00,26.09915348,-80.40111038
470,2025-01-11 22:41:00,26.09948738,-80.40078771
471,2025-01-11 23:09:00,26.09859,-80.40133847
472,2025-01-11 23:16:00,26.10238848,-80.40046823
473,2025-01-11 23:31:00,26.09960707,-80.3993583
474,2025-01-11 23:52:00,26.1001443,-80.39812995
475,2025-01-12 0:07:00,26.1004234,-80.40035878
476,2025-01-12 0:30:00,26.10023673,-80.39882076
477,2025-01-12 0:48:00,26.65939331,-80.45605582
478,2025-01-12 1:03:00,26.0998174,-80.39961579
479,2025-01-12 1:12:00,26.10011306,-80.40171783
480,2025-01-12 1:20:00,26.09944143,-80.40091979
481,2025-01-12 1:39:00,26.0999549,-80.39879122
482,2025-01-12 1:45:00,25.8240214,-79.70731817
483,2025-01-12 2:06:00,26.09948068,-80.40084883
484,2025-01-12 2:17:00,26.09867769,-80.39881925
485,2025-01-12 2:44:00,26.10110573,-80.39960599
486,2025-01-12 2:50:00,26.09985133,-80.40013356
487,2025-01-12 3:03:00,26.10088681,-80.3989056
488,2025-01-12 3:10:00,26.09962657,-80.40034263
489,2025-01-12 3:31:00,26.09972413,-80.40047378
490,2025-01-12 3:45:00,26.09879708,-80.3982063
491,2025-01-12 4:02:00,26.10179386,-80.39785212
492,2025-01-12 4:13:00,26.09964937,-80.3978369
493,2025-01-12 4:27:00,26.10069727,-80.4017173
494,2025-01-12 4:34:00,26.10169556,-80.40157896
495,2025-01-12 4:59:00,26.10167964,-80.40139496
496,2025-01-12 5:24:00,26.10072007,-80.39892206
497,2025-01-12 5:29:00,26.09996006,-80.39799794
498,2025-01-12 5:58:00,26.96214372,-80.99866204
499,2025-01-12 6:21:00,26.10157691,-80.40029047
500,2025-01-12 6:50:00,26.10112169,-80.39846019
501,2025-01-12 7:10:00,26.10037546,-80.4002051
502,2025-01-12 7:17:00,26.10009414,-80.39828225
503,2025-01-12 7:47:00,26.1014575,-80.39985351
504,2025-01-12 8:15:00,26.10233807,-80.40042565
505,2025-01-12 8:24:00,26.09948405,-80.39939912
506,2025-01-12 8:31:00,26.09931068,-80.39960078
507,2025-01-12 8:55:00,26.09963005,-80.40019536
508,2025-01-12 9:23:00,26.09975078,-80.4002453
509,2025-01-12 9:28:00,26.09854112,-80.4007663
510,2025-01-12 9:49:00,26.09938499,-80.40087524
511,2025-01-12 10:05:00,26.08129224,-80.27941805
512,2025-01-12 10:33:00,26.0811765,-80.27865629
513,2025-01-12 10:38:00,26.07907541,-80.28036782
514,2025-01-12 10:59:00,26.08231378,-80.27891119
515,2025-01-12 11:15:00,26.08290523,-80.27850907
516,2025-01-12 11:29:00,26.08091553,-80.28178223
517,2025-01-12 11:41:00,26.07910723,-80.27928287
518,2025-01-12 11:48:00,26.08092476,-80.27891513
519,2025-01-12 12:00:00,26.09980392,-80.39907548
520,2025-01-12 12:09:00,26.09993652,-80.39996557
521,2025-01-12 12:24:00,26.09900351,-80.39937855
522,2025-01-12 12:31:00,26.09979654,-80.4016023
523,2025-01-12 12:59:00,26.1020084,-80.40015013
524,2025-01-12 13:26:00,26.10012023,-80.39881953
525,2025-01-12 13:55:00,26.09965256,-80.40031434
526,2025-01-12 14:16:00,26.10221698,-80.40019538
527,2025-01-12 14:21:00,26.10078957,-80.39942932
528,2025-01-12 14:45:00,26.09981149,-80.3987124
529,2025-01-12 14:53:00,26.10206756,-80.40128924
530,2025-01-12 15:22:00,26.10007686,-80.39897559
531,2025-01-12 15:52:00,26.09934929,-80.39899524
532,2025-01-12 16:01:00,26.1015885,-80.39895327
533,2025-01-12 16:13:00,26.10176846,-80.39790872
534,2025-01-12 16:21:00,26.09921004,-80.3988834
535,2025-01-12 16:39:00,26.10117748,-80.40159345
536,2025-01-12 17:05:00,26.0998154,-80.39886448
537,2025-01-12 17:34:00,26.10218301,-80.39901737
538,2025-01-12 17:43:00,26.10147674,-80.3978165
539,2025-01-12 17:50:00,26.09916512,-80.39954964
540,2025-01-12 18:13:00,26.10239581,-80.39893127
541,2025-01-12 18:31:00,26.09925054,-80.39976559
542,2025-01-12 18:46:00,26.10094084,-80.39886191
543,2025-01-12 19:00:00,26.10054823,-80.39881358
544,2025-01-12 19:15:00,26.10167091,-80.40036149
545,2025-01-12 19:37:00,26.0986829,-80.4014781
546,2025-01-12 19:46:00,26.10118734,-80.39873117
547,2025-01-12 20:01:00,26.10213425,-80.40117151
548,2025-01-12 20:14:00,26.09902678,-80.39987848
549,2025-01-12 20:20:00,26.0985748,-80.40083085
550,2025-01-12 20:32:00,26.10011443,-80.39855761
551,2025-01-12 21:00:00,26.10026777,-80.40158406
552,2025-01-12 21:07:00,26.09909884,-80.40105329
553,2025-01-12 21:26:00,26.10119164,-80.40063252
554,2025-01-12 21:37:00,26.25330134,-80.42639499
555,2025-01-12 22:02:00,26.60227686,-80.75493956
556,2025-01-12 22:23:00,26.07607607,-80.90972997
557,2025-01-12 22:31:00,26.10140875,-80.39902356
558,2025-01-12 22:58:00,26.10013931,-80.39786589
559,2025-01-12 23:19:00,26.10199129,-80.39830885
560,2025-01-12 23:29:00,26.09899858,-80.39855666
561,2025-01-12 23:38:00,26.09878265,-80.39882275
562,2025-01-13 0:03:00,26.09840844,-80.40073591
563,2025-01-13 0:21:00,26.09918005,-80.40039061
564,2025-01-13 0:44:00,26.098586,-80.4005993
565,2025-01-13 1:07:00,26.10085024,-80.39857042
566,2025-01-13 1:36:00,26.0993475,-80.39866692
567,2025-01-13 1:47:00,26.09977112,-80.39806976
568,2025-01-13 1:59:00,26.1014534,-80.40174017
569,2025-01-13 2:29:00,26.10062257,-80.39793072
570,2025-01-13 2:58:00,26.10237311,-80.39784342
571,2025-01-13 3:06:00,26.10207292,-80.39829526
572,2025-01-13 3:25:00,26.10197223,-80.39904322
573,2025-01-13 3:33:00,26.10143003,-80.40114277
574,2025-01-13 3:57:00,26.10019013,-80.39915692
575,2025-01-13 4:04:00,26.46259188,-80.43100389
576,2025-01-13 4:25:00,26.10142082,-80.39839229
577,2025-01-13 4:41:00,26.10160169,-80.40021757
578,2025-01-13 5:07:00,26.10209541,-80.40158054
579,2025-01-13 5:33:00,26.10032854,-80.39886981
580,2025-01-13 5:43:00,26.10011246,-80.40001921
581,2025-01-13 6:05:00,26.09861069,-80.39949915
582,2025-01-13 6:17:00,26.09984629,-80.39884889
583,2025-01-13 6:35:00,26.09947715,-80.40062863
584,2025-01-13 6:58:00,26.10042077,-80.40011777
585,2025-01-13 7:03:00,26.09968969,-80.39999344
586,2025-01-13 7:32:00,26.09899668,-80.39841772
587,2025-01-13 7:42:00,26.10220201,-80.39983197
588,2025-01-13 8:12:00,26.11978983,-80.14619831
589,2025-01-13 8:31:00,26.11382373,-80.28857119
590,2025-01-13 8:40:00,26.11345085,-80.34641017
591,2025-01-13 9:04:00,26.12189338,-80.13703765
592,2025-01-13 9:14:00,26.1242474,-80.13841868
593,2025-01-13 9:23:00,26.12400623,-80.13675158
594,2025-01-13 9:30:00,26.12248305,-80.13700144
595,2025-01-13 9:49:00,26.12267719,-80.136703
596,2025-01-13 10:03:00,26.12424081,-80.13570318
597,2025-01-13 10:25:00,26.12126178,-80.13693498
598,2025-01-13 10:47:00,26.12298494,-80.13817943
599,2025-01-13 11:06:00,26.12194067,-80.13724296
600,2025-01-13 11:33:00,26.12411338,-80.13888001
601,2025-01-13 11:57:00,26.12366719,-80.13783922
602,2025-01-13 12:21:00,26.12309288,-80.1389578
603,2025-01-13 12:38:00,26.12076488,-80.13873448
604,2025-01-13 13:01:00,26.1214547,-80.13557941
605,2025-01-13 13:29:00,26.12231089,-80.13715772
606,2025-01-13 13:46:00,26.1204467,-80.13903281
607,2025-01-13 14:14:00,26.12244171,-80.13695573
608,2025-01-13 14:30:00,26.12387284,-80.1353537
609,2025-01-13 14:50:00,26.12181132,-80.13700718
610,2025-01-13 15:04:00,26.12241255,-80.13825068
611,2025-01-13 15:31:00,26.1231734,-80.1375903
612,2025-01-13 15:52:00,26.12058085,-80.1363568
613,2025-01-13 16:20:00,26.1205849,-80.13723162
614,2025-01-13 16:26:00,26.12073143,-80.13918142
615,2025-01-13 16:44:00,26.12420117,-80.13662669
616,2025-01-13 17:07:00,26.10134915,-80.25581356
617,2025-01-13 17:23:00,26.10555932,-80.24855763
618,2025-01-13 17:42:00,26.081,-80.18809153
619,2025-01-13 18:07:00,26.0812239,-80.28020519
620,2025-01-13 18:31:00,26.08166077,-80.28040796
621,2025-01-13 18:47:00,26.08210836,-80.28106558
622,2025-01-13 18:55:00,26.08219583,-80.27913549
623,2025-01-13 19:09:00,26.08061946,-80.28188285
624,2025-01-13 19:30:00,26.08020593,-80.27977298
625,2025-01-13 19:50:00,26.08155065,-80.27853247
626,2025-01-13 20:18:00,25.88962671,-80.11531248
627,2025-01-13 20:45:00,26.10055777,-80.40082028
628,2025-01-13 21:12:00,26.10098963,-80.3990545
629,2025-01-13 21:32:00,26.10136814,-80.39925944
630,2025-01-13 21:57:00,26.10076962,-80.40172621
631,2025-01-13 22:03:00,26.09969976,-80.39858632
632,2025-01-13 22:23:00,26.10158828,-80.39814057
633,2025-01-13 22:52:00,26.09973161,-80.40158154
634,2025-01-13 23:19:00,26.10149793,-80.39987839
635,2025-01-13 23:48:00,26.10141413,-80.39855922
636,2025-01-14 0:02:00,26.10028284,-80.39842712
637,2025-01-14 0:15:00,26.09983283,-80.40118501
638,2025-01-14 0:42:00,26.10076066,-80.40114078
639,2025-01-14 1:05:00,26.09846078,-80.39884478
640,2025-01-14 1:18:00,26.09876697,-80.40019056
641,2025-01-14 1:43:00,26.09902226,-80.40071224
642,2025-01-14 2:01:00,26.10143996,-80.40083609
643,2025-01-14 2:24:00,26.09956662,-80.40174486
644,2025-01-14 2:29:00,26.10201359,-80.40066052
645,2025-01-14 2:50:00,26.10221982,-80.39814649
646,2025-01-14 3:19:00,26.09858588,-80.40036796
647,2025-01-14 3:25:00,26.09848745,-80.39985256
648,2025-01-14 3:55:00,26.10238443,-80.40175485
649,2025-01-14 4:14:00,26.10228214,-80.39924531
650,2025-01-14 4:33:00,26.10098703,-80.40033643
651,2025-01-14 5:01:00,26.10080743,-80.4017881
652,2025-01-14 5:15:00,26.0994388,-80.39887771
653,2025-01-14 5:36:00,26.10206947,-80.39837427
654,2025-01-14 5:45:00,26.0993887,-80.39830775
655,2025-01-14 6:10:00,26.10013799,-80.39906885
656,2025-01-14 6:30:00,26.10132097,-80.40077155
657,2025-01-14 6:45:00,26.10008917,-80.39781747
658,2025-01-14 7:10:00,26.10083401,-80.39945857
659,2025-01-14 7:32:00,26.10105098,-80.39814175
660,2025-01-14 7:54:00,26.10092855,-80.39898155
661,2025-01-14 8:04:00,26.10599322,-80.28857119
662,2025-01-14 8:31:00,26.10524746,-80.31081695
663,2025-01-14 8:46:00,26.11978983,-80.18624068
664,2025-01-14 8:52:00,26.11382373,-80.2307322
665,2025-01-14 8:58:00,26.10487458,-80.26632542
666,2025-01-14 9:09:00,26.1205423,-80.13868265
667,2025-01-14 9:39:00,26.12352806,-80.13772035
668,2025-01-14 10:02:00,26.12315819,-80.13863294
669,2025-01-14 10:26:00,26.12126178,-80.13754512
670,2025-01-14 10:43:00,26.12318571,-80.13575274
671,2025-01-14 11:02:00,26.121066,-80.13870686
672,2025-01-14 11:25:00,26.12044583,-80.1379662
673,2025-01-14 11:31:00,26.12326046,-80.13697019
674,2025-01-14 12:00:00,26.12061282,-80.1370567
675,2025-01-14 12:06:00,26.12362239,-80.13743115
676,2025-01-14 12:13:00,26.12360295,-80.13718068
677,2025-01-14 12:26:00,26.12150222,-80.1364545
678,2025-01-14 12:53:00,26.12438011,-80.13598424
679,2025-01-14 13:11:00,26.12386556,-80.13803646
680,2025-01-14 13:20:00,26.12139012,-80.13845536
681,2025-01-14 13:47:00,26.12146206,-80.13839998
682,2025-01-14 14:04:00,26.12151985,-80.13891225
683,2025-01-14 14:33:00,26.12149544,-80.13782598
684,2025-01-14 14:53:00,26.12104033,-80.13781356
685,2025-01-14 15:23:00,26.12221931,-80.13606558
686,2025-01-14 15:38:00,26.5589875,-79.53709459
687,2025-01-14 16:06:00,26.12067995,-80.13910518
688,2025-01-14 16:34:00,26.12225031,-80.13864372
689,2025-01-14 16:47:00,26.12165422,-80.13608655
690,2025-01-14 17:05:00,26.1083661,-80.27516271
691,2025-01-14 17:10:00,26.10275254,-80.23888305
692,2025-01-14 17:20:00,26.09994576,-80.16874237
693,2025-01-14 17:25:00,26.09994576,-80.15664915
694,2025-01-14 17:46:00,26.11187458,-80.24372034
695,2025-01-14 18:03:00,26.08201272,-80.27810043
696,2025-01-14 18:26:00,26.07999935,-80.28178267
697,2025-01-14 18:44:00,26.08297599,-80.27966422
698,2025-01-14 19:05:00,26.08206016,-80.28106213
699,2025-01-14 19:29:00,26.0824481,-80.28091829
700,2025-01-14 19:47:00,26.08092968,-80.27864436
701,2025-01-14 20:07:00,26.10096495,-80.4013312
702,2025-01-14 20:32:00,26.10038234,-80.39829426
703,2025-01-14 20:37:00,26.10065426,-80.40005401
704,2025-01-14 21:04:00,26.10019153,-80.3983074
705,2025-01-14 21:26:00,26.10222605,-80.39780672
706,2025-01-14 21:44:00,26.10112487,-80.39883981
707,2025-01-14 22:02:00,26.09996694,-80.39855706
708,2025-01-14 22:18:00,26.09930648,-80.39914267
709,2025-01-14 22:38:00,26.10186856,-80.40152376
710,2025-01-14 22:51:00,26.10072363,-80.39984398
711,2025-01-14 23:10:00,26.10008491,-80.39841209
712,2025-01-14 23:18:00,26.09999015,-80.39794473
713,2025-01-14 23:33:00,26.10093091,-80.40104172
714,2025-01-14 23:42:00,26.10050626,-80.39788583
715,2025-01-14 23:57:00,25.35149999,-80.53649548
716,2025-01-15 0:13:00,26.10035708,-80.39786776
717,2025-01-15 0:38:00,26.0987644,-80.40142472
718,2025-01-15 0:54:00,26.09848842,-80.39955023
719,2025-01-15 1:05:00,26.09930289,-80.39900902
720,2025-01-15 1:27:00,26.09877804,-80.39915564
721,2025-01-15 1:41:00,26.10209433,-80.39925149
722,2025-01-15 2:10:00,26.10199682,-80.40076972
723,2025-01-15 2:31:00,26.10112921,-80.3998281
724,2025-01-15 3:00:00,26.09883966,-80.39789378
725,2025-01-15 3:18:00,25.43088558,-80.11659347
726,2025-01-15 3:35:00,26.09974029,-80.40141624
727,2025-01-15 3:50:00,26.09983758,-80.39918471
728,2025-01-15 3:58:00,26.10108634,-80.39966235
729,2025-01-15 4:12:00,26.10123759,-80.39914352
730,2025-01-15 4:28:00,26.10077718,-80.40029566
731,2025-01-15 4:56:00,26.09901136,-80.40006464
732,2025-01-15 5:01:00,26.1021927,-80.39801249
733,2025-01-15 5:17:00,26.10137332,-80.39993301
734,2025-01-15 5:45:00,26.09978787,-80.39992883
735,2025-01-15 5:59:00,26.09870619,-80.40139442
736,2025-01-15 6:16:00,26.10063169,-80.39994755
737,2025-01-15 6:39:00,26.10190343,-80.39948552
738,2025-01-15 6:51:00,26.09861865,-80.40104976
739,2025-01-15 7:04:00,26.09851985,-80.39969321
740,2025-01-15 7:30:00,26.10209647,-80.39930311
741,2025-01-15 7:42:00,26.09883637,-80.39917337
742,2025-01-15 7:54:00,26.09929089,-80.39844806
743,2025-01-15 8:01:00,26.11606102,-80.3063678
744,2025-01-15 8:13:00,26.12053559,-80.37310508
745,2025-01-15 8:41:00,26.10412881,-80.3152661
746,2025-01-15 8:53:00,26.11345085,-80.25742712
747,2025-01-15 9:00:00,26.12203043,-80.13761326
748,2025-01-15 9:27:00,26.12205673,-80.13564442
749,2025-01-15 9:33:00,26.12201325,-80.13788968
750,2025-01-15 9:40:00,26.12094564,-80.13901924
751,2025-01-15 10:03:00,27.11843923,-79.31706979
752,2025-01-15 10:20:00,26.1236252,-80.1385311
753,2025-01-15 10:49:00,26.12090343,-80.13633405
754,2025-01-15 11:10:00,26.12093314,-80.13800725
755,2025-01-15 11:29:00,26.12236876,-80.13798532
756,2025-01-15 11:35:00,26.18248966,-79.72287458
757,2025-01-15 11:59:00,26.12318838,-80.13595025
758,2025-01-15 12:20:00,26.12214038,-80.13713956
759,2025-01-15 12:45:00,26.51475483,-80.97059554
760,2025-01-15 13:06:00,26.12369882,-80.13715907
761,2025-01-15 13:31:00,26.12136132,-80.13900579
762,2025-01-15 13:49:00,26.12103439,-80.13584113
763,2025-01-15 13:59:00,26.12301023,-80.13532386
764,2025-01-15 14:16:00,26.12287029,-80.13711756
765,2025-01-15 14:32:00,26.12188244,-80.13785509
766,2025-01-15 14:42:00,26.12083461,-80.13799005
767,2025-01-15 14:52:00,26.12391206,-80.13899038
768,2025-01-15 14:57:00,26.12214142,-80.13864001
769,2025-01-15 15:13:00,26.12418561,-80.13694015
770,2025-01-15 15:21:00,26.12049543,-80.1387468
771,2025-01-15 15:47:00,26.12232322,-80.13908489
772,2025-01-15 16:04:00,26.12343316,-80.13835663
773,2025-01-15 16:19:00,26.12253579,-80.13772949
774,2025-01-15 16:36:00,26.12353771,-80.13713233
775,2025-01-15 16:45:00,26.12054136,-80.13539428
776,2025-01-15 17:09:00,26.10345424,-80.27758136
777,2025-01-15 17:37:00,26.11327797,-80.24130169
778,2025-01-15 17:53:00,26.11608475,-80.20502203
779,2025-01-15 18:13:00,26.07905958,-80.28075562
780,2025-01-15 18:36:00,26.08047754,-80.28020234
781,2025-01-15 18:52:00,26.08255603,-80.27932756
782,2025-01-15 19:14:00,26.08030148,-80.28164756
783,2025-01-15 19:32:00,26.0804308,-80.27854843
784,2025-01-15 19:40:00,26.08184042,-80.27866912
785,2025-01-15 19:51:00,26.07913099,-80.28047387
786,2025-01-15 20:10:00,26.10206152,-80.39980933
787,2025-01-15 20:38:00,25.53446177,-81.1657101
788,2025-01-15 20:54:00,26.10115666,-80.40040738
789,2025-01-15 21:01:00,26.10152902,-80.39901608
790,2025-01-15 21:23:00,26.09855136,-80.39869583
791,2025-01-15 21:29:00,26.10095602,-80.3996271
792,2025-01-15 21:45:00,26.10162872,-80.40000668
793,2025-01-15 22:03:00,26.10089583,-80.40112553
794,2025-01-15 22:33:00,26.10036094,-80.40009494
795,2025-01-15 23:01:00,26.10185242,-80.39960765
796,2025-01-15 23:31:00,26.09864131,-80.3989923
797,2025-01-15 23:52:00,26.09968609,-80.40067585
798,2025-01-16 0:06:00,26.10050209,-80.40023663
799,2025-01-16 0:30:00,26.51561045,-79.49100725
800,2025-01-16 0:49:00,26.10135151,-80.40095946
801,2025-01-16 1:13:00,26.10001199,-80.39951357
802,2025-01-16 1:22:00,26.10227492,-80.39951788
803,2025-01-16 1:43:00,26.09844869,-80.40017087
804,2025-01-16 2:06:00,26.1023966,-80.40073074
805,2025-01-16 2:20:00,26.88770732,-80.69062518
806,2025-01-16 2:50:00,26.09999038,-80.40155986
807,2025-01-16 3:17:00,26.09991628,-80.40136553
808,2025-01-16 3:29:00,26.10177621,-80.4012139
809,2025-01-16 3:55:00,26.09990542,-80.3987431
810,2025-01-16 4:09:00,26.09846144,-80.39781092
811,2025-01-16 4:16:00,25.19174358,-80.33218001
812,2025-01-16 4:38:00,26.10136425,-80.39963855
813,2025-01-16 4:51:00,26.10170987,-80.39984939
814,2025-01-16 5:17:00,26.10135173,-80.39989814
815,2025-01-16 5:46:00,26.09855511,-80.39814118
816,2025-01-16 5:51:00,26.10210655,-80.40015195
817,2025-01-16 6:05:00,26.10227294,-80.39793019
818,2025-01-16 6:24:00,26.10131416,-80.40082185
819,2025-01-16 6:34:00,26.10076568,-80.40130626
820,2025-01-16 6:53:00,26.09943583,-80.39972007
821,2025-01-16 7:20:00,26.09997216,-80.39978421
822,2025-01-16 7:41:00,26.09868986,-80.39909185
823,2025-01-16 7:47:00,26.09922921,-80.39899573
824,2025-01-16 7:57:00,26.09845637,-80.39955956
825,2025-01-16 8:21:00,26.10226441,-80.31081695
826,2025-01-16 8:46:00,26.11456949,-80.15064746
827,2025-01-16 8:58:00,26.10301017,-80.17289322
828,2025-01-16 9:18:00,26.12166597,-80.13814176
829,2025-01-16 9:32:00,26.12398557,-80.13672244
830,2025-01-16 9:45:00,26.1239074,-80.13742251
831,2025-01-16 9:50:00,26.12313082,-80.13689942
832,2025-01-16 9:59:00,26.12175271,-80.13563825
833,2025-01-16 10:15:00,26.12148836,-80.13661722
834,2025-01-16 10:44:00,26.1235563,-80.13837393
835,2025-01-16 10:59:00,26.12068052,-80.13912232
836,2025-01-16 11:10:00,26.12113286,-80.13914521
837,2025-01-16 11:18:00,26.12203358,-80.13564858
838,2025-01-16 11:25:00,26.12182802,-80.13564641
839,2025-01-16 11:38:00,26.12310025,-80.1375391
840,2025-01-16 11:57:00,26.12068822,-80.13595027
841,2025-01-16 12:21:00,26.12257996,-80.13764788
842,2025-01-16 12:39:00,26.12081348,-80.13774797
843,2025-01-16 13:03:00,26.12134455,-80.13712464
844,2025-01-16 13:24:00,26.12225988,-80.1367043
845,2025-01-16 13:52:00,26.12286563,-80.1368905
846,2025-01-16 14:05:00,26.12273478,-80.13909579
847,2025-01-16 14:28:00,26.12301237,-80.13813621
848,2025-01-16 14:44:00,26.12228068,-80.13576289
849,2025-01-16 15:11:00,26.12368289,-80.13627687
850,2025-01-16 15:30:00,26.12290527,-80.13918979
851,2025-01-16 15:54:00,26.12171281,-80.13734915
852,2025-01-16 16:24:00,26.12151128,-80.13696481
853,2025-01-16 16:38:00,26.12089449,-80.13860275
854,2025-01-16 17:03:00,26.11678644,-80.24372034
855,2025-01-16 17:10:00,26.10064746,-80.1977661
856,2025-01-16 17:16:00,26.10345424,-80.1590678
857,2025-01-16 17:26:00,26.12029492,-80.15423051
858,2025-01-16 17:31:00,26.09924407,-80.22678983
859,2025-01-16 17:58:00,26.10516363,-80.49390107
860,2025-01-16 18:19:00,26.07910059,-80.27942728
861,2025-01-16 18:30:00,26.07973173,-80.28086479
862,2025-01-16 18:50:00,26.07999335,-80.27869483
863,2025-01-16 19:01:00,26.08019074,-80.27978268
864,2025-01-16 19:16:00,26.07941606,-80.28186823
865,2025-01-16 19:39:00,26.08135527,-80.28134906
866,2025-01-16 20:06:00,26.09894668,-80.40100075
867,2025-01-16 20:16:00,26.09883195,-80.39888352
868,2025-01-16 20:40:00,26.1004165,-80.39929621
869,2025-01-16 20:58:00,26.09901978,-80.39805153
870,2025-01-16 21:10:00,26.09865992,-80.39846058
871,2025-01-16 21:40:00,26.10062952,-80.4012244
872,2025-01-16 22:02:00,26.09920351,-80.39855387
873,2025-01-16 22:32:00,26.10197537,-80.39785909
874,2025-01-16 22:48:00,26.10074964,-80.40045131
875,2025-01-16 23:13:00,26.09860033,-80.39972575
876,2025-01-16 23:20:00,26.10171022,-80.40007893
877,2025-01-16 23:28:00,26.10072789,-80.40153045
878,2025-01-16 23:38:00,26.09980835,-80.40148037
879,2025-01-17 0:07:00,26.10195691,-80.39841751
880,2025-01-17 0:20:00,26.10130184,-80.40074641
881,2025-01-17 0:43:00,26.09957268,-80.40122009
882,2025-01-17 1:05:00,26.09908712,-80.40115812
883,2025-01-17 1:12:00,26.09870001,-80.39948301
884,2025-01-17 1:38:00,26.10087583,-80.39979151
885,2025-01-17 2:01:00,26.09855626,-80.3989072
886,2025-01-17 2:27:00,26.10128736,-80.39984647
887,2025-01-17 2:48:00,26.10223663,-80.4009716
888,2025-01-17 3:01:00,26.10235077,-80.39831523
889,2025-01-17 3:15:00,26.10055913,-80.40028329
890,2025-01-17 3:37:00,26.10017431,-80.40108802
891,2025-01-17 3:45:00,26.10097432,-80.39917616
892,2025-01-17 4:02:00,26.1014335,-80.39846436
893,2025-01-17 4:16:00,26.09844095,-80.39849217
894,2025-01-17 4:25:00,26.1013834,-80.39945812
895,2025-01-17 4:39:00,26.09956375,-80.40153868
896,2025-01-17 5:08:00,26.1015886,-80.40135945
897,2025-01-17 5:36:00,26.10096211,-80.39940238
898,2025-01-17 5:54:00,26.09971215,-80.39825332
899,2025-01-17 6:12:00,26.09929103,-80.40060665
900,2025-01-17 6:40:00,26.10191931,-80.40125167
901,2025-01-17 6:54:00,26.10200188,-80.39964555
902,2025-01-17 7:22:00,26.10093513,-80.39946211
903,2025-01-17 7:27:00,26.09846418,-80.39979412
904,2025-01-17 7:57:00,26.09937189,-80.40061362
905,2025-01-17 8:26:00,26.12128136,-80.14174915
906,2025-01-17 8:37:00,26.11680678,-80.35975763
907,2025-01-17 8:46:00,26.10151864,-80.24407966
908,2025-01-17 8:54:00,26.10934915,-80.28857119
909,2025-01-17 9:09:00,26.12133835,-80.13831534
910,2025-01-17 9:25:00,26.12390764,-80.13549979
911,2025-01-17 9:48:00,26.12225549,-80.13855186
912,2025-01-17 10:13:00,26.12184481,-80.13628333
913,2025-01-17 10:20:00,26.12429135,-80.1361056
914,2025-01-17 10:36:00,26.12142773,-80.13768437
915,2025-01-17 11:06:00,26.12221358,-80.13864173
916,2025-01-17 11:19:00,26.12101955,-80.13863047
917,2025-01-17 11:47:00,26.62463616,-80.9366376
918,2025-01-17 12:14:00,26.12321363,-80.13631053
919,2025-01-17 12:34:00,26.12259333,-80.13923301
920,2025-01-17 12:57:00,26.12170257,-80.13685224
921,2025-01-17 13:10:00,26.12245899,-80.13718087
922,2025-01-17 13:32:00,26.1215246,-80.13582909
923,2025-01-17 14:01:00,26.12401737,-80.13568343
924,2025-01-17 14:24:00,26.1218374,-80.13574517
925,2025-01-17 14:30:00,26.12270037,-80.1365347
926,2025-01-17 14:54:00,26.1237749,-80.13742749
927,2025-01-17 15:04:00,26.12388695,-80.13612909
928,2025-01-17 15:16:00,26.12092624,-80.13915277
929,2025-01-17 15:36:00,26.12309654,-80.1360391
930,2025-01-17 15:45:00,26.12309331,-80.13765123
931,2025-01-17 16:13:00,26.12286698,-80.13621484
932,2025-01-17 16:27:00,26.12252324,-80.13721253
933,2025-01-17 16:38:00,26.12369574,-80.1355234
934,2025-01-17 16:56:00,26.12065297,-80.13670009
935,2025-01-17 17:19:00,26.08521017,-80.17116102
936,2025-01-17 17:26:00,26.0943322,-80.26065085
937,2025-01-17 17:43:00,26.09784068,-80.18325424
938,2025-01-17 18:12:00,26.07902205,-80.27908425
939,2025-01-17 18:20:00,25.92500507,-80.04298691
940,2025-01-17 18:48:00,26.08162623,-80.27889326
941,2025-01-17 19:16:00,26.08207471,-80.28072337
942,2025-01-17 19:39:00,26.08249379,-80.27997434
943,2025-01-17 20:03:00,26.10229608,-80.39904415
944,2025-01-17 20:16:00,26.09926133,-80.39828585
945,2025-01-17 20:40:00,26.1021809,-80.40020035
946,2025-01-17 21:08:00,26.1002626,-80.3986878
947,2025-01-17 21:29:00,26.09867672,-80.40160205
948,2025-01-17 21:39:00,26.09899468,-80.3990227
949,2025-01-17 21:49:00,26.1006636,-80.40101909
950,2025-01-17 22:05:00,26.09865661,-80.399198
951,2025-01-17 22:33:00,26.10104833,-80.39985115
952,2025-01-17 23:02:00,26.1010963,-80.40140472
953,2025-01-17 23:23:00,26.10193736,-80.40091375
954,2025-01-17 23:48:00,26.10052561,-80.3997224
955,2025-01-18 0:02:00,26.09990557,-80.40106258
956,2025-01-18 0:08:00,26.10013587,-80.40144511
957,2025-01-18 0:27:00,26.10068346,-80.40039187
958,2025-01-18 0:38:00,26.10149384,-80.39851345
959,2025-01-18 0:46:00,26.10178533,-80.40000221
960,2025-01-18 0:51:00,26.09943936,-80.39923707
961,2025-01-18 0:58:00,26.09986886,-80.40092254
962,2025-01-18 1:05:00,26.10145693,-80.40076241
963,2025-01-18 1:21:00,26.09971425,-80.40008877
964,2025-01-18 1:42:00,26.10175913,-80.40070301
965,2025-01-18 2:06:00,26.09851807,-80.4005599
966,2025-01-18 2:21:00,26.09894978,-80.40034158
967,2025-01-18 2:40:00,26.09988357,-80.39843143
968,2025-01-18 2:50:00,26.100553,-80.39982639
969,2025-01-18 3:12:00,26.10120789,-80.39883584
970,2025-01-18 3:26:00,26.10164269,-80.40070455
971,2025-01-18 3:32:00,26.10151652,-80.40163092
972,2025-01-18 4:01:00,26.10209367,-80.3983901
973,2025-01-18 4:09:00,26.10117862,-80.39889373
974,2025-01-18 4:28:00,26.10138284,-80.40038838
975,2025-01-18 4:46:00,26.10165835,-80.40179792
976,2025-01-18 4:55:00,26.10193103,-80.4005663
977,2025-01-18 5:14:00,26.10218226,-80.39807115
978,2025-01-18 5:31:00,26.10036227,-80.39931744
979,2025-01-18 5:47:00,26.09854087,-80.39925153
980,2025-01-18 6:08:00,26.09968233,-80.39934796
981,2025-01-18 6:17:00,26.10140145,-80.39898578
982,2025-01-18 6:31:00,26.09949758,-80.40068105
983,2025-01-18 6:56:00,26.10167861,-80.40177511
984,2025-01-18 7:13:00,26.10080193,-80.39827985
985,2025-01-18 7:33:00,26.09908517,-80.39838882
986,2025-01-18 7:44:00,26.09883649,-80.39864678
987,2025-01-18 8:11:00,26.10178439,-80.40148787
988,2025-01-18 8:24:00,26.10021199,-80.40026566
989,2025-01-18 8:41:00,26.09981191,-80.39827001
990,2025-01-18 8:52:00,26.10077576,-80.40160029
991,2025-01-18 9:09:00,26.10130728,-80.3984615
992,2025-01-18 9:35:00,26.10057601,-80.39800666
993,2025-01-18 9:49:00,26.55923722,-79.4233653
994,2025-01-18 10:01:00,26.08008494,-80.28027211
995,2025-01-18 10:22:00,26.08147671,-80.2780047
996,2025-01-18 10:35:00,26.08019464,-80.2812211
997,2025-01-18 10:43:00,26.08099678,-80.27984076
998,2025-01-18 10:59:00,26.08114836,-80.28063
999,2025-01-18 11:14:00,26.08236895,-80.28139225
1000,2025-01-18 11:31:00,26.07910596,-80.27870757
1001,2025-01-18 11:39:00,26.08065846,-80.280774
1002,2025-01-18 12:02:00,26.09996909,-80.40147466
1003,2025-01-18 12:22:00,26.09977123,-80.39849286
1004,2025-01-18 12:47:00,26.10077908,-80.40067139
1005,2025-01-18 12:56:00,26.09845475,-80.39957733
1006,2025-01-18 13:18:00,26.1015672,-80.39856136
1007,2025-01-18 13:32:00,26.0989476,-80.40031575
1008,2025-01-18 13:43:00,26.10049649,-80.39875078
1009,2025-01-18 13:51:00,26.09995536,-80.39800705
1010,2025-01-18 14:19:00,26.10002786,-80.39890999
1011,2025-01-18 14:44:00,26.10097593,-80.39834966
1012,2025-01-18 15:00:00,26.10041305,-80.39985219
1013,2025-01-18 15:29:00,26.10225277,-80.3987933
1014,2025-01-18 15:53:00,26.10205154,-80.4004612
1015,2025-01-18 16:09:00,26.10081652,-80.39784398
1016,2025-01-18 16:34:00,26.10029079,-80.40171051
1017,2025-01-18 16:56:00,26.09902742,-80.39808203
1018,2025-01-18 17:05:00,26.10009814,-80.40059462
1019,2025-01-18 17:19:00,26.09943264,-80.40041317
1020,2025-01-18 17:28:00,26.09978942,-80.40026382
1021,2025-01-18 17:35:00,26.09973105,-80.39917216
1022,2025-01-18 17:59:00,26.09866708,-80.4003474
1023,2025-01-18 18:17:00,26.87700046,-80.51659008
1024,2025-01-18 18:23:00,26.10112829,-80.40019154
1025,2025-01-18 18:35:00,26.10123936,-80.40003549
1026,2025-01-18 18:49:00,26.10152962,-80.40105969
1027,2025-01-18 19:06:00,26.10155886,-80.39918256
1028,2025-01-18 19:19:00,26.10114121,-80.39964318
1029,2025-01-18 19:26:00,26.10169274,-80.40150454
1030,2025-01-18 19:47:00,26.09965215,-80.3999361
1031,2025-01-18 20:05:00,26.10087112,-80.40169832
1032,2025-01-18 20:19:00,26.10071263,-80.39891121
1033,2025-01-18 20:47:00,26.10133784,-80.40106221
1034,2025-01-18 21:12:00,26.10202826,-80.40121989
1035,2025-01-18 21:38:00,26.10023449,-80.3995191
1036,2025-01-18 21:44:00,26.09867507,-80.40036024
1037,2025-01-18 22:06:00,26.10175946,-80.39863369
1038,2025-01-18 22:36:00,26.09959996,-80.39853275
1039,2025-01-18 22:56:00,25.9107183,-79.81835516
1040,2025-01-18 23:03:00,26.10146776,-80.3996596
1041,2025-01-18 23:19:00,26.1009828,-80.39796674
1042,2025-01-18 23:40:00,26.09871873,-80.3987695
1043,2025-01-18 23:52:00,26.10042121,-80.39972544
1044,2025-01-19 0:22:00,26.10163035,-80.39907438
1045,2025-01-19 0:27:00,26.10039377,-80.40162138
1046,2025-01-19 0:51:00,26.10199088,-80.40130234
1047,2025-01-19 1:17:00,26.10109559,-80.39843026
1048,2025-01-19 1:27:00,26.10043795,-80.40136019
1049,2025-01-19 1:41:00,26.09843577,-80.39858854
1050,2025-01-19 2:05:00,26.10099158,-80.3984802
1051,2025-01-19 2:30:00,26.09840019,-80.39818639
1052,2025-01-19 2:48:00,26.1017478,-80.39943754
1053,2025-01-19 3:17:00,26.09908209,-80.40029458
1054,2025-01-19 3:23:00,26.09870152,-80.40040869
1055,2025-01-19 3:33:00,26.1016711,-80.40067036
1056,2025-01-19 3:52:00,26.10057598,-80.39806884
1057,2025-01-19 4:07:00,26.10039142,-80.40075516
1058,2025-01-19 4:36:00,26.10181908,-80.40057319
1059,2025-01-19 4:42:00,26.09909746,-80.3981687
1060,2025-01-19 5:06:00,26.09895298,-80.40128751
1061,2025-01-19 5:33:00,26.10128866,-80.4005733
1062,2025-01-19 5:45:00,26.1019743,-80.4011443
1063,2025-01-19 6:05:00,26.09958075,-80.39791825
1064,2025-01-19 6:30:00,26.09924203,-80.40091368
1065,2025-01-19 6:48:00,26.10231795,-80.40063819
1066,2025-01-19 7:07:00,26.1017565,-80.40145847
1067,2025-01-19 7:19:00,26.10051116,-80.39870697
1068,2025-01-19 7:47:00,26.10179752,-80.39784188
1069,2025-01-19 8:05:00,26.10232824,-80.40066403
1070,2025-01-19 8:34:00,26.0985782,-80.39857552
1071,2025-01-19 8:52:00,26.09855646,-80.39976025
1072,2025-01-19 9:15:00,26.09905141,-80.39802886
1073,2025-01-19 9:45:00,26.10123219,-80.39847179
1074,2025-01-19 10:12:00,26.07959567,-80.28151958
1075,2025-01-19 10:22:00,26.08040893,-80.28091144
1076,2025-01-19 10:30:00,26.08050922,-80.28108538
1077,2025-01-19 10:45:00,26.08202214,-80.27851681
1078,2025-01-19 11:08:00,26.0812267,-80.28170678
1079,2025-01-19 11:32:00,26.08210369,-80.28041136
1080,2025-01-19 11:59:00,26.0823482,-80.28155051
1081,2025-01-19 12:06:00,26.101157,-80.39841607
1082,2025-01-19 12:29:00,26.10181318,-80.39956383
1083,2025-01-19 12:36:00,26.09877322,-80.39854607
1084,2025-01-19 12:50:00,26.10082531,-80.40080934
1085,2025-01-19 12:56:00,26.10010487,-80.39846918
1086,2025-01-19 13:06:00,26.1001703,-80.39879071
1087,2025-01-19 13:29:00,26.09862642,-80.40011297
1088,2025-01-19 13:38:00,26.10122587,-80.40123045
1089,2025-01-19 13:46:00,26.09842165,-80.40130052
1090,2025-01-19 14:10:00,26.10059782,-80.39860785
1091,2025-01-19 14:22:00,26.09843523,-80.39837473
1092,2025-01-19 14:29:00,26.09948906,-80.39806675
1093,2025-01-19 14:35:00,26.09896648,-80.4013152
1094,2025-01-19 14:43:00,26.09964761,-80.40132587
1095,2025-01-19 15:00:00,26.09921103,-80.39792992
1096,2025-01-19 15:24:00,26.09949747,-80.39903089
1097,2025-01-19 15:36:00,26.10096585,-80.40086683
1098,2025-01-19 15:46:00,26.10177649,-80.39898477
1099,2025-01-19 15:57:00,26.10184451,-80.40118832
1100,2025-01-19 16:09:00,26.09993193,-80.40051972
1101,2025-01-19 16:21:00,26.09917485,-80.39831685
1102,2025-01-19 16:47:00,25.36684853,-80.06030982
1103,2025-01-19 16:58:00,26.09845247,-80.40131085
1104,2025-01-19 17:13:00,26.09864214,-80.40053296
1105,2025-01-19 17:20:00,26.09849601,-80.40077843
1106,2025-01-19 17:31:00,26.10231792,-80.398005
1107,2025-01-19 17:36:00,26.10034501,-80.40178058
1108,2025-01-19 17:53:00,26.10132126,-80.40148179
1109,2025-01-19 18:14:00,26.10139945,-80.3983053
1110,2025-01-19 18:37:00,26.10168687,-80.39840972
1111,2025-01-19 19:00:00,26.10014405,-80.39916615
1112,2025-01-19 19:12:00,26.09934758,-80.3991367
1113,2025-01-19 19:22:00,26.09913073,-80.39936477
1114,2025-01-19 19:49:00,26.09918078,-80.39876884
1115,2025-01-19 20:05:00,26.10043345,-80.40159766
1116,2025-01-19 20:26:00,26.10012001,-80.39813765
1117,2025-01-19 20:49:00,25.49727829,-79.62501105
1118,2025-01-19 21:02:00,26.09971196,-80.40157126
1119,2025-01-19 21:20:00,26.09987897,-80.40045959
1120,2025-01-19 21:33:00,26.10004369,-80.39961977
1121,2025-01-19 21:41:00,26.10129338,-80.40102403
1122,2025-01-19 21:51:00,26.10209536,-80.40124693
1123,2025-01-19 22:19:00,26.0997308,-80.40124217
1124,2025-01-19 22:34:00,26.10020096,-80.39900451
1125,2025-01-19 22:41:00,26.09923757,-80.39876077
1126,2025-01-19 22:47:00,26.10027951,-80.40052468
1127,2025-01-19 22:53:00,26.09889462,-80.40169956
1128,2025-01-19 23:00:00,26.09985177,-80.40027166
1129,2025-01-19 23:27:00,26.10097235,-80.40175435
1130,2025-01-19 23:44:00,26.10047933,-80.40126434
1131,2025-01-19 23:53:00,26.10214901,-80.39840407
1132,2025-01-20 0:05:00,26.09953209,-80.39997592
1133,2025-01-20 0:22:00,26.10213069,-80.40048841
1134,2025-01-20 0:46:00,26.09955485,-80.40093582
1135,2025-01-20 0:57:00,26.10070149,-80.39974642
1136,2025-01-20 1:18:00,26.10219281,-80.39885531
1137,2025-01-20 1:43:00,26.10206204,-80.39915381
1138,2025-01-20 1:49:00,26.10195187,-80.39907918
1139,2025-01-20 1:59:00,26.10213491,-80.40059009
1140,2025-01-20 2:26:00,26.0989791,-80.39851296
1141,2025-01-20 2:55:00,26.10219325,-80.40049589
1142,2025-01-20 3:06:00,26.09926878,-80.40163951
1143,2025-01-20 3:27:00,26.10003462,-80.40005779
1144,2025-01-20 3:32:00,26.10146141,-80.39996156
1145,2025-01-20 3:38:00,26.09956171,-80.40156166
1146,2025-01-20 3:43:00,26.09908666,-80.39955041
1147,2025-01-20 4:05:00,26.10122127,-80.39785599
1148,2025-01-20 4:30:00,26.09927463,-80.40058097
1149,2025-01-20 4:40:00,26.600575,-80.10564559
1150,2025-01-20 5:07:00,26.09979874,-80.39974757
1151,2025-01-20 5:31:00,26.09975239,-80.40157061
1152,2025-01-20 6:00:00,25.23782301,-80.14334033
1153,2025-01-20 6:23:00,26.10209935,-80.39952917
1154,2025-01-20 6:44:00,26.10083405,-80.3995493
1155,2025-01-20 7:14:00,26.10217258,-80.40047029
1156,2025-01-20 7:24:00,26.10143614,-80.40164353
1157,2025-01-20 7:29:00,26.09874945,-80.4002477
1158,2025-01-20 7:54:00,26.10164671,-80.39837617
1159,2025-01-20 8:11:00,26.11195932,-80.28857119
1160,2025-01-20 8:23:00,26.10562034,-80.24407966
1161,2025-01-20 8:40:00,26.10599322,-80.37755424
1162,2025-01-20 9:01:00,26.12426803,-80.13889325
1163,2025-01-20 9:28:00,26.12230892,-80.13697965
1164,2025-01-20 9:42:00,26.12163235,-80.13829835
1165,2025-01-20 9:49:00,26.12202022,-80.13797964
1166,2025-01-20 10:06:00,26.12436038,-80.13617832
1167,2025-01-20 10:25:00,26.12099944,-80.1359849
1168,2025-01-20 10:53:00,26.12340934,-80.13630975
1169,2025-01-20 11:09:00,26.6359134,-79.22558443
1170,2025-01-20 11:33:00,26.12177201,-80.13806591
1171,2025-01-20 12:03:00,26.12186954,-80.13685955
1172,2025-01-20 12:27:00,26.12224901,-80.13548596
1173,2025-01-20 12:38:00,26.1222221,-80.13892091
1174,2025-01-20 13:01:00,26.12293752,-80.13542355
1175,2025-01-20 13:06:00,26.12382855,-80.1369058
1176,2025-01-20 13:23:00,26.12109905,-80.13790641
1177,2025-01-20 13:49:00,26.12169295,-80.13605064
1178,2025-01-20 13:59:00,26.1238795,-80.13738342
1179,2025-01-20 14:26:00,26.12430002,-80.13582195
1180,2025-01-20 14:45:00,26.12223964,-80.13853976
1181,2025-01-20 14:59:00,26.12388446,-80.13692976
1182,2025-01-20 15:10:00,26.12259464,-80.13784435
1183,2025-01-20 15:39:00,26.12197787,-80.1361202
1184,2025-01-20 15:46:00,26.12197915,-80.13783653
1185,2025-01-20 16:01:00,26.12145571,-80.13890547
1186,2025-01-20 16:16:00,26.12340445,-80.13565292
1187,2025-01-20 16:39:00,26.12198861,-80.1363656
1188,2025-01-20 17:05:00,26.11818983,-80.24855763
1189,2025-01-20 17:21:00,26.10205085,-80.27032542
1190,2025-01-20 17:37:00,26.10626102,-80.28
1191,2025-01-20 17:46:00,26.10485763,-80.18325424
1192,2025-01-20 18:13:00,26.08193698,-80.28068915
1193,2025-01-20 18:29:00,26.07992978,-80.28031738
1194,2025-01-20 18:44:00,26.08295683,-80.27840082
1195,2025-01-20 19:11:00,26.08121286,-80.27875303
1196,2025-01-20 19:39:00,26.08171169,-80.28136129
1197,2025-01-20 20:09:00,26.09950861,-80.39933487
1198,2025-01-20 20:15:00,26.09995374,-80.39965423
1199,2025-01-20 20:32:00,26.10047837,-80.40029795
1200,2025-01-20 20:53:00,26.10191165,-80.39945602
1201,2025-01-20 20:59:00,26.10106299,-80.3992382
1202,2025-01-20 21:05:00,26.09944379,-80.40016638
1203,2025-01-20 21:23:00,26.10046609,-80.40128575
1204,2025-01-20 21:50:00,26.1003697,-80.40032945
1205,2025-01-20 22:18:00,26.09973529,-80.39962905
1206,2025-01-20 22:24:00,26.09922506,-80.39971603
1207,2025-01-20 22:32:00,26.10214226,-80.39884006
1208,2025-01-20 22:39:00,26.09930669,-80.39789236
1209,2025-01-20 22:46:00,26.09891691,-80.40066508
1210,2025-01-20 23:16:00,26.10217047,-80.39833779
1211,2025-01-20 23:39:00,26.10127863,-80.40082458
1212,2025-01-21 0:09:00,26.101629,-80.39879524
1213,2025-01-21 0:19:00,26.10186243,-80.39819444
1214,2025-01-21 0:31:00,26.1023377,-80.40017105
1215,2025-01-21 0:51:00,26.09892781,-80.39792091
1216,2025-01-21 1:08:00,26.09847037,-80.39824873
1217,2025-01-21 1:18:00,26.10234214,-80.40014132
1218,2025-01-21 1:40:00,26.10163321,-80.40163744
1219,2025-01-21 1:49:00,26.10146586,-80.39812253
1220,2025-01-21 2:05:00,26.10205283,-80.40010416
1221,2025-01-21 2:15:00,26.09955594,-80.39930759
1222,2025-01-21 2:22:00,26.09981252,-80.39954056
1223,2025-01-21 2:37:00,26.09992275,-80.40155075
1224,2025-01-21 3:03:00,26.10113297,-80.40034869
1225,2025-01-21 3:08:00,26.10202546,-80.39945399
1226,2025-01-21 3:36:00,26.09885472,-80.39984389
1227,2025-01-21 3:49:00,26.09903339,-80.40144712
1228,2025-01-21 4:08:00,26.09943882,-80.39866405
1229,2025-01-21 4:21:00,26.09968087,-80.39984273
1230,2025-01-21 4:39:00,26.10104162,-80.39815803
1231,2025-01-21 4:58:00,26.1009178,-80.39872524
1232,2025-01-21 5:24:00,26.09927394,-80.3980659
1233,2025-01-21 5:53:00,26.09968081,-80.39798595
1234,2025-01-21 6:08:00,26.10182792,-80.40138157
1235,2025-01-21 6:27:00,26.10020422,-80.3992096
1236,2025-01-21 6:50:00,26.10035479,-80.40024422
1237,2025-01-21 7:08:00,26.10155439,-80.401406
1238,2025-01-21 7:30:00,26.10231531,-80.40057102
1239,2025-01-21 7:59:00,26.09965117,-80.3992085
1240,2025-01-21 8:29:00,26.11568814,-80.15954576
1241,2025-01-21 8:48:00,26.10151864,-80.38200339
1242,2025-01-21 8:53:00,26.10524746,-80.28412203
1243,2025-01-21 9:04:00,26.12119391,-80.1385983
1244,2025-01-21 9:29:00,26.12293498,-80.13917721
1245,2025-01-21 9:55:00,26.12289348,-80.13891783
1246,2025-01-21 10:17:00,26.12125502,-80.13661602
1247,2025-01-21 10:40:00,26.12208755,-80.13641314
1248,2025-01-21 10:58:00,26.12330726,-80.13855962
1249,2025-01-21 11:14:00,26.12084471,-80.13867386
1250,2025-01-21 11:25:00,26.12364896,-80.13813576
1251,2025-01-21 11:45:00,26.12223118,-80.13553838
1252,2025-01-21 12:09:00,26.12101769,-80.13859867
1253,2025-01-21 12:20:00,26.12070221,-80.13863476
1254,2025-01-21 12:42:00,26.12232213,-80.13763772
1255,2025-01-21 12:49:00,26.12401158,-80.13719791
1256,2025-01-21 12:59:00,26.1239905,-80.13819625
1257,2025-01-21 13:06:00,26.12382833,-80.13603697
1258,2025-01-21 13:20:00,26.12129897,-80.13577561
1259,2025-01-21 13:37:00,26.12079187,-80.13680287
1260,2025-01-21 13:54:00,26.12251519,-80.13774674
1261,2025-01-21 14:11:00,26.12071381,-80.13802321
1262,2025-01-21 14:20:00,26.12203031,-80.1366292
1263,2025-01-21 14:44:00,26.12372671,-80.1377548
1264,2025-01-21 15:02:00,26.12346152,-80.1386102
1265,2025-01-21 15:31:00,26.1224422,-80.13587176
1266,2025-01-21 15:54:00,26.12081652,-80.13636364
1267,2025-01-21 16:11:00,25.24030402,-79.13818778
1268,2025-01-21 16:37:00,26.12381967,-80.13855575
1269,2025-01-21 16:50:00,26.1242631,-80.13813436
1270,2025-01-21 17:18:00,26.11468136,-80.24130169
1271,2025-01-21 17:43:00,26.08521017,-80.26790678
1272,2025-01-21 18:04:00,26.08122745,-80.28194728
1273,2025-01-21 18:23:00,26.08026149,-80.27900008
1274,2025-01-21 18:29:00,26.07927602,-80.27894002
1275,2025-01-21 18:59:00,26.0797142,-80.27959625
1276,2025-01-21 19:29:00,26.0828329,-80.28190449
1277,2025-01-21 19:51:00,26.08234676,-80.28185514
1278,2025-01-21 19:59:00,26.07916878,-80.28162925
1279,2025-01-21 20:05:00,26.09841669,-80.3999957
1280,2025-01-21 20:19:00,26.10091547,-80.40091969
1281,2025-01-21 20:33:00,26.09908629,-80.39871074
1282,2025-01-21 20:38:00,26.10060514,-80.39968046
1283,2025-01-21 21:07:00,26.09999264,-80.40014072
1284,2025-01-21 21:16:00,26.09885978,-80.39820386
1285,2025-01-21 21:29:00,26.10139256,-80.39928284
1286,2025-01-21 21:38:00,26.10218975,-80.40011589
1287,2025-01-21 21:54:00,26.09873861,-80.3979265
1288,2025-01-21 22:16:00,26.09881637,-80.40137282
1289,2025-01-21 22:26:00,26.10166287,-80.40169783
1290,2025-01-21 22:33:00,26.10171532,-80.40102959
1291,2025-01-21 22:43:00,26.1014724,-80.39901327
1292,2025-01-21 23:03:00,26.10105298,-80.40041022
1293,2025-01-21 23:30:00,26.09947424,-80.40123566
1294,2025-01-21 23:55:00,26.10007522,-80.40080306
1295,2025-01-22 0:14:00,26.09946802,-80.40059928
1296,2025-01-22 0:42:00,26.1013336,-80.40179241
1297,2025-01-22 1:07:00,26.10044904,-80.39808138
1298,2025-01-22 1:33:00,26.09889784,-80.40071867
1299,2025-01-22 1:44:00,26.10097361,-80.39809022
1300,2025-01-22 2:13:00,26.10164628,-80.40092113
1301,2025-01-22 2:26:00,26.10135845,-80.39967477
1302,2025-01-22 2:41:00,26.10224995,-80.39848941
1303,2025-01-22 2:59:00,26.10192789,-80.39959523
1304,2025-01-22 3:05:00,26.10220351,-80.39813107
1305,2025-01-22 3:16:00,26.10054472,-80.39813213
1306,2025-01-22 3:23:00,26.09994203,-80.40091522
1307,2025-01-22 3:42:00,26.09920368,-80.39855689
1308,2025-01-22 4:08:00,26.09937493,-80.40127356
1309,2025-01-22 4:21:00,26.10069193,-80.39891924
1310,2025-01-22 4:37:00,26.09921442,-80.40016642
1311,2025-01-22 5:06:00,26.09907299,-80.39950109
1312,2025-01-22 5:25:00,26.100002,-80.39850711
1313,2025-01-22 5:48:00,26.10131618,-80.40064957
1314,2025-01-22 6:03:00,26.09971998,-80.3998909
1315,2025-01-22 6:25:00,26.10135896,-80.40123239
1316,2025-01-22 6:39:00,26.10123219,-80.40059841
1317,2025-01-22 6:44:00,26.09870284,-80.39789823
1318,2025-01-22 6:56:00,26.10172304,-80.40091072
1319,2025-01-22 7:13:00,26.10134739,-80.39929152
1320,2025-01-22 7:41:00,26.10067091,-80.40075542
1321,2025-01-22 7:52:00,26.09887003,-80.39908027
1322,2025-01-22 8:06:00,26.1224,-80.26187627
1323,2025-01-22 8:11:00,26.10151864,-80.23963051
1324,2025-01-22 8:30:00,26.11195932,-80.29746949
1325,2025-01-22 8:55:00,26.10487458,-80.36420678
1326,2025-01-22 9:10:00,26.12259909,-80.13680482
1327,2025-01-22 9:20:00,26.12333546,-80.13878017
1328,2025-01-22 9:44:00,26.12118643,-80.13630662
1329,2025-01-22 9:56:00,26.12293521,-80.13626482
1330,2025-01-22 10:13:00,26.12428926,-80.13920163
1331,2025-01-22 10:19:00,26.12133999,-80.13615752
1332,2025-01-22 10:37:00,26.1232682,-80.13741118
1333,2025-01-22 10:46:00,26.12236513,-80.13618055
1334,2025-01-22 11:03:00,26.12363958,-80.13793411
1335,2025-01-22 11:25:00,26.12115578,-80.13674871
1336,2025-01-22 11:54:00,26.1238477,-80.13922284
1337,2025-01-22 12:07:00,26.12377183,-80.13719923
1338,2025-01-22 12:33:00,26.12430611,-80.1365232
1339,2025-01-22 12:53:00,26.12369624,-80.13905699
1340,2025-01-22 13:08:00,26.1234574,-80.13735579
1341,2025-01-22 13:26:00,26.12363922,-80.13900131
1342,2025-01-22 13:51:00,26.12222372,-80.13605256
1343,2025-01-22 14:00:00,26.12253564,-80.13778412
1344,2025-01-22 14:30:00,26.12414788,-80.13796566
1345,2025-01-22 14:48:00,26.12225283,-80.13830847
1346,2025-01-22 14:56:00,26.1241658,-80.13583484
1347,2025-01-22 15:26:00,26.12124353,-80.13904942
1348,2025-01-22 15:40:00,26.12351482,-80.13682944
1349,2025-01-22 15:54:00,26.12302714,-80.13814546
1350,2025-01-22 16:15:00,26.12366201,-80.13643334
1351,2025-01-22 16:30:00,26.12338227,-80.1356541
1352,2025-01-22 16:50:00,26.12099184,-80.13576091
1353,2025-01-22 17:14:00,26.09152542,-80.24130169
1354,2025-01-22 17:39:00,26.08942034,-80.16632373
1355,2025-01-22 18:04:00,26.08186835,-80.28193006
1356,2025-01-22 18:25:00,26.07936288,-80.279866
1357,2025-01-22 18:31:00,26.08130881,-80.28070673
1358,2025-01-22 18:47:00,26.08138868,-80.27972658
1359,2025-01-22 19:10:00,26.07996401,-80.27844443
1360,2025-01-22 19:29:00,26.08257522,-80.27918782
1361,2025-01-22 19:51:00,26.07997033,-80.28136595
1362,2025-01-22 19:58:00,26.08006925,-80.27867517
1363,2025-01-22 20:13:00,26.10047563,-80.39952784
1364,2025-01-22 20:37:00,26.10180325,-80.40048913
1365,2025-01-22 20:44:00,26.10134902,-80.40176033
1366,2025-01-22 20:51:00,26.10017181,-80.39874984
1367,2025-01-22 21:02:00,26.10045821,-80.39872284
1368,2025-01-22 21:23:00,26.10146518,-80.39818161
1369,2025-01-22 21:47:00,26.10137516,-80.39815932
1370,2025-01-22 22:00:00,26.10122868,-80.39902254
1371,2025-01-22 22:17:00,26.10086744,-80.40006677
1372,2025-01-22 22:22:00,26.10070179,-80.39948078
1373,2025-01-22 22:33:00,26.09917536,-80.40058551
1374,2025-01-22 22:47:00,26.09892406,-80.39894488
1375,2025-01-22 22:56:00,26.1002538,-80.39840763
1376,2025-01-22 23:07:00,26.10186217,-80.40016474
1377,2025-01-22 23:21:00,26.10070599,-80.39954029
1378,2025-01-22 23:28:00,26.09883788,-80.39822855
1379,2025-01-22 23:38:00,26.09862757,-80.40101021
1380,2025-01-22 23:48:00,26.10196996,-80.39836653
1381,2025-01-23 0:09:00,26.09999656,-80.39946413
1382,2025-01-23 0:30:00,26.09953897,-80.40060202
1383,2025-01-23 0:38:00,26.09889967,-80.40154274
1384,2025-01-23 1:00:00,26.10048006,-80.40021799
1385,2025-01-23 1:22:00,26.09876064,-80.39851025
1386,2025-01-23 1:41:00,26.10006179,-80.39793685
1387,2025-01-23 2:02:00,26.09882316,-80.39993593
1388,2025-01-23 2:13:00,26.09840148,-80.39859779
1389,2025-01-23 2:23:00,26.10155202,-80.39787895
1390,2025-01-23 2:42:00,26.10091303,-80.39952274
1391,2025-01-23 2:53:00,26.10199403,-80.39997461
1392,2025-01-23 3:02:00,26.09848452,-80.3998084
1393,2025-01-23 3:13:00,26.10201928,-80.39985283
1394,2025-01-23 3:21:00,26.10029067,-80.40163595
1395,2025-01-23 3:49:00,26.10136612,-80.40032876
1396,2025-01-23 4:00:00,26.0996685,-80.39997489
1397,2025-01-23 4:14:00,26.09975473,-80.40117854
1398,2025-01-23 4:28:00,26.10068048,-80.40160599
1399,2025-01-23 4:33:00,26.10094881,-80.40033801
1400,2025-01-23 5:03:00,26.1005472,-80.39964732
1401,2025-01-23 5:21:00,26.09854486,-80.39996282
1402,2025-01-23 5:36:00,26.10160423,-80.39896978
1403,2025-01-23 5:54:00,26.1017494,-80.39974374
1404,2025-01-23 6:17:00,26.09998826,-80.40074272
1405,2025-01-23 6:26:00,26.09919815,-80.39951443
1406,2025-01-23 6:32:00,26.09912674,-80.39818998
1407,2025-01-23 6:51:00,26.10168725,-80.40166127
1408,2025-01-23 7:01:00,26.10075717,-80.3995319
1409,2025-01-23 7:29:00,26.10150378,-80.39889561
1410,2025-01-23 7:36:00,26.1020155,-80.39954774
1411,2025-01-23 8:01:00,26.10301017,-80.26632542
1412,2025-01-23 8:12:00,26.10860339,-80.19958814
1413,2025-01-23 8:27:00,26.11419661,-80.28857119
1414,2025-01-23 8:46:00,26.11494237,-80.17289322
1415,2025-01-23 9:08:00,26.12297444,-80.13682022
1416,2025-01-23 9:20:00,26.12161163,-80.13617804
1417,2025-01-23 9:33:00,26.12221833,-80.1391658
1418,2025-01-23 9:42:00,26.1236786,-80.13638902
1419,2025-01-23 10:01:00,26.12318784,-80.13639565
1420,2025-01-23 10:24:00,26.12382139,-80.13628109
1421,2025-01-23 10:31:00,26.12386236,-80.13676264
1422,2025-01-23 10:58:00,26.12270576,-80.13678431
1423,2025-01-23 11:04:00,26.12233154,-80.13679809
1424,2025-01-23 11:18:00,26.12240779,-80.13775389
1425,2025-01-23 11:32:00,26.12404425,-80.13884154
1426,2025-01-23 11:55:00,26.12347218,-80.13929979
1427,2025-01-23 12:02:00,26.12374537,-80.13781094
1428,2025-01-23 12:14:00,26.12051691,-80.13793201
1429,2025-01-23 12:41:00,26.12339782,-80.13655128
1430,2025-01-23 12:49:00,26.12327452,-80.13811187
1431,2025-01-23 13:17:00,26.12249066,-80.13611351
1432,2025-01-23 13:47:00,26.12112916,-80.13831626
1433,2025-01-23 14:05:00,26.12261668,-80.13581113
1434,2025-01-23 14:28:00,26.12134235,-80.13888777
1435,2025-01-23 14:45:00,26.12392252,-80.13841876
1436,2025-01-23 14:56:00,26.12387511,-80.13584196
1437,2025-01-23 15:16:00,26.12273573,-80.13598933
1438,2025-01-23 15:37:00,26.12420571,-80.13876855
1439,2025-01-23 15:58:00,26.12216305,-80.13867262
1440,2025-01-23 16:12:00,26.12162215,-80.13859477
1441,2025-01-23 16:29:00,26.12102212,-80.13738758
1442,2025-01-23 16:39:00,26.12316924,-80.13554216
1443,2025-01-23 16:47:00,26.12141987,-80.13561995
1444,2025-01-23 17:07:00,26.081,-80.19292881
1445,2025-01-23 17:24:00,26.09363051,-80.18083559
1446,2025-01-23 17:49:00,26.09152542,-80.19534746
1447,2025-01-23 18:01:00,26.08287228,-80.28012567
1448,2025-01-23 18:26:00,26.08170652,-80.2789281
1449,2025-01-23 18:42:00,26.0821741,-80.27819171
1450,2025-01-23 19:08:00,26.08000714,-80.28163164
1451,2025-01-23 19:33:00,26.08101823,-80.27992956
1452,2025-01-23 19:52:00,26.08147224,-80.2803866
1453,2025-01-23 20:09:00,26.09976806,-80.39845155
1454,2025-01-23 20:39:00,26.09997378,-80.40171521
1455,2025-01-23 20:46:00,26.09929369,-80.39830312
1456,2025-01-23 21:09:00,26.09864894,-80.39978109
1457,2025-01-23 21:16:00,26.10103105,-80.40013818
1458,2025-01-23 21:42:00,26.10058533,-80.3998647
1459,2025-01-23 22:00:00,26.0998105,-80.39876465
1460,2025-01-23 22:28:00,25.60905729,-80.95988271
1461,2025-01-23 22:33:00,26.09926475,-80.3982839
1462,2025-01-23 23:03:00,26.09853665,-80.39822316
1463,2025-01-23 23:24:00,26.10007789,-80.39839876
1464,2025-01-23 23:31:00,26.0992123,-80.40020594
1465,2025-01-23 23:48:00,26.09851197,-80.3999699
1466,2025-01-24 0:01:00,26.10217882,-80.40162798
1467,2025-01-24 0:18:00,26.10184449,-80.40112785
1468,2025-01-24 0:39:00,26.10061821,-80.4005494
1469,2025-01-24 1:05:00,26.09994796,-80.40061272
1470,2025-01-24 1:15:00,26.10041516,-80.3991598
1471,2025-01-24 1:22:00,26.10126497,-80.39852117
1472,2025-01-24 1:30:00,26.10075699,-80.40074188
1473,2025-01-24 1:55:00,26.09937779,-80.40108109
1474,2025-01-24 2:11:00,26.09983501,-80.39927559
1475,2025-01-24 2:38:00,26.10200035,-80.4017786
1476,2025-01-24 2:50:00,26.09963332,-80.39948298
1477,2025-01-24 3:07:00,26.0999224,-80.3993607
1478,2025-01-24 3:29:00,26.09867145,-80.39894479
1479,2025-01-24 3:45:00,26.09844986,-80.39932207
1480,2025-01-24 4:07:00,26.10024085,-80.39928488
1481,2025-01-24 4:13:00,26.10079478,-80.40143991
1482,2025-01-24 4:29:00,26.09920045,-80.39788537
1483,2025-01-24 4:43:00,26.09855185,-80.40034013
1484,2025-01-24 5:03:00,26.10055567,-80.40152598
1485,2025-01-24 5:20:00,26.09925704,-80.40179411
1486,2025-01-24 5:35:00,26.09850397,-80.39876042
1487,2025-01-24 5:56:00,26.10195574,-80.39861453
1488,2025-01-24 6:19:00,26.09944223,-80.39925034
1489,2025-01-24 6:26:00,26.10145634,-80.39864458
1490,2025-01-24 6:35:00,26.10181403,-80.40099423
1491,2025-01-24 7:03:00,26.1008315,-80.40006857
1492,2025-01-24 7:29:00,26.10068594,-80.3990836
1493,2025-01-24 7:53:00,26.09908288,-80.40092739
1494,2025-01-24 8:04:00,26.1004,-80.19958814
1495,2025-01-24 8:19:00,26.10860339,-80.36420678
1496,2025-01-24 8:29:00,26.11270508,-80.19068983
1497,2025-01-24 8:50:00,26.10711186,-80.28857119
1498,2025-01-24 9:08:00,26.12265317,-80.13858339
1499,2025-01-24 9:29:00,26.12280538,-80.13705378
1500,2025-01-24 9:37:00,26.12420428,-80.13822944
1501,2025-01-24 9:52:00,26.12362696,-80.13828415
1502,2025-01-24 10:12:00,26.12097133,-80.13647514
1503,2025-01-24 10:32:00,26.12303114,-80.13884799
1504,2025-01-24 10:37:00,26.12225028,-80.13899265
1505,2025-01-24 10:55:00,26.12280921,-80.13646465
1506,2025-01-24 11:16:00,26.12139096,-80.13899134
1507,2025-01-24 11:22:00,26.12220001,-80.1384319
1508,2025-01-24 11:38:00,26.12228576,-80.13878975
1509,2025-01-24 11:59:00,26.12308476,-80.13634289
1510,2025-01-24 12:18:00,26.12252184,-80.13559772
1511,2025-01-24 12:34:00,26.12245749,-80.13606
1512,2025-01-24 13:02:00,26.12432333,-80.13579386
1513,2025-01-24 13:13:00,26.12346906,-80.13723455
1514,2025-01-24 13:26:00,26.12280727,-80.1390942
1515,2025-01-24 13:54:00,26.1211909,-80.13683637
1516,2025-01-24 14:09:00,26.12405447,-80.13783372
1517,2025-01-24 14:15:00,26.12195762,-80.13697979
1518,2025-01-24 14:45:00,26.12294504,-80.13547646
1519,2025-01-24 15:15:00,26.12419395,-80.13596676
1520,2025-01-24 15:42:00,26.12359443,-80.13689493
1521,2025-01-24 15:47:00,26.12278388,-80.13707921
1522,2025-01-24 15:57:00,26.12277861,-80.13798856
1523,2025-01-24 16:25:00,26.12432776,-80.13585539
1524,2025-01-24 16:48:00,26.12065192,-80.13789008
1525,2025-01-24 17:00:00,26.0943322,-80.1373
1526,2025-01-24 17:23:00,26.11538305,-80.2582322
1527,2025-01-24 17:32:00,26.11257627,-80.22195254
1528,2025-01-24 17:51:00,26.09994576,-80.15664915
1529,2025-01-24 18:12:00,26.07949905,-80.27813533
1530,2025-01-24 18:27:00,26.08129674,-80.27935679
1531,2025-01-24 18:49:00,26.08061513,-80.27950896
1532,2025-01-24 18:57:00,26.07960137,-80.28154622
1533,2025-01-24 19:18:00,26.08169865,-80.28129393
1534,2025-01-24 19:25:00,26.07936565,-80.27947185
1535,2025-01-24 19:47:00,26.08262394,-80.27903549
1536,2025-01-24 20:08:00,26.10173598,-80.39791323
1537,2025-01-24 20:31:00,26.10063035,-80.4006366
1538,2025-01-24 20:53:00,26.09885119,-80.40051273
1539,2025-01-24 21:08:00,26.10047017,-80.40099867
1540,2025-01-24 21:14:00,26.09993946,-80.40002948
1541,2025-01-24 21:34:00,26.09901721,-80.39909589
1542,2025-01-24 21:46:00,26.10000875,-80.39801512
1543,2025-01-24 22:16:00,26.09945498,-80.4016259
1544,2025-01-24 22:42:00,26.09871666,-80.39797227
1545,2025-01-24 22:52:00,26.09886405,-80.39867132
1546,2025-01-24 23:07:00,26.10101383,-80.40061349
1547,2025-01-24 23:34:00,26.09957575,-80.40035047
1548,2025-01-24 23:56:00,26.09924716,-80.39979407
1549,2025-01-25 0:07:00,26.09865964,-80.40147119
1550,2025-01-25 0:19:00,26.1010918,-80.39970206
1551,2025-01-25 0:35:00,26.09911474,-80.39880572
1552,2025-01-25 0:59:00,26.10087493,-80.4005349
1553,2025-01-25 1:06:00,26.09976188,-80.40164866
1554,2025-01-25 1:11:00,26.10147724,-80.40015588
1555,2025-01-25 1:16:00,26.10115606,-80.3997311
1556,2025-01-25 1:24:00,26.09889659,-80.40090383
1557,2025-01-25 1:50:00,26.10220603,-80.39818732
1558,2025-01-25 2:12:00,26.09885727,-80.39810164
1559,2025-01-25 2:42:00,26.09852059,-80.39904984
1560,2025-01-25 2:50:00,26.10037638,-80.40154153
1561,2025-01-25 3:09:00,26.09877306,-80.39980718
1562,2025-01-25 3:37:00,26.10000313,-80.39814196
1563,2025-01-25 3:51:00,26.09876063,-80.39849837
1564,2025-01-25 3:56:00,26.09994421,-80.40069327
1565,2025-01-25 4:04:00,26.10075954,-80.40170947
1566,2025-01-25 4:29:00,26.09976718,-80.40160593
1567,2025-01-25 4:40:00,26.10093472,-80.40128827
1568,2025-01-25 4:49:00,26.0996497,-80.3986788
1569,2025-01-25 5:19:00,26.09921513,-80.39949217
1570,2025-01-25 5:24:00,26.10221206,-80.39917816
1571,2025-01-25 5:33:00,26.09852326,-80.40065347
1572,2025-01-25 5:52:00,26.1008202,-80.400076
1573,2025-01-25 6:22:00,26.10150767,-80.39992752
1574,2025-01-25 6:27:00,26.09846269,-80.40063202
1575,2025-01-25 6:35:00,26.09959004,-80.39860412
1576,2025-01-25 6:46:00,26.10037008,-80.39873275
1577,2025-01-25 6:54:00,26.0990223,-80.40170241
1578,2025-01-25 7:01:00,26.10201022,-80.4008839
1579,2025-01-25 7:27:00,26.10115896,-80.40060279
1580,2025-01-25 7:42:00,26.10032858,-80.39907034
1581,2025-01-25 8:06:00,26.10174699,-80.39795201
1582,2025-01-25 8:16:00,26.10011497,-80.39843523
1583,2025-01-25 8:38:00,26.10081582,-80.39975719
1584,2025-01-25 8:53:00,26.10059937,-80.3984436
1585,2025-01-25 9:10:00,26.10211007,-80.40065283
1586,2025-01-25 9:38:00,26.10102242,-80.39955358
1587,2025-01-25 9:57:00,26.10159571,-80.40171592
1588,2025-01-25 10:23:00,26.08186496,-80.28123252
1589,2025-01-25 10:51:00,26.08001493,-80.28161168
1590,2025-01-25 10:56:00,26.08229949,-80.28110013
1591,2025-01-25 11:03:00,26.0818123,-80.27960673
1592,2025-01-25 11:08:00,26.08104135,-80.28071156
1593,2025-01-25 11:18:00,26.08161723,-80.27853825
1594,2025-01-25 11:46:00,26.08150764,-80.2801861
1595,2025-01-25 11:51:00,26.08055715,-80.27802033
1596,2025-01-25 12:08:00,26.10212521,-80.39802051
1597,2025-01-25 12:26:00,26.10037755,-80.39876559
1598,2025-01-25 12:32:00,26.09940804,-80.39852969
1599,2025-01-25 13:02:00,26.09876646,-80.39782625
1600,2025-01-25 13:25:00,26.1017338,-80.40121233
1601,2025-01-25 13:30:00,26.10049716,-80.39835055
1602,2025-01-25 13:45:00,26.0987408,-80.40072688
1603,2025-01-25 14:05:00,26.09912838,-80.40135206
1604,2025-01-25 14:33:00,26.09953492,-80.40037068
1605,2025-01-25 14:41:00,26.10115625,-80.39981067
1606,2025-01-25 14:57:00,26.10140994,-80.39933217
1607,2025-01-25 15:14:00,26.09906919,-80.40128665
1608,2025-01-25 15:34:00,26.09926987,-80.39873215
1609,2025-01-25 15:46:00,26.09864936,-80.40178269
1610,2025-01-25 15:54:00,26.10094566,-80.39849784
1611,2025-01-25 16:10:00,26.1020489,-80.39925942
1612,2025-01-25 16:29:00,26.10112009,-80.39810454
1613,2025-01-25 16:56:00,26.10237737,-80.39944246
1614,2025-01-25 17:18:00,26.09958513,-80.40062539
1615,2025-01-25 17:29:00,26.10009442,-80.39862745
1616,2025-01-25 17:59:00,26.10177981,-80.40086983
1617,2025-01-25 18:23:00,26.10075762,-80.40139608
1618,2025-01-25 18:43:00,26.10198373,-80.40131146
1619,2025-01-25 19:03:00,26.09857417,-80.40054507
1620,2025-01-25 19:32:00,26.09968541,-80.39969119
1621,2025-01-25 19:54:00,26.10165961,-80.40164628
1622,2025-01-25 20:22:00,26.1015485,-80.39878042
1623,2025-01-25 20:33:00,26.100004,-80.39838233
1624,2025-01-25 21:02:00,26.09968204,-80.40178135
1625,2025-01-25 21:28:00,26.10174869,-80.39936796
1626,2025-01-25 21:41:00,26.09843113,-80.39783793
1627,2025-01-25 22:01:00,26.10119662,-80.4015055
1628,2025-01-25 22:20:00,26.09876973,-80.39800305
1629,2025-01-25 22:32:00,26.10094261,-80.40146557
1630,2025-01-25 22:56:00,26.09856358,-80.40123785
1631,2025-01-25 23:17:00,26.09857301,-80.40121904
1632,2025-01-25 23:24:00,26.10198986,-80.39895796
1633,2025-01-25 23:32:00,26.09923695,-80.40176662
1634,2025-01-25 23:43:00,26.10069342,-80.40018146
1635,2025-01-26 0:11:00,26.09840687,-80.40165291
1636,2025-01-26 0:35:00,26.101971,-80.40069668
1637,2025-01-26 0:50:00,26.10100941,-80.39780922
1638,2025-01-26 1:05:00,26.1014263,-80.39841292
1639,2025-01-26 1:34:00,26.10090176,-80.4012677
1640,2025-01-26 2:02:00,26.09895593,-80.39803834
1641,2025-01-26 2:26:00,26.10028571,-80.40152178
1642,2025-01-26 2:52:00,26.10033005,-80.39793877
1643,2025-01-26 3:19:00,26.10162905,-80.40090448
1644,2025-01-26 3:37:00,26.10157475,-80.40177445
1645,2025-01-26 3:43:00,26.10165167,-80.40109079
1646,2025-01-26 3:48:00,26.09962818,-80.40155763
1647,2025-01-26 4:05:00,26.10087514,-80.40007533
1648,2025-01-26 4:32:00,26.09861406,-80.39882433
1649,2025-01-26 4:42:00,26.09852487,-80.40027043
1650,2025-01-26 4:53:00,26.09885439,-80.39834842
1651,2025-01-26 5:11:00,26.10036113,-80.39982276
1652,2025-01-26 5:29:00,26.09952992,-80.40100119
1653,2025-01-26 5:57:00,26.10239704,-80.40175432
1654,2025-01-26 6:21:00,26.09854105,-80.40023049
1655,2025-01-26 6:26:00,26.10038265,-80.40064267
1656,2025-01-26 6:42:00,26.09883139,-80.40043934
1657,2025-01-26 6:54:00,26.09986338,-80.39919281
1658,2025-01-26 7:08:00,26.1009404,-80.3983792
1659,2025-01-26 7:16:00,26.09863416,-80.39790127
1660,2025-01-26 7:25:00,26.10082338,-80.39789488
1661,2025-01-26 7:41:00,26.09896581,-80.40161749
1662,2025-01-26 7:48:00,26.10003614,-80.39800307
1663,2025-01-26 8:16:00,26.09873935,-80.39844139
1664,2025-01-26 8:22:00,26.10226766,-80.40072721
1665,2025-01-26 8:41:00,26.09932999,-80.39912635
1666,2025-01-26 9:01:00,26.87576938,-80.2539557
1667,2025-01-26 9:19:00,26.09942058,-80.40068459
1668,2025-01-26 9:34:00,26.0999568,-80.39970586
1669,2025-01-26 9:45:00,26.10005148,-80.40031546
1670,2025-01-26 10:04:00,26.0817559,-80.27921454
1671,2025-01-26 10:14:00,26.08088381,-80.28196457
1672,2025-01-26 10:22:00,26.0804009,-80.28184553
1673,2025-01-26 10:28:00,26.07928782,-80.28001151
1674,2025-01-26 10:41:00,26.08030062,-80.2795733
1675,2025-01-26 10:47:00,26.08082836,-80.27858245
1676,2025-01-26 11:15:00,26.08098386,-80.28027733
1677,2025-01-26 11:30:00,26.08042747,-80.28118778
1678,2025-01-26 11:55:00,26.08108974,-80.28134225
1679,2025-01-26 12:14:00,26.09851211,-80.39789267
1680,2025-01-26 12:30:00,26.10211432,-80.40139237
1681,2025-01-26 12:36:00,26.10176572,-80.40069818
1682,2025-01-26 12:41:00,26.09926499,-80.39810661
1683,2025-01-26 13:02:00,26.10011013,-80.40171607
1684,2025-01-26 13:26:00,26.10210869,-80.40005246
1685,2025-01-26 13:51:00,26.10133228,-80.3992927
1686,2025-01-26 14:00:00,26.09859133,-80.39826022
1687,2025-01-26 14:12:00,26.10111878,-80.39794681
1688,2025-01-26 14:28:00,26.09848897,-80.40031013
1689,2025-01-26 14:39:00,26.8487792,-80.96392275
1690,2025-01-26 14:51:00,26.09948782,-80.39940306
1691,2025-01-26 15:14:00,26.10101554,-80.39868108
1692,2025-01-26 15:31:00,26.10120797,-80.40165607
1693,2025-01-26 15:52:00,26.09951126,-80.39865057
1694,2025-01-26 16:03:00,26.52454084,-81.08229107
1695,2025-01-26 16:08:00,26.09863236,-80.39977325
1696,2025-01-26 16:13:00,26.09946355,-80.40114235
1697,2025-01-26 16:33:00,26.10217748,-80.39921181
1698,2025-01-26 16:46:00,26.10108889,-80.39947661
1699,2025-01-26 16:58:00,26.10121641,-80.40055925
1700,2025-01-26 17:16:00,26.10112001,-80.39789074
1701,2025-01-26 17:39:00,26.10066737,-80.39824946
1702,2025-01-26 17:46:00,26.10012806,-80.39897036
1703,2025-01-26 18:10:00,26.10166698,-80.40076123
1704,2025-01-26 18:23:00,26.09971811,-80.39971407
1705,2025-01-26 18:39:00,26.10231667,-80.39982599
1706,2025-01-26 18:53:00,26.10025802,-80.39959021
1707,2025-01-26 19:07:00,26.10076693,-80.40172737
1708,2025-01-26 19:15:00,26.10194464,-80.40022425
1709,2025-01-26 19:26:00,26.09965166,-80.39903872
1710,2025-01-26 19:54:00,26.10197726,-80.40125119
1711,2025-01-26 20:08:00,26.10195245,-80.40000388
1712,2025-01-26 20:31:00,26.10064207,-80.40178706
1713,2025-01-26 20:37:00,26.10013349,-80.4008603
1714,2025-01-26 20:51:00,26.09895748,-80.39935067
1715,2025-01-26 20:58:00,26.10070981,-80.39803321
1716,2025-01-26 21:26:00,26.09987297,-80.40051371
1717,2025-01-26 21:45:00,26.09907382,-80.400846
1718,2025-01-26 21:58:00,26.09900303,-80.40120373
1719,2025-01-26 22:27:00,26.10052128,-80.40166596
1720,2025-01-26 22:35:00,26.10093183,-80.39847722
1721,2025-01-26 22:59:00,26.09983224,-80.39959941
1722,2025-01-26 23:10:00,26.10201304,-80.4000874
1723,2025-01-26 23:26:00,26.1005982,-80.4015175
1724,2025-01-26 23:47:00,26.10121793,-80.40062886
1725,2025-01-26 23:58:00,26.09978239,-80.39933009
1726,2025-01-27 0:23:00,26.10173142,-80.39940234
1727,2025-01-27 0:49:00,26.10019073,-80.39899598
1728,2025-01-27 1:05:00,26.10188215,-80.40166151
1729,2025-01-27 1:17:00,26.1006104,-80.39899937
1730,2025-01-27 1:41:00,26.10135212,-80.40079565
1731,2025-01-27 2:10:00,26.0992237,-80.40156703
1732,2025-01-27 2:37:00,26.10073113,-80.4011462
1733,2025-01-27 2:57:00,26.1006084,-80.39911425
1734,2025-01-27 3:20:00,26.10178797,-80.39813879
1735,2025-01-27 3:29:00,26.09903901,-80.3991822
1736,2025-01-27 3:59:00,26.10101497,-80.39903904
1737,2025-01-27 4:15:00,26.10037674,-80.40126823
1738,2025-01-27 4:28:00,26.10004752,-80.40007427
1739,2025-01-27 4:41:00,26.09953057,-80.40102743
1740,2025-01-27 5:04:00,26.10192253,-80.40107827
1741,2025-01-27 5:19:00,26.09970513,-80.40099159
1742,2025-01-27 5:27:00,26.10144484,-80.40151595
1743,2025-01-27 5:52:00,26.10030883,-80.39828793
1744,2025-01-27 5:57:00,26.10012618,-80.40049911
1745,2025-01-27 6:20:00,26.09926285,-80.40015866
1746,2025-01-27 6:34:00,26.10088529,-80.39944619
1747,2025-01-27 7:00:00,26.10150742,-80.39864741
1748,2025-01-27 7:06:00,26.10194306,-80.40063003
1749,2025-01-27 7:12:00,26.09999523,-80.39983851
1750,2025-01-27 7:30:00,26.09909553,-80.39866607
1751,2025-01-27 7:48:00,26.10004627,-80.39801486
1752,2025-01-27 8:01:00,26.12165424,-80.27077458
1753,2025-01-27 8:13:00,26.10263729,-80.19958814
1754,2025-01-27 8:32:00,26.1104678,-80.32416441
1755,2025-01-27 8:56:00,26.1164339,-80.19958814
1756,2025-01-27 9:13:00,26.12284079,-80.13848341
1757,2025-01-27 9:30:00,26.12227975,-80.13855879
1758,2025-01-27 9:42:00,26.12271744,-80.13577889
1759,2025-01-27 9:52:00,26.12353588,-80.13713351
1760,2025-01-27 10:17:00,26.12269479,-80.13586243
1761,2025-01-27 10:35:00,26.12092977,-80.13645208
1762,2025-01-27 10:49:00,26.12061028,-80.13765644
1763,2025-01-27 11:01:00,26.12229513,-80.13797332
1764,2025-01-27 11:27:00,26.12332461,-80.13597842
1765,2025-01-27 11:41:00,26.12392588,-80.13597786
1766,2025-01-27 11:58:00,26.12073992,-80.1359605
1767,2025-01-27 12:26:00,26.12255229,-80.13889618
1768,2025-01-27 12:36:00,26.12424837,-80.13710998
1769,2025-01-27 13:03:00,26.12080544,-80.13869288
1770,2025-01-27 13:30:00,26.1217036,-80.13555782
1771,2025-01-27 13:41:00,26.12219008,-80.13584883
1772,2025-01-27 13:50:00,26.1243628,-80.13760392
1773,2025-01-27 13:55:00,26.12430126,-80.13626348
1774,2025-01-27 14:25:00,26.12080089,-80.13663771
1775,2025-01-27 14:36:00,26.12289694,-80.13879502
1776,2025-01-27 14:43:00,26.12264688,-80.13615122
1777,2025-01-27 14:54:00,26.12264637,-80.13886824
1778,2025-01-27 15:17:00,25.56773949,-79.86826586
1779,2025-01-27 15:22:00,26.12398932,-80.13808369
1780,2025-01-27 15:32:00,26.12297568,-80.13848157
1781,2025-01-27 15:47:00,26.12288394,-80.13906877
1782,2025-01-27 15:52:00,26.12402774,-80.13766239
1783,2025-01-27 16:02:00,26.12054802,-80.13588373
1784,2025-01-27 16:15:00,26.12362014,-80.13644386
1785,2025-01-27 16:39:00,26.12191923,-80.13913703
1786,2025-01-27 16:53:00,25.97491616,-80.0935445
1787,2025-01-27 17:22:00,26.11818983,-80.20260339
1788,2025-01-27 17:30:00,26.11818983,-80.18325424
1789,2025-01-27 17:41:00,26.10345424,-80.27032542
1790,2025-01-27 17:58:00,26.08942034,-80.25097627
1791,2025-01-27 18:09:00,26.0809281,-80.27921056
1792,2025-01-27 18:15:00,26.08199422,-80.28035612
1793,2025-01-27 18:41:00,26.08086251,-80.27994771
1794,2025-01-27 19:06:00,26.07973317,-80.27825083
1795,2025-01-27 19:24:00,26.08117479,-80.27809401
1796,2025-01-27 19:39:00,26.07964312,-80.2818735
1797,2025-01-27 20:07:00,26.09885704,-80.4010366
1798,2025-01-27 20:34:00,26.09889989,-80.40040982
1799,2025-01-27 20:50:00,26.09866774,-80.3983821
1800,2025-01-27 21:01:00,26.10054864,-80.40099461
1801,2025-01-27 21:23:00,26.09975381,-80.40149136
1802,2025-01-27 21:30:00,26.09858282,-80.40045384
1803,2025-01-27 21:51:00,26.10175593,-80.40011652
1804,2025-01-27 22:20:00,26.10059645,-80.39898711
1805,2025-01-27 22:36:00,26.09908153,-80.39995305
1806,2025-01-27 23:06:00,26.10041212,-80.40059355
1807,2025-01-27 23:32:00,26.10191416,-80.39987894
1808,2025-01-27 23:48:00,26.09840902,-80.40031913
1809,2025-01-28 0:16:00,26.10083634,-80.40098629
1810,2025-01-28 0:23:00,26.09897339,-80.39846071
1811,2025-01-28 0:39:00,26.1010113,-80.40120493
1812,2025-01-28 0:57:00,26.10006118,-80.4014098
1813,2025-01-28 1:16:00,26.10124124,-80.40033911
1814,2025-01-28 1:25:00,26.10011468,-80.40075996
1815,2025-01-28 1:39:00,26.0988353,-80.39890567
1816,2025-01-28 1:58:00,26.10027107,-80.39863492
1817,2025-01-28 2:15:00,26.10091468,-80.40046154
1818,2025-01-28 2:24:00,26.10133235,-80.4008661
1819,2025-01-28 2:43:00,26.0989364,-80.39845145
1820,2025-01-28 2:58:00,26.098479,-80.39812516
1821,2025-01-28 3:07:00,26.09998618,-80.39938735
1822,2025-01-28 3:25:00,26.10120238,-80.40097489
1823,2025-01-28 3:54:00,26.10079879,-80.3983857
1824,2025-01-28 4:02:00,26.10033149,-80.40092369
1825,2025-01-28 4:14:00,26.09963776,-80.40169744
1826,2025-01-28 4:40:00,26.10187033,-80.40020408
1827,2025-01-28 5:03:00,26.09856634,-80.39846403
1828,2025-01-28 5:29:00,26.10029809,-80.39969297
1829,2025-01-28 5:54:00,26.10215606,-80.39845054
1830,2025-01-28 6:19:00,26.09943814,-80.40003736
1831,2025-01-28 6:44:00,26.09869307,-80.40160507
1832,2025-01-28 7:03:00,26.10049105,-80.3988452
1833,2025-01-28 7:30:00,26.09914887,-80.3996554
1834,2025-01-28 7:52:00,26.1013554,-80.40103952
1835,2025-01-28 8:20:00,26.11158644,-80.2218339
1836,2025-01-28 8:26:00,26.12128136,-80.32861356
1837,2025-01-28 8:33:00,26.10301017,-80.27522373
1838,2025-01-28 8:44:00,26.10823051,-80.16399492
1839,2025-01-28 9:11:00,26.12309995,-80.13713027
1840,2025-01-28 9:31:00,26.12200332,-80.13592934
1841,2025-01-28 9:52:00,26.12231774,-80.13887704
1842,2025-01-28 10:01:00,26.12080148,-80.13856254
1843,2025-01-28 10:23:00,26.12066807,-80.13584345
1844,2025-01-28 10:50:00,26.12288364,-80.13618764
1845,2025-01-28 10:58:00,26.12122283,-80.13650042
1846,2025-01-28 11:13:00,26.12293564,-80.13797285
1847,2025-01-28 11:29:00,26.1236332,-80.13604613
1848,2025-01-28 11:51:00,26.12317532,-80.13766417
1849,2025-01-28 12:04:00,26.12219796,-80.13918829
1850,2025-01-28 12:23:00,26.12283462,-80.13929755
1851,2025-01-28 12:32:00,26.12399704,-80.1368134
1852,2025-01-28 12:48:00,26.12192256,-80.13638604
1853,2025-01-28 13:05:00,26.75622629,-80.84044904
1854,2025-01-28 13:30:00,26.12100791,-80.13709071
1855,2025-01-28 13:58:00,26.12288176,-80.13599905
1856,2025-01-28 14:19:00,26.12418639,-80.13684707
1857,2025-01-28 14:32:00,26.12219805,-80.13763399
1858,2025-01-28 14:52:00,26.12409595,-80.13732028
1859,2025-01-28 15:05:00,26.12227814,-80.13773495
1860,2025-01-28 15:25:00,26.12271197,-80.13827633
1861,2025-01-28 15:41:00,26.12138826,-80.13566722
1862,2025-01-28 15:50:00,26.12179947,-80.13825963
1863,2025-01-28 16:19:00,26.12191624,-80.13606307
1864,2025-01-28 16:26:00,26.12366865,-80.13692261
1865,2025-01-28 16:41:00,26.12084684,-80.137347
1866,2025-01-28 16:50:00,26.12280205,-80.13685082
1867,2025-01-28 17:03:00,26.11327797,-80.18083559
1868,2025-01-28 17:16:00,26.11959322,-80.1373
1869,2025-01-28 17:39:00,26.11187458,-80.27032542
1870,2025-01-28 17:55:00,26.08380678,-80.22678983
1871,2025-01-28 18:21:00,26.08045823,-80.28182072
1872,2025-01-28 18:29:00,26.08208332,-80.27894863
1873,2025-01-28 18:52:00,26.07901864,-80.28123451
1874,2025-01-28 18:58:00,26.07994982,-80.28036413
1875,2025-01-28 19:17:00,26.07956175,-80.28046914
1876,2025-01-28 19:42:00,26.08213973,-80.28171418
1877,2025-01-28 19:56:00,26.08254721,-80.28013434
1878,2025-01-28 20:19:00,26.10118556,-80.39893357
1879,2025-01-28 20:36:00,26.10149475,-80.40001907
1880,2025-01-28 21:06:00,26.10156835,-80.40116478
1881,2025-01-28 21:36:00,26.0984533,-80.39835832
1882,2025-01-28 22:05:00,26.10181018,-80.3995512
1883,2025-01-28 22:13:00,26.10184069,-80.39910584
1884,2025-01-28 22:37:00,26.10205849,-80.39991766
1885,2025-01-28 22:55:00,26.10031525,-80.39818607
1886,2025-01-28 23:04:00,26.09986991,-80.39872861
1887,2025-01-28 23:26:00,26.10220465,-80.40022735
1888,2025-01-28 23:54:00,26.09856471,-80.39963552
1889,2025-01-29 0:18:00,26.10087849,-80.40060667
1890,2025-01-29 0:43:00,26.1023347,-80.4005365
1891,2025-01-29 0:48:00,26.1017572,-80.40018156
1892,2025-01-29 0:57:00,26.10180553,-80.40164213
1893,2025-01-29 1:24:00,26.10004047,-80.40170131
1894,2025-01-29 1:29:00,26.10107567,-80.40020762
1895,2025-01-29 1:45:00,26.10049995,-80.40117298
1896,2025-01-29 2:03:00,26.102313,-80.39953269
1897,2025-01-29 2:14:00,26.10119026,-80.40169376
1898,2025-01-29 2:29:00,26.10054346,-80.40177806
1899,2025-01-29 2:45:00,26.09847216,-80.39998929
1900,2025-01-29 2:53:00,26.10234646,-80.39971693
1901,2025-01-29 3:02:00,26.09956117,-80.39934283
1902,2025-01-29 3:27:00,26.09872658,-80.40053655
1903,2025-01-29 3:33:00,26.09935756,-80.4009397
1904,2025-01-29 3:41:00,26.10187047,-80.40056613
1905,2025-01-29 3:52:00,26.10143657,-80.40058244
1906,2025-01-29 4:19:00,26.1002339,-80.40170449
1907,2025-01-29 4:34:00,26.10110734,-80.40015674
1908,2025-01-29 4:46:00,25.95951085,-81.35135366
1909,2025-01-29 5:11:00,26.099528,-80.39968823
1910,2025-01-29 5:27:00,26.09940462,-80.40075159
1911,2025-01-29 5:38:00,26.09955107,-80.39913077
1912,2025-01-29 6:04:00,26.10143791,-80.39828909
1913,2025-01-29 6:12:00,26.1001352,-80.39792825
1914,2025-01-29 6:33:00,26.10098863,-80.39940375
1915,2025-01-29 6:43:00,26.10231094,-80.399572
1916,2025-01-29 6:49:00,26.10127099,-80.40162843
1917,2025-01-29 6:58:00,26.10220691,-80.39983225
1918,2025-01-29 7:12:00,26.10144739,-80.3984953
1919,2025-01-29 7:38:00,26.09951423,-80.39866037
1920,2025-01-29 8:02:00,26.10077288,-80.3063678
1921,2025-01-29 8:22:00,26.10412881,-80.2307322
1922,2025-01-29 8:33:00,26.11195932,-80.17734237
1923,2025-01-29 8:57:00,26.12053559,-80.36865593
1924,2025-01-29 9:10:00,26.12232079,-80.13652175
1925,2025-01-29 9:21:00,26.12197521,-80.13825027
1926,2025-01-29 9:32:00,26.12083289,-80.13624846
1927,2025-01-29 9:42:00,26.12362458,-80.13788707
1928,2025-01-29 9:58:00,26.12227359,-80.1362271
1929,2025-01-29 10:25:00,26.12221219,-80.13810849
1930,2025-01-29 10:31:00,26.12393903,-80.13652254
1931,2025-01-29 10:40:00,26.1239966,-80.13563471
1932,2025-01-29 11:05:00,26.12297677,-80.13624916
1933,2025-01-29 11:12:00,26.12170621,-80.13602154
1934,2025-01-29 11:28:00,26.12226637,-80.13887051
1935,2025-01-29 11:43:00,26.12041137,-80.13700769
1936,2025-01-29 11:58:00,26.12232795,-80.13737129
1937,2025-01-29 12:14:00,26.12361715,-80.13685638
1938,2025-01-29 12:41:00,26.12391637,-80.13560751
1939,2025-01-29 12:46:00,26.12356732,-80.13834575
1940,2025-01-29 13:10:00,26.12141809,-80.13888169
1941,2025-01-29 13:15:00,26.12325509,-80.13671217
1942,2025-01-29 13:28:00,26.12351094,-80.13884552
1943,2025-01-29 13:39:00,26.12215398,-80.13843802
1944,2025-01-29 13:53:00,26.12339187,-80.13639263
1945,2025-01-29 14:19:00,26.12241488,-80.13707704
1946,2025-01-29 14:28:00,26.12370727,-80.13646285
1947,2025-01-29 14:57:00,26.12395842,-80.13829816
1948,2025-01-29 15:18:00,26.12439411,-80.13929978
1949,2025-01-29 15:24:00,26.12338247,-80.13883584
1950,2025-01-29 15:49:00,25.83052738,-79.44681005
1951,2025-01-29 16:16:00,26.12045392,-80.13620408
1952,2025-01-29 16:22:00,27.04941536,-80.08443482
1953,2025-01-29 16:40:00,26.12241911,-80.13749235
1954,2025-01-29 17:02:00,26.11117288,-80.23888305
1955,2025-01-29 17:10:00,26.08170169,-80.2195339
1956,2025-01-29 17:22:00,26.1083661,-80.21469661
1957,2025-01-29 17:34:00,26.08450847,-80.14697458
1958,2025-01-29 17:45:00,26.03135356,-79.39700893
1959,2025-01-29 18:06:00,26.07984421,-80.28011571
1960,2025-01-29 18:14:00,26.08296589,-80.27823085
1961,2025-01-29 18:27:00,26.08009756,-80.28184148
1962,2025-01-29 18:36:00,26.07967456,-80.28123522
1963,2025-01-29 18:49:00,26.08154932,-80.28176889
1964,2025-01-29 19:11:00,26.0821586,-80.28178014
1965,2025-01-29 19:18:00,26.08258276,-80.28017051
1966,2025-01-29 19:34:00,26.08137878,-80.27980194
1967,2025-01-29 19:56:00,26.07983378,-80.28135841
1968,2025-01-29 20:07:00,26.10093671,-80.39989465
1969,2025-01-29 20:37:00,26.1014732,-80.40167705
1970,2025-01-29 20:56:00,26.09860518,-80.3999047
1971,2025-01-29 21:10:00,26.10033316,-80.39970609
1972,2025-01-29 21:25:00,26.09999502,-80.40117768
1973,2025-01-29 21:40:00,26.10170035,-80.40129091
1974,2025-01-29 22:10:00,26.10075255,-80.3978026
1975,2025-01-29 22:18:00,26.10214067,-80.39784661
1976,2025-01-29 22:25:00,26.09897862,-80.39818463
1977,2025-01-29 22:36:00,26.10124102,-80.40110006
1978,2025-01-29 23:04:00,26.10222549,-80.3982028
1979,2025-01-29 23:25:00,26.09879537,-80.39972965
1980,2025-01-29 23:43:00,26.09972302,-80.39819086
1981,2025-01-30 0:02:00,26.09925081,-80.4010051
1982,2025-01-30 0:11:00,26.09931143,-80.40062998
1983,2025-01-30 0:40:00,26.10066621,-80.40044576
1984,2025-01-30 0:52:00,26.10074161,-80.40082845
1985,2025-01-30 1:20:00,26.09994465,-80.40034128
1986,2025-01-30 1:32:00,26.10093805,-80.39865678
1987,2025-01-30 1:40:00,26.10064185,-80.40170499
1988,2025-01-30 2:10:00,26.09932903,-80.40163781
1989,2025-01-30 2:28:00,26.10225112,-80.40011303
1990,2025-01-30 2:46:00,26.10132305,-80.40098859
1991,2025-01-30 2:59:00,26.10035616,-80.40003179
1992,2025-01-30 3:08:00,26.09931738,-80.40129421
1993,2025-01-30 3:34:00,26.09972712,-80.40052437
1994,2025-01-30 4:03:00,26.10004329,-80.40117185
1995,2025-01-30 4:12:00,26.10201336,-80.39974013
1996,2025-01-30 4:24:00,26.10165198,-80.39794521
1997,2025-01-30 4:47:00,26.1003733,-80.40025691
1998,2025-01-30 5:04:00,26.10017557,-80.39981386
1999,2025-01-30 5:22:00,26.1003364,-80.40042143
2000,2025-01-30 5:46:00,26.10157624,-80.39929106
2001,2025-01-30 6:10:00,26.09890622,-80.39841546
2002,2025-01-30 6:27:00,26.09972556,-80.39866587
2003,2025-01-30 6:39:00,26.09913974,-80.39784445
2004,2025-01-30 7:06:00,26.09977421,-80.39889464
2005,2025-01-30 7:36:00,26.09881906,-80.39887577
2006,2025-01-30 7:45:00,26.09905855,-80.40017428
2007,2025-01-30 8:01:00,26.11494237,-80.27967288
2008,2025-01-30 8:23:00,26.10338305,-80.18624068
2009,2025-01-30 8:40:00,26.72760538,-79.48109495
2010,2025-01-30 8:51:00,26.10748475,-80.26187627
2011,2025-01-30 9:05:00,26.1213092,-80.13772743
2012,2025-01-30 9:34:00,25.36342093,-80.25093783
2013,2025-01-30 9:46:00,26.1241618,-80.13889503
2014,2025-01-30 10:08:00,26.12062203,-80.13866653
2015,2025-01-30 10:21:00,26.12218507,-80.13763877
2016,2025-01-30 10:43:00,26.12324234,-80.13825217
2017,2025-01-30 10:50:00,26.12222621,-80.13728102
2018,2025-01-30 11:13:00,26.1234867,-80.13609446
2019,2025-01-30 11:37:00,26.12280024,-80.13815156
2020,2025-01-30 11:49:00,26.12423174,-80.1382001
2021,2025-01-30 12:09:00,26.12124877,-80.13657906
2022,2025-01-30 12:19:00,26.12047541,-80.13893131
2023,2025-01-30 12:46:00,26.12386928,-80.13624541
2024,2025-01-30 13:03:00,26.12114012,-80.13735817
2025,2025-01-30 13:31:00,26.12241978,-80.13779936
2026,2025-01-30 13:46:00,26.12163025,-80.13881364
2027,2025-01-30 14:01:00,26.12103702,-80.13903337
2028,2025-01-30 14:15:00,26.12264565,-80.13925591
2029,2025-01-30 14:34:00,26.12078976,-80.13890247
2030,2025-01-30 14:43:00,26.12316348,-80.13629088
2031,2025-01-30 15:10:00,26.12149204,-80.13534811
2032,2025-01-30 15:21:00,26.12168952,-80.13822444
2033,2025-01-30 15:47:00,26.12047975,-80.13793947
2034,2025-01-30 16:12:00,26.12110253,-80.13718309
2035,2025-01-30 16:30:00,26.12350192,-80.13538482
2036,2025-01-30 16:56:00,26.12404828,-80.13756804
2037,2025-01-30 17:16:00,26.08310508,-80.14455593
2038,2025-01-30 17:38:00,26.09643729,-80.15181186
2039,2025-01-30 17:59:00,26.09854237,-80.27516271
2040,2025-01-30 18:23:00,26.08091685,-80.27950813
2041,2025-01-30 18:41:00,26.08058858,-80.28165989
2042,2025-01-30 19:05:00,26.0829404,-80.28175382
2043,2025-01-30 19:25:00,26.08186236,-80.27983019
2044,2025-01-30 19:41:00,26.08263585,-80.28031448
2045,2025-01-30 20:07:00,26.10188323,-80.39945336
2046,2025-01-30 20:20:00,26.09987944,-80.3998941
2047,2025-01-30 20:42:00,26.10173599,-80.39889367
2048,2025-01-30 20:56:00,26.10025042,-80.39875991
2049,2025-01-30 21:09:00,26.10041062,-80.40048783
2050,2025-01-30 21:18:00,26.10063366,-80.3994782
2051,2025-01-30 21:33:00,26.09879165,-80.39846806
2052,2025-01-30 21:41:00,26.10154921,-80.39813162
2053,2025-01-30 21:55:00,26.09939292,-80.39845059
2054,2025-01-30 22:16:00,26.10156628,-80.39976848
2055,2025-01-30 22:31:00,26.09932336,-80.39946623
2056,2025-01-30 22:37:00,26.10130105,-80.39913206
2057,2025-01-30 23:01:00,26.10146615,-80.39944502
2058,2025-01-30 23:10:00,26.10226278,-80.39875751
2059,2025-01-30 23:25:00,26.10204043,-80.39903957
2060,2025-01-30 23:49:00,26.09962196,-80.39793639
2061,2025-01-31 0:04:00,26.10103484,-80.40153183
2062,2025-01-31 0:27:00,26.09856576,-80.39831718
2063,2025-01-31 0:35:00,26.10192615,-80.40093796
2064,2025-01-31 0:58:00,26.09982806,-80.40085206
2065,2025-01-31 1:16:00,26.10193746,-80.3987839
2066,2025-01-31 1:41:00,26.09968705,-80.40146951
2067,2025-01-31 1:52:00,26.09840832,-80.40079809
2068,2025-01-31 2:14:00,26.10170541,-80.39839818
2069,2025-01-31 2:34:00,26.10079698,-80.40088407
2070,2025-01-31 3:03:00,26.10119038,-80.40007849
2071,2025-01-31 3:25:00,26.10143361,-80.398741
2072,2025-01-31 3:51:00,26.10237234,-80.39994194
2073,2025-01-31 4:15:00,26.10141328,-80.3991329
2074,2025-01-31 4:30:00,26.1019208,-80.40078857
2075,2025-01-31 4:40:00,26.0984795,-80.39840084
2076,2025-01-31 4:56:00,26.09911988,-80.39846064
2077,2025-01-31 5:24:00,26.87261844,-80.12806977
2078,2025-01-31 5:32:00,26.09968098,-80.39797884
2079,2025-01-31 5:38:00,26.10090287,-80.40121433
2080,2025-01-31 5:54:00,26.10177791,-80.40156579
2081,2025-01-31 6:21:00,26.10059341,-80.39914844
2082,2025-01-31 6:30:00,26.10155808,-80.39840087
2083,2025-01-31 6:56:00,26.09954049,-80.40048399
2084,2025-01-31 7:01:00,26.10129481,-80.40145586
2085,2025-01-31 7:28:00,26.10238957,-80.39859257
2086,2025-01-31 7:44:00,26.10073929,-80.39825157
2087,2025-01-31 7:55:00,26.10226533,-80.39868869
2088,2025-01-31 8:05:00,26.1164339,-80.23963051
2089,2025-01-31 8:19:00,26.10972203,-80.33306271
2090,2025-01-31 8:39:00,26.10189153,-80.34196102
2091,2025-01-31 9:03:00,26.12124593,-80.13855605
2092,2025-01-31 9:27:00,26.12366793,-80.13600369
2093,2025-01-31 9:38:00,26.12050722,-80.13623266
2094,2025-01-31 10:08:00,26.12230232,-80.13643148
2095,2025-01-31 10:34:00,26.12100722,-80.13640205
2096,2025-01-31 10:45:00,26.12142713,-80.13643366
2097,2025-01-31 11:14:00,26.12083883,-80.13808582
2098,2025-01-31 11:35:00,26.12041313,-80.13750406
2099,2025-01-31 12:05:00,26.12120841,-80.13841234
2100,2025-01-31 12:25:00,26.1213977,-80.13706271
2101,2025-01-31 12:37:00,26.12095405,-80.13555139
2102,2025-01-31 13:03:00,26.12332093,-80.13588818
2103,2025-01-31 13:33:00,26.12215027,-80.13817106
2104,2025-01-31 14:03:00,26.12341246,-80.13592361
2105,2025-01-31 14:30:00,26.12101921,-80.1382663
2106,2025-01-31 14:45:00,26.12354588,-80.13628017
2107,2025-01-31 14:58:00,26.12049645,-80.13810666
2108,2025-01-31 15:25:00,26.12111663,-80.13609326
2109,2025-01-31 15:40:00,26.1215936,-80.13790344
2110,2025-01-31 15:55:00,26.12260631,-80.13630244
2111,2025-01-31 16:01:00,26.12232446,-80.13578658
2112,2025-01-31 16:10:00,26.12247946,-80.13645238
2113,2025-01-31 16:24:00,26.12296414,-80.13702532
2114,2025-01-31 16:48:00,26.12272177,-80.13653692
2115,2025-01-31 17:00:00,26.08380678,-80.16148644
2116,2025-01-31 17:19:00,26.09292881,-80.18325424
2117,2025-01-31 17:33:00,26.09152542,-80.2195339
2118,2025-01-31 17:41:00,26.11678644,-80.26306949
2119,2025-01-31 18:09:00,26.08080904,-80.27885126
2120,2025-01-31 18:34:00,26.0800924,-80.28050069
2121,2025-01-31 18:42:00,26.08236825,-80.27827897
2122,2025-01-31 18:56:00,26.08287255,-80.28150378
2123,2025-01-31 19:02:00,26.08107321,-80.28157928
2124,2025-01-31 19:10:00,26.08225932,-80.27995871
2125,2025-01-31 19:38:00,26.08098489,-80.28026108
2126,2025-01-31 19:51:00,26.08003708,-80.28125033
2127,2025-01-31 20:16:00,26.10009534,-80.39941912
2128,2025-01-31 20:40:00,26.09854336,-80.39876018
2129,2025-01-31 20:49:00,26.09852745,-80.39783143
2130,2025-01-31 21:17:00,26.09844569,-80.39950052
2131,2025-01-31 21:26:00,26.10120979,-80.39939046
2132,2025-01-31 21:54:00,26.09940795,-80.39937073
2133,2025-01-31 22:23:00,26.10046911,-80.40103093
2134,2025-01-31 22:28:00,26.10016225,-80.40129345
2135,2025-01-31 22:54:00,26.101593,-80.4015644
2136,2025-01-31 23:09:00,26.10228729,-80.39840979
2137,2025-01-31 23:17:00,26.10016315,-80.39863333
2138,2025-01-31 23:38:00,26.10063324,-80.39811722
2139,2025-02-01 0:04:00,26.10138115,-80.40124999
2140,2025-02-01 0:15:00,26.10040649,-80.3981712
2141,2025-02-01 0:43:00,26.10042528,-80.39876309
2142,2025-02-01 1:01:00,26.0991437,-80.39928849
2143,2025-02-01 1:16:00,26.10028794,-80.40101743
2144,2025-02-01 1:22:00,26.10129989,-80.39869566
2145,2025-02-01 1:35:00,26.10127902,-80.39845956
2146,2025-02-01 2:01:00,26.10019164,-80.40111983
2147,2025-02-01 2:26:00,26.10189289,-80.39980523
2148,2025-02-01 2:31:00,26.09938344,-80.3994878
2149,2025-02-01 2:56:00,26.09849957,-80.39909222
2150,2025-02-01 3:22:00,26.10169387,-80.39993699
2151,2025-02-01 3:40:00,26.09920041,-80.39839702
2152,2025-02-01 3:49:00,26.10026545,-80.40068785
2153,2025-02-01 4:03:00,26.10204617,-80.39906096
2154,2025-02-01 4:29:00,26.1015485,-80.39906764
2155,2025-02-01 4:36:00,26.09901982,-80.39881174
2156,2025-02-01 5:06:00,26.10055074,-80.39847647
2157,2025-02-01 5:12:00,26.10173469,-80.40091395
2158,2025-02-01 5:22:00,26.10201774,-80.39964127
2159,2025-02-01 5:45:00,26.09885315,-80.39972788
2160,2025-02-01 5:55:00,26.1017695,-80.40019832
2161,2025-02-01 6:10:00,26.09969048,-80.40169143
2162,2025-02-01 6:29:00,26.10038089,-80.40048272
2163,2025-02-01 6:34:00,26.10184132,-80.40043171
2164,2025-02-01 6:41:00,26.10094131,-80.40167477
2165,2025-02-01 6:55:00,26.10113869,-80.39965688
2166,2025-02-01 7:23:00,26.09854602,-80.40121353
2167,2025-02-01 7:30:00,26.10160492,-80.4005769
2168,2025-02-01 7:54:00,26.09913687,-80.39810075
2169,2025-02-01 8:07:00,26.10139784,-80.39971806
2170,2025-02-01 8:30:00,26.10162752,-80.39952269
2171,2025-02-01 8:49:00,26.09865388,-80.39989006
2172,2025-02-01 9:03:00,26.09907284,-80.39806099
2173,2025-02-01 9:25:00,26.09974573,-80.39953658
2174,2025-02-01 9:37:00,26.09898989,-80.40149832
2175,2025-02-01 9:57:00,26.10106098,-80.39843053
2176,2025-02-01 10:03:00,26.08076945,-80.28105934
2177,2025-02-01 10:10:00,26.08060284,-80.28164489
2178,2025-02-01 10:29:00,26.07906226,-80.28163517
2179,2025-02-01 10:38:00,26.0794279,-80.28158302
2180,2025-02-01 11:01:00,26.08011031,-80.27849698
2181,2025-02-01 11:14:00,26.08107071,-80.27974886
2182,2025-02-01 11:44:00,26.08166466,-80.2788219
2183,2025-02-01 12:03:00,26.10058824,-80.3988155
2184,2025-02-01 12:10:00,26.09995223,-80.39791723
2185,2025-02-01 12:30:00,26.09929739,-80.4009788
2186,2025-02-01 12:36:00,26.10079409,-80.40082828
2187,2025-02-01 12:47:00,26.10207618,-80.39808117
2188,2025-02-01 12:57:00,26.10141844,-80.40070814
2189,2025-02-01 13:02:00,26.09981624,-80.40008554
2190,2025-02-01 13:19:00,26.09919745,-80.40124541
2191,2025-02-01 13:39:00,26.10018249,-80.39832586
2192,2025-02-01 13:58:00,26.10144523,-80.40029528
2193,2025-02-01 14:11:00,26.10129881,-80.39910966
2194,2025-02-01 14:16:00,26.1007548,-80.40067991
2195,2025-02-01 14:38:00,26.09861486,-80.39892868
2196,2025-02-01 15:02:00,26.10074762,-80.40019211
2197,2025-02-01 15:26:00,26.09846729,-80.40124027
2198,2025-02-01 15:39:00,26.10137933,-80.39987793
2199,2025-02-01 16:05:00,26.09932111,-80.40166216
2200,2025-02-01 16:31:00,26.09940316,-80.39793564
2201,2025-02-01 16:51:00,26.09994866,-80.39793848
2202,2025-02-01 17:15:00,26.10066155,-80.39903654
2203,2025-02-01 17:44:00,26.10182097,-80.39939838
2204,2025-02-01 17:49:00,26.09899745,-80.39937308
2205,2025-02-01 18:18:00,26.09885595,-80.39981127
2206,2025-02-01 18:25:00,26.09862443,-80.4003851
2207,2025-02-01 18:30:00,26.09975946,-80.40109714
2208,2025-02-01 18:53:00,26.09996716,-80.39864191
2209,2025-02-01 19:20:00,26.09979169,-80.39876863
2210,2025-02-01 19:38:00,26.09890121,-80.39947985
2211,2025-02-01 19:52:00,25.82851274,-79.66111134
2212,2025-02-01 20:07:00,26.10090907,-80.39960431
2213,2025-02-01 20:31:00,26.10225507,-80.39978074
2214,2025-02-01 20:45:00,26.0987771,-80.40131928
2215,2025-02-01 21:09:00,26.09841668,-80.40122059
2216,2025-02-01 21:35:00,26.09850667,-80.40095653
2217,2025-02-01 21:59:00,26.10029522,-80.39868912
2218,2025-02-01 22:17:00,26.09857374,-80.39885166
2219,2025-02-01 22:33:00,26.10112056,-80.40090906
2220,2025-02-01 22:50:00,26.10019866,-80.40060806
2221,2025-02-01 23:13:00,26.10204889,-80.39848666
2222,2025-02-01 23:34:00,26.1003774,-80.39872599
2223,2025-02-01 23:47:00,26.1003471,-80.39878635
2224,2025-02-02 0:01:00,26.10130363,-80.40081268
2225,2025-02-02 0:18:00,26.10211981,-80.40066715
2226,2025-02-02 0:38:00,26.10006532,-80.40042451
2227,2025-02-02 0:44:00,26.09923031,-80.39978847
2228,2025-02-02 0:50:00,26.09870225,-80.40097819
2229,2025-02-02 1:09:00,26.10004731,-80.39852959
2230,2025-02-02 1:27:00,26.09850951,-80.39941041
2231,2025-02-02 1:43:00,26.09880327,-80.40060884
2232,2025-02-02 1:52:00,26.10093284,-80.39834798
2233,2025-02-02 2:12:00,26.10027399,-80.39986074
2234,2025-02-02 2:33:00,26.1008393,-80.39917507
2235,2025-02-02 2:48:00,26.10154637,-80.40009238
2236,2025-02-02 2:58:00,26.10233633,-80.40096224
2237,2025-02-02 3:04:00,26.10038969,-80.39969707
2238,2025-02-02 3:18:00,26.1015258,-80.4004935
2239,2025-02-02 3:33:00,26.10166522,-80.39903889
2240,2025-02-02 3:53:00,26.10202618,-80.3995121
2241,2025-02-02 4:14:00,26.10219462,-80.39811644
2242,2025-02-02 4:41:00,26.10236253,-80.39931921
2243,2025-02-02 4:51:00,26.09935423,-80.39802198
2244,2025-02-02 5:10:00,26.1021777,-80.39864921
2245,2025-02-02 5:35:00,26.09860958,-80.40159527
2246,2025-02-02 5:45:00,26.10155278,-80.40148726
2247,2025-02-02 6:12:00,26.10213759,-80.3985233
2248,2025-02-02 6:20:00,26.10169204,-80.39805029
2249,2025-02-02 6:25:00,26.09964607,-80.40169151
2250,2025-02-02 6:33:00,26.1014546,-80.40179488
2251,2025-02-02 7:03:00,26.09927804,-80.40052634
2252,2025-02-02 7:28:00,26.09926874,-80.39985779
2253,2025-02-02 7:34:00,26.09842433,-80.39875256
2254,2025-02-02 7:55:00,26.58484446,-80.93125682
2255,2025-02-02 8:09:00,26.10047796,-80.40034968
2256,2025-02-02 8:24:00,26.10229186,-80.39970743
2257,2025-02-02 8:30:00,26.10047102,-80.39825028
2258,2025-02-02 8:50:00,26.09932976,-80.39788272
2259,2025-02-02 9:13:00,26.10098415,-80.40002215
2260,2025-02-02 9:36:00,26.09899941,-80.40113657
2261,2025-02-02 9:48:00,26.09993168,-80.39985688
2262,2025-02-02 9:59:00,26.10192598,-80.39818176
2263,2025-02-02 10:28:00,26.07912065,-80.27957955
2264,2025-02-02 10:48:00,26.07909957,-80.27977021
2265,2025-02-02 11:09:00,26.07979248,-80.27886389
2266,2025-02-02 11:17:00,26.08270796,-80.28080842
2267,2025-02-02 11:42:00,26.08062477,-80.27955592
2268,2025-02-02 12:08:00,26.10026851,-80.40027983
2269,2025-02-02 12:35:00,26.10110337,-80.40026305
2270,2025-02-02 12:47:00,26.10165146,-80.3980354
2271,2025-02-02 12:52:00,26.10015109,-80.39812156
2272,2025-02-02 13:14:00,26.10006196,-80.39802561
2273,2025-02-02 13:21:00,26.10024821,-80.40085006
2274,2025-02-02 13:29:00,26.10016758,-80.39917336
2275,2025-02-02 13:58:00,26.1023673,-80.39839396
2276,2025-02-02 14:22:00,26.0993434,-80.40023345
2277,2025-02-02 14:34:00,26.09902698,-80.40099863
2278,2025-02-02 14:53:00,26.10145462,-80.39923788
2279,2025-02-02 15:19:00,26.10238369,-80.40090819
2280,2025-02-02 15:41:00,26.10059326,-80.3982337
2281,2025-02-02 15:50:00,26.0987053,-80.39953685
2282,2025-02-02 16:05:00,26.10092265,-80.39986466
2283,2025-02-02 16:32:00,26.10074476,-80.39841803
2284,2025-02-02 16:54:00,26.0991921,-80.39910361
2285,2025-02-02 17:09:00,26.0995369,-80.39982923
2286,2025-02-02 17:16:00,26.10139875,-80.39806533
2287,2025-02-02 17:24:00,26.10093743,-80.39911688
2288,2025-02-02 17:47:00,26.10197419,-80.39786539
2289,2025-02-02 18:02:00,26.0988643,-80.39890709
2290,2025-02-02 18:31:00,26.09862346,-80.39962918
2291,2025-02-02 18:48:00,26.10032737,-80.39806129
2292,2025-02-02 19:17:00,26.10125905,-80.40096825
2293,2025-02-02 19:26:00,26.10033534,-80.39981468
2294,2025-02-02 19:47:00,26.09914603,-80.39981685
2295,2025-02-02 20:05:00,26.10156364,-80.40119222
2296,2025-02-02 20:33:00,26.09859815,-80.39985349
2297,2025-02-02 20:48:00,26.09928342,-80.39926289
2298,2025-02-02 21:05:00,26.10016146,-80.40038055
2299,2025-02-02 21:17:00,26.10103847,-80.39803961
2300,2025-02-02 21:27:00,26.10120871,-80.40037564
2301,2025-02-02 21:48:00,26.10070059,-80.39959467
2302,2025-02-02 22:12:00,26.10019546,-80.40122327
2303,2025-02-02 22:19:00,26.10137029,-80.39823358
2304,2025-02-02 22:37:00,26.09914914,-80.39891498
2305,2025-02-02 22:45:00,26.09984849,-80.40118772
2306,2025-02-02 23:07:00,26.10124621,-80.3998396
2307,2025-02-02 23:25:00,26.10017575,-80.39812359
2308,2025-02-02 23:34:00,26.09993577,-80.40092909
2309,2025-02-02 23:41:00,26.09978351,-80.39850868
2310,2025-02-03 0:11:00,26.1017016,-80.39858454
2311,2025-02-03 0:32:00,26.10140756,-80.40131792
2312,2025-02-03 0:50:00,26.10145753,-80.39904977
2313,2025-02-03 1:17:00,26.10032776,-80.39802731
2314,2025-02-03 1:28:00,26.1017219,-80.39794724
2315,2025-02-03 1:48:00,26.10039473,-80.39984724
2316,2025-02-03 2:11:00,26.09998069,-80.40010212
2317,2025-02-03 2:36:00,26.1000616,-80.39995903
2318,2025-02-03 2:41:00,26.09948828,-80.40079286
2319,2025-02-03 2:52:00,26.10168468,-80.40158669
2320,2025-02-03 3:22:00,26.10010223,-80.39984379
2321,2025-02-03 3:46:00,26.09990119,-80.40004794
2322,2025-02-03 4:07:00,26.1006462,-80.40009622
2323,2025-02-03 4:13:00,26.10104295,-80.40115313
2324,2025-02-03 4:40:00,26.10239458,-80.39797843
2325,2025-02-03 4:53:00,26.09884664,-80.40163919
2326,2025-02-03 5:07:00,26.09874638,-80.40013276
2327,2025-02-03 5:13:00,26.10015485,-80.40017706
2328,2025-02-03 5:28:00,26.10136344,-80.39954375
2329,2025-02-03 5:36:00,26.09909694,-80.40108626
2330,2025-02-03 6:01:00,26.10162827,-80.39968408
2331,2025-02-03 6:23:00,26.10099892,-80.39923436
2332,2025-02-03 6:43:00,26.09960792,-80.40026563
2333,2025-02-03 6:48:00,26.1001509,-80.40114799
2334,2025-02-03 7:03:00,26.09969669,-80.39801455
2335,2025-02-03 7:22:00,26.10123975,-80.40046069
2336,2025-02-03 7:36:00,26.09967847,-80.40100263
2337,2025-02-03 7:55:00,26.09847681,-80.39996719
2338,2025-02-03 8:04:00,26.10748475,-80.14619831
2339,2025-02-03 8:15:00,26.12165424,-80.38200339
2340,2025-02-03 8:39:00,26.1224,-80.20403729
2341,2025-02-03 8:54:00,26.10934915,-80.35975763
2342,2025-02-03 9:10:00,26.12269244,-80.13599343
2343,2025-02-03 9:25:00,26.12266499,-80.13562995
2344,2025-02-03 9:50:00,26.12163807,-80.13920851
2345,2025-02-03 9:58:00,26.12419054,-80.1360987
2346,2025-02-03 10:12:00,26.12263823,-80.13593299
2347,2025-02-03 10:30:00,26.12278,-80.13823007
2348,2025-02-03 10:44:00,26.12194245,-80.13801156
2349,2025-02-03 11:02:00,26.12172757,-80.13649531
2350,2025-02-03 11:31:00,26.12059657,-80.13617194
2351,2025-02-03 11:46:00,26.12338834,-80.13575898
2352,2025-02-03 11:57:00,26.12173708,-80.13689248
2353,2025-02-03 12:20:00,26.12212524,-80.13929123
2354,2025-02-03 12:30:00,26.12117632,-80.13818506
2355,2025-02-03 12:50:00,26.1214642,-80.13636189
2356,2025-02-03 13:20:00,26.12395614,-80.13927344
2357,2025-02-03 13:40:00,26.12139126,-80.13591667
2358,2025-02-03 14:09:00,26.12213058,-80.13870251
2359,2025-02-03 14:38:00,26.12266425,-80.13853455
2360,2025-02-03 14:51:00,26.123711,-80.136805
2361,2025-02-03 15:01:00,26.12040888,-80.13655421
2362,2025-02-03 15:22:00,26.12422064,-80.1386054
2363,2025-02-03 15:39:00,26.12151597,-80.13729853
2364,2025-02-03 15:50:00,26.121664,-80.13916833
2365,2025-02-03 16:08:00,26.38973785,-79.55230549
2366,2025-02-03 16:24:00,26.12256161,-80.13632104
2367,2025-02-03 16:45:00,26.12272265,-80.13835398
2368,2025-02-03 16:53:00,26.12192265,-80.13805814
2369,2025-02-03 17:12:00,26.09363051,-80.18567288
2370,2025-02-03 17:31:00,26.10134915,-80.18567288
2371,2025-02-03 17:44:00,26.12099661,-80.16148644
2372,2025-02-03 17:55:00,26.11047119,-80.13971864
2373,2025-02-03 18:18:00,26.08270025,-80.27968726
2374,2025-02-03 18:47:00,26.08224431,-80.27801636
2375,2025-02-03 18:57:00,26.08042747,-80.2810455
2376,2025-02-03 19:02:00,26.08042381,-80.27950996
2377,2025-02-03 19:26:00,26.08296438,-80.27879879
2378,2025-02-03 19:52:00,26.08011814,-80.28165361
2379,2025-02-03 19:59:00,26.08283151,-80.28032314
2380,2025-02-03 20:24:00,26.10170319,-80.4016167
2381,2025-02-03 20:41:00,26.10087838,-80.4007751
2382,2025-02-03 21:08:00,26.10057032,-80.39901412
2383,2025-02-03 21:34:00,26.10049032,-80.40147945
2384,2025-02-03 22:01:00,26.10046744,-80.39943954
2385,2025-02-03 22:14:00,26.09880937,-80.39873154
2386,2025-02-03 22:29:00,26.10149718,-80.4007805
2387,2025-02-03 22:58:00,26.10183712,-80.40130987
2388,2025-02-03 23:19:00,26.10004074,-80.40094543
2389,2025-02-03 23:28:00,26.10125966,-80.39852302
2390,2025-02-03 23:41:00,26.09840357,-80.39933243
2391,2025-02-04 0:11:00,26.09996913,-80.39853049
2392,2025-02-04 0:36:00,26.10002852,-80.39910618
2393,2025-02-04 0:54:00,26.09844409,-80.40115569
2394,2025-02-04 1:19:00,26.10082232,-80.40120267
2395,2025-02-04 1:35:00,26.10153377,-80.39812944
2396,2025-02-04 1:48:00,26.10104529,-80.39877423
2397,2025-02-04 2:06:00,26.09949191,-80.39782678
2398,2025-02-04 2:26:00,26.09902163,-80.40098703
2399,2025-02-04 2:37:00,26.10202032,-80.40003888
2400,2025-02-04 2:45:00,26.10154863,-80.39806147
2401,2025-02-04 3:15:00,26.09899424,-80.39788674
2402,2025-02-04 3:29:00,26.10039927,-80.39906987
2403,2025-02-04 3:44:00,26.10121012,-80.4011832
2404,2025-02-04 4:14:00,26.09975432,-80.39819326
2405,2025-02-04 4:37:00,26.09869278,-80.40037951
2406,2025-02-04 4:57:00,26.09906997,-80.39825787
2407,2025-02-04 5:04:00,26.10071807,-80.40145118
2408,2025-02-04 5:26:00,26.10200839,-80.39840607
2409,2025-02-04 5:40:00,26.09909466,-80.39943068
2410,2025-02-04 5:45:00,26.10149,-80.39960091
2411,2025-02-04 5:54:00,26.10112525,-80.39944288
2412,2025-02-04 6:18:00,26.10180756,-80.39914156
2413,2025-02-04 6:25:00,26.10155044,-80.40060684
2414,2025-02-04 6:35:00,26.100291,-80.39978303
2415,2025-02-04 6:42:00,26.09927609,-80.39794899
2416,2025-02-04 7:10:00,26.10102423,-80.40053855
2417,2025-02-04 7:21:00,26.10084535,-80.39916659
2418,2025-02-04 7:44:00,26.10220076,-80.39956695
2419,2025-02-04 8:01:00,26.10897627,-80.20848644
2420,2025-02-04 8:25:00,26.10338305,-80.14619831
2421,2025-02-04 8:31:00,26.11456949,-80.24852881
2422,2025-02-04 8:42:00,26.10301017,-80.35530847
2423,2025-02-04 9:08:00,26.12099164,-80.13597069
2424,2025-02-04 9:13:00,26.12096752,-80.13836388
2425,2025-02-04 9:30:00,26.12329875,-80.13574472
2426,2025-02-04 9:53:00,26.12307958,-80.13836385
2427,2025-02-04 10:14:00,26.12150601,-80.13533289
2428,2025-02-04 10:20:00,26.12402134,-80.13775281
2429,2025-02-04 10:45:00,26.12317449,-80.13798446
2430,2025-02-04 10:59:00,26.12132751,-80.1386443
2431,2025-02-04 11:29:00,26.12304568,-80.13554588
2432,2025-02-04 11:52:00,26.12313523,-80.13689732
2433,2025-02-04 12:13:00,26.12437662,-80.13586197
2434,2025-02-04 12:37:00,26.12174471,-80.13628802
2435,2025-02-04 12:56:00,26.12129639,-80.13547717
2436,2025-02-04 13:10:00,26.12128298,-80.13595937
2437,2025-02-04 13:23:00,26.1214016,-80.13753965
2438,2025-02-04 13:35:00,26.12064296,-80.13703283
2439,2025-02-04 13:41:00,26.12406785,-80.13868202
2440,2025-02-04 13:49:00,26.12179033,-80.13803823
2441,2025-02-04 14:11:00,26.12392869,-80.13839043
2442,2025-02-04 14:38:00,26.12317553,-80.13798646
2443,2025-02-04 14:50:00,26.12265905,-80.13558088
2444,2025-02-04 15:03:00,26.12088249,-80.13728966
2445,2025-02-04 15:33:00,26.12404755,-80.1381598
2446,2025-02-04 15:55:00,26.1206871,-80.13769336
2447,2025-02-04 16:01:00,26.12438219,-80.13561663
2448,2025-02-04 16:11:00,26.12258211,-80.13588003
2449,2025-02-04 16:38:00,26.12160336,-80.13732545
2450,2025-02-04 16:53:00,26.12407123,-80.13636064
2451,2025-02-04 17:00:00,26.081,-80.20260339
2452,2025-02-04 17:12:00,26.09363051,-80.14697458
2453,2025-02-04 17:18:00,26.08801695,-80.17357966
2454,2025-02-04 17:46:00,26.09222712,-80.28
2455,2025-02-04 18:04:00,26.0796101,-80.28132325
2456,2025-02-04 18:13:00,26.08183181,-80.27978486
2457,2025-02-04 18:19:00,26.07964781,-80.28102775
2458,2025-02-04 18:38:00,26.08274556,-80.28077706
2459,2025-02-04 18:50:00,26.08021519,-80.28021127
2460,2025-02-04 19:04:00,26.08265516,-80.27987177
2461,2025-02-04 19:29:00,26.08183303,-80.28095396
2462,2025-02-04 19:42:00,26.07994685,-80.28080419
2463,2025-02-04 20:11:00,26.10178957,-80.39785322
2464,2025-02-04 20:24:00,26.10031365,-80.40010461
2465,2025-02-04 20:45:00,26.09959228,-80.40054916
2466,2025-02-04 21:14:00,26.09937803,-80.39816184
2467,2025-02-04 21:30:00,26.10118335,-80.39919601
2468,2025-02-04 21:59:00,26.09909302,-80.39970435
2469,2025-02-04 22:27:00,26.09963089,-80.39870993
2470,2025-02-04 22:48:00,26.10227507,-80.39875744
2471,2025-02-04 23:03:00,26.1015115,-80.39975114
2472,2025-02-04 23:11:00,26.09863808,-80.39861853
2473,2025-02-04 23:25:00,26.10229492,-80.40087006
2474,2025-02-04 23:51:00,26.1004196,-80.39864637
2475,2025-02-05 0:19:00,26.10115584,-80.39813216
2476,2025-02-05 0:24:00,26.10221138,-80.39977818
2477,2025-02-05 0:33:00,26.09972705,-80.40163626
2478,2025-02-05 0:57:00,26.10121029,-80.40043184
2479,2025-02-05 1:16:00,26.09970336,-80.40122143
2480,2025-02-05 1:42:00,26.09867625,-80.40039505
2481,2025-02-05 1:59:00,26.10018867,-80.40166739
2482,2025-02-05 2:16:00,26.09900805,-80.3979484
2483,2025-02-05 2:38:00,26.09850089,-80.40104216
2484,2025-02-05 2:49:00,26.10062555,-80.40171601
2485,2025-02-05 3:06:00,26.10233536,-80.39846891
2486,2025-02-05 3:34:00,26.10185233,-80.39865527
2487,2025-02-05 3:51:00,26.10039735,-80.39945618
2488,2025-02-05 4:06:00,26.10158774,-80.40041513
2489,2025-02-05 4:15:00,26.09877906,-80.40163898
2490,2025-02-05 4:23:00,26.09936392,-80.39968604
2491,2025-02-05 4:46:00,26.09999413,-80.39903019
2492,2025-02-05 5:14:00,26.10097344,-80.39798455
2493,2025-02-05 5:32:00,26.1016508,-80.39926871
2494,2025-02-05 5:40:00,26.10106971,-80.39916217
2495,2025-02-05 6:08:00,26.0999626,-80.40113161
2496,2025-02-05 6:35:00,26.10122133,-80.39911012
2497,2025-02-05 6:50:00,26.1020787,-80.40142207
2498,2025-02-05 7:10:00,26.09928393,-80.40008232
2499,2025-02-05 7:16:00,26.09912531,-80.39912761
2500,2025-02-05 7:29:00,26.09908327,-80.39974914
2501,2025-02-05 7:38:00,26.10209374,-80.39941839
2502,2025-02-05 8:00:00,26.10748475,-80.35530847
2503,2025-02-05 8:08:00,26.10151864,-80.20403729
2504,2025-02-05 8:19:00,26.11456949,-80.20848644
2505,2025-02-05 8:30:00,26.12128136,-80.1373
2506,2025-02-05 8:39:00,26.11717966,-80.23963051
2507,2025-02-05 8:59:00,26.11904407,-80.30191864
2508,2025-02-05 9:05:00,26.12285073,-80.13559589
2509,2025-02-05 9:24:00,26.12142101,-80.13779457
2510,2025-02-05 9:35:00,26.12330545,-80.13780202
2511,2025-02-05 9:41:00,26.12416285,-80.13637157
2512,2025-02-05 10:06:00,26.12310753,-80.13918117
2513,2025-02-05 10:34:00,26.12166607,-80.13816461
2514,2025-02-05 10:42:00,26.12127632,-80.13859997
2515,2025-02-05 11:00:00,26.12173536,-80.13699123
2516,2025-02-05 11:30:00,26.12254792,-80.13548109
2517,2025-02-05 11:41:00,26.1232658,-80.13596164
2518,2025-02-05 12:03:00,26.12160296,-80.13700895
2519,2025-02-05 12:15:00,26.123342,-80.13606005
2520,2025-02-05 12:32:00,26.12196473,-80.13669386
2521,2025-02-05 13:02:00,26.12358416,-80.13760542
2522,2025-02-05 13:29:00,26.12204112,-80.13925172
2523,2025-02-05 13:47:00,26.12175977,-80.137735
2524,2025-02-05 14:16:00,26.12267536,-80.13672726
2525,2025-02-05 14:43:00,26.1204348,-80.1388785
2526,2025-02-05 15:11:00,26.12302908,-80.13636953
2527,2025-02-05 15:20:00,26.12204007,-80.13847469
2528,2025-02-05 15:36:00,26.12195722,-80.13910229
2529,2025-02-05 15:45:00,26.12391701,-80.13844463
2530,2025-02-05 16:05:00,26.12366811,-80.13683506
2531,2025-02-05 16:31:00,26.12281737,-80.13877291
2532,2025-02-05 16:36:00,26.12251722,-80.13773058
2533,2025-02-05 16:59:00,26.12379624,-80.13654825
2534,2025-02-05 17:22:00,26.08450847,-80.19534746
2535,2025-02-05 17:35:00,26.09643729,-80.15181186
2536,2025-02-05 17:57:00,26.10415593,-80.17841695
2537,2025-02-05 18:09:00,26.08004676,-80.27833794
2538,2025-02-05 18:24:00,26.07990822,-80.28154305
2539,2025-02-05 18:36:00,26.07953871,-80.28073545
2540,2025-02-05 18:57:00,26.08060352,-80.28058082
2541,2025-02-05 19:16:00,26.0793587,-80.28184779
2542,2025-02-05 19:28:00,26.07990263,-80.28098197
2543,2025-02-05 19:34:00,26.08148306,-80.2783284
2544,2025-02-05 19:58:00,26.08076019,-80.28050828
2545,2025-02-05 20:04:00,26.10223652,-80.39895601
2546,2025-02-05 20:28:00,26.10156615,-80.40019235
2547,2025-02-05 20:34:00,26.09858831,-80.40122482
2548,2025-02-05 20:48:00,26.09914047,-80.39881342
2549,2025-02-05 20:59:00,26.09978537,-80.4011682
2550,2025-02-05 21:11:00,26.09970546,-80.39860401
2551,2025-02-05 21:36:00,26.10080598,-80.39816995
2552,2025-02-05 21:52:00,26.09984844,-80.39963409
2553,2025-02-05 22:03:00,26.10016205,-80.40148617
2554,2025-02-05 22:30:00,26.09936847,-80.40124997
2555,2025-02-05 22:35:00,26.09910811,-80.40039627
2556,2025-02-05 22:56:00,26.10174328,-80.39931163
2557,2025-02-05 23:22:00,26.09850959,-80.400382
2558,2025-02-05 23:49:00,26.09996076,-80.40133014
2559,2025-02-06 0:08:00,26.10049379,-80.40044061
2560,2025-02-06 0:33:00,26.10140112,-80.40129821
2561,2025-02-06 0:58:00,26.10159518,-80.3978873
2562,2025-02-06 1:23:00,26.10057887,-80.39827728
2563,2025-02-06 1:53:00,26.10017095,-80.39874095
2564,2025-02-06 2:15:00,26.10156002,-80.40132317
2565,2025-02-06 2:24:00,26.10176322,-80.39979904
2566,2025-02-06 2:51:00,26.10139175,-80.39921863
2567,2025-02-06 2:57:00,26.0999823,-80.40074489
2568,2025-02-06 3:18:00,26.0994012,-80.39948111
2569,2025-02-06 3:34:00,26.10186248,-80.39988336
2570,2025-02-06 3:41:00,26.10041792,-80.39878739
2571,2025-02-06 4:00:00,26.09846945,-80.39802101
2572,2025-02-06 4:12:00,26.10102135,-80.39971451
2573,2025-02-06 4:19:00,26.10052287,-80.39958565
2574,2025-02-06 4:41:00,26.10121032,-80.40091203
2575,2025-02-06 5:02:00,26.09959947,-80.39883128
2576,2025-02-06 5:17:00,26.10032857,-80.40050982
2577,2025-02-06 5:25:00,26.09974007,-80.39813963
2578,2025-02-06 5:36:00,26.10204769,-80.40109931
2579,2025-02-06 5:50:00,26.098435,-80.40027575
2580,2025-02-06 6:05:00,26.09934476,-80.39907597
2581,2025-02-06 6:13:00,26.10005701,-80.40128195
2582,2025-02-06 6:29:00,26.09900123,-80.40079233
2583,2025-02-06 6:51:00,26.09985751,-80.39970675
2584,2025-02-06 7:18:00,26.1017723,-80.40134545
2585,2025-02-06 7:45:00,26.10162496,-80.3979215
2586,2025-02-06 8:14:00,26.1224,-80.15954576
2587,2025-02-06 8:25:00,26.11270508,-80.36420678
2588,2025-02-06 8:47:00,26.11606102,-80.24852881
2589,2025-02-06 9:14:00,26.12081399,-80.13641256
2590,2025-02-06 9:29:00,26.12357736,-80.13583814
2591,2025-02-06 9:44:00,26.12387578,-80.13665651
2592,2025-02-06 10:09:00,26.12262223,-80.13862755
2593,2025-02-06 10:21:00,26.12083258,-80.13569397
2594,2025-02-06 10:26:00,26.12088065,-80.13723263
2595,2025-02-06 10:42:00,26.12219368,-80.13681707
2596,2025-02-06 11:07:00,26.12048857,-80.13611186
2597,2025-02-06 11:14:00,26.12233433,-80.13845647
2598,2025-02-06 11:41:00,26.12311928,-80.13556961
2599,2025-02-06 12:02:00,26.12413198,-80.13584831
2600,2025-02-06 12:25:00,26.12116339,-80.13669405
2601,2025-02-06 12:45:00,26.12133817,-80.13877233
2602,2025-02-06 13:05:00,26.12050819,-80.13923517
2603,2025-02-06 13:24:00,26.12068728,-80.1365994
2604,2025-02-06 13:54:00,26.12133458,-80.13867038
2605,2025-02-06 14:10:00,26.12263394,-80.135413
2606,2025-02-06 14:23:00,26.12400513,-80.13531249
2607,2025-02-06 14:33:00,26.12394907,-79.70199504
2608,2025-02-06 14:41:00,26.12257641,-80.13771588
2609,2025-02-06 15:09:00,26.12103506,-80.13537156
2610,2025-02-06 15:25:00,26.12262578,-80.13616098
2611,2025-02-06 15:31:00,26.12397501,-80.13701293
2612,2025-02-06 15:52:00,26.12095012,-80.13911119
2613,2025-02-06 16:12:00,26.12191698,-80.13595005
2614,2025-02-06 16:32:00,26.12058286,-80.13891515
2615,2025-02-06 16:44:00,26.12384143,-80.13586331
2616,2025-02-06 17:12:00,26.11678644,-80.16390508
2617,2025-02-06 17:40:00,26.08521017,-80.2582322
2618,2025-02-06 17:52:00,26.08380678,-80.26306949
2619,2025-02-06 18:03:00,26.08174296,-80.28175477
2620,2025-02-06 18:25:00,26.07977206,-80.2812125
2621,2025-02-06 18:45:00,26.08183503,-80.27837616
2622,2025-02-06 19:05:00,26.08038012,-80.28199667
2623,2025-02-06 19:34:00,26.08114998,-80.27889917
2624,2025-02-06 19:53:00,26.08037097,-80.28045112
2625,2025-02-06 20:21:00,26.1002411,-80.40058129
2626,2025-02-06 20:32:00,26.10069107,-80.39806565
2627,2025-02-06 20:46:00,26.10023073,-80.40011966
2628,2025-02-06 20:52:00,26.09864029,-80.39787841
2629,2025-02-06 21:00:00,26.09999447,-80.40176983
2630,2025-02-06 21:10:00,26.10204676,-80.39937409
2631,2025-02-06 21:17:00,26.09902568,-80.40006663
2632,2025-02-06 21:46:00,26.10205863,-80.39803365
2633,2025-02-06 22:16:00,26.10081902,-80.39911727
2634,2025-02-06 22:37:00,26.1010987,-80.40168326
2635,2025-02-06 23:03:00,26.0990462,-80.3985762
2636,2025-02-06 23:31:00,26.10122291,-80.39992502
2637,2025-02-06 23:52:00,26.10047803,-80.40172827
2638,2025-02-07 0:19:00,26.10058763,-80.39969863
2639,2025-02-07 0:48:00,26.09847287,-80.40098752
2640,2025-02-07 1:10:00,26.09935758,-80.39814842
2641,2025-02-07 1:30:00,26.09909468,-80.40152204
2642,2025-02-07 1:55:00,26.09940278,-80.39944644
2643,2025-02-07 2:02:00,26.10201907,-80.39969409
2644,2025-02-07 2:24:00,26.09985421,-80.39795495
2645,2025-02-07 2:50:00,26.10177282,-80.39795893
2646,2025-02-07 3:03:00,26.10076434,-80.3991732
2647,2025-02-07 3:31:00,26.09876827,-80.40151424
2648,2025-02-07 3:55:00,26.10067358,-80.39794541
2649,2025-02-07 4:18:00,26.10191032,-80.39817135
2650,2025-02-07 4:31:00,26.10212922,-80.39946627
2651,2025-02-07 4:40:00,26.10027298,-80.40058182
2652,2025-02-07 5:01:00,26.09846404,-80.40139639
2653,2025-02-07 5:26:00,26.1015987,-80.39869729
2654,2025-02-07 5:45:00,26.10238962,-80.39808194
2655,2025-02-07 5:57:00,26.09913945,-80.39877763
2656,2025-02-07 6:09:00,26.09941856,-80.39929918
2657,2025-02-07 6:34:00,26.10179279,-80.39797936
2658,2025-02-07 6:48:00,26.0990901,-80.39788031
2659,2025-02-07 7:16:00,26.10055563,-80.3994293
2660,2025-02-07 7:39:00,26.10236792,-80.39866996
2661,2025-02-07 7:55:00,26.10153285,-80.40161683
2662,2025-02-07 8:08:00,26.10823051,-80.27522373
2663,2025-02-07 8:31:00,26.10263729,-80.20848644
2664,2025-02-07 8:53:00,26.10673898,-80.1373
2665,2025-02-07 9:10:00,26.12055466,-80.13656249
2666,2025-02-07 9:17:00,26.12342521,-80.13820452
2667,2025-02-07 9:46:00,26.12049171,-80.13710306
2668,2025-02-07 10:02:00,26.12386716,-80.13788763
2669,2025-02-07 10:25:00,26.12072884,-80.1374821
2670,2025-02-07 10:37:00,26.12203457,-80.13636106
2671,2025-02-07 10:58:00,26.12331767,-80.13586372
2672,2025-02-07 11:17:00,26.12194276,-80.13906139
2673,2025-02-07 11:33:00,26.12295022,-80.13585495
2674,2025-02-07 11:44:00,26.12356704,-80.13654613
2675,2025-02-07 12:11:00,26.12161605,-80.13918224
2676,2025-02-07 12:19:00,26.12437034,-80.1365272
2677,2025-02-07 12:44:00,26.12291332,-80.13728507
2678,2025-02-07 13:13:00,26.12124046,-80.13598567
2679,2025-02-07 13:27:00,26.12081251,-80.13538872
2680,2025-02-07 13:39:00,26.12185909,-80.13625617
2681,2025-02-07 14:03:00,26.1206368,-80.13592491
2682,2025-02-07 14:32:00,26.12116741,-80.13688789
2683,2025-02-07 15:02:00,26.12048023,-80.13847293
2684,2025-02-07 15:27:00,26.12343461,-80.1367255
2685,2025-02-07 15:46:00,26.12046327,-80.13561111
2686,2025-02-07 16:08:00,26.12202038,-80.13602542
2687,2025-02-07 16:37:00,26.12178381,-80.13594318
2688,2025-02-07 17:06:00,26.12029492,-80.24372034
2689,2025-02-07 17:29:00,26.09854237,-80.22195254
2690,2025-02-07 17:50:00,26.0950339,-80.21227797
2691,2025-02-07 18:14:00,26.08090627,-80.28198776
2692,2025-02-07 18:30:00,26.07991291,-80.28024696
2693,2025-02-07 18:41:00,26.08065402,-80.28130443
2694,2025-02-07 19:02:00,26.08145881,-80.28019333
2695,2025-02-07 19:08:00,26.08279525,-80.27904752
2696,2025-02-07 19:31:00,26.07934295,-80.28082025
2697,2025-02-07 19:43:00,26.08109367,-80.28144951
2698,2025-02-07 19:59:00,26.08266805,-80.27850618
2699,2025-02-07 20:07:00,26.10066427,-80.39809194
2700,2025-02-07 20:25:00,26.09926177,-80.40152385
2701,2025-02-07 20:43:00,26.1000714,-80.40179398
2702,2025-02-07 21:03:00,26.09983127,-80.39817009
2703,2025-02-07 21:31:00,26.10011851,-80.40116889
2704,2025-02-07 21:49:00,26.10026688,-80.3992949
2705,2025-02-07 22:17:00,26.10143818,-80.40028905
2706,2025-02-07 22:44:00,26.10218195,-80.39841119
2707,2025-02-07 23:12:00,26.10204861,-80.40098984
2708,2025-02-07 23:19:00,26.09887804,-80.39988039
2709,2025-02-07 23:49:00,26.10227872,-80.40140866
2710,2025-02-08 0:19:00,26.10018704,-80.398477
2711,2025-02-08 0:26:00,26.60278781,-79.5789487
2712,2025-02-08 0:51:00,26.10178322,-80.39919824
2713,2025-02-08 0:57:00,26.09905546,-80.39799148
2714,2025-02-08 1:02:00,26.09988254,-80.39785782
2715,2025-02-08 1:19:00,26.10009483,-80.3992321
2716,2025-02-08 1:26:00,26.10169269,-80.39807795
2717,2025-02-08 1:53:00,26.10021185,-80.40050471
2718,2025-02-08 2:21:00,26.10123251,-80.39976382
2719,2025-02-08 2:40:00,26.09917416,-80.40085933
2720,2025-02-08 2:52:00,26.09848942,-80.39816281
2721,2025-02-08 3:11:00,25.79991329,-80.51970673
2722,2025-02-08 3:31:00,26.10121913,-80.39819786
2723,2025-02-08 3:49:00,26.10069937,-80.40146358
2724,2025-02-08 4:06:00,26.10075725,-80.39924067
2725,2025-02-08 4:31:00,26.09906409,-80.40133711
2726,2025-02-08 4:46:00,26.09878769,-80.40158777
2727,2025-02-08 5:16:00,26.09846545,-80.40090668
2728,2025-02-08 5:29:00,26.09868272,-80.39891927
2729,2025-02-08 5:43:00,26.10213943,-80.39874101
2730,2025-02-08 5:55:00,26.10123834,-80.40046389
2731,2025-02-08 6:10:00,26.09865023,-80.40092645
2732,2025-02-08 6:31:00,26.10077877,-80.39793147
2733,2025-02-08 6:57:00,26.10189694,-80.40054798
2734,2025-02-08 7:02:00,26.10052195,-80.40123359
2735,2025-02-08 7:28:00,26.10164158,-80.39996405
2736,2025-02-08 7:39:00,26.10148929,-80.399538
2737,2025-02-08 7:51:00,26.10002984,-80.40057042
2738,2025-02-08 8:04:00,26.0996392,-80.39971583
2739,2025-02-08 8:23:00,26.10008249,-80.39865659
2740,2025-02-08 8:31:00,26.09880735,-80.39871849
2741,2025-02-08 8:46:00,26.09880793,-80.40159672
2742,2025-02-08 9:08:00,26.10044989,-80.39921273
2743,2025-02-08 9:38:00,26.10008887,-80.40171699
2744,2025-02-08 10:05:00,26.08262562,-80.28117568
2745,2025-02-08 10:27:00,26.08121767,-80.28154766
2746,2025-02-08 10:45:00,26.08264249,-80.27983541
2747,2025-02-08 11:04:00,26.08118686,-80.28114544
2748,2025-02-08 11:19:00,26.08110454,-80.27994045
2749,2025-02-08 11:33:00,26.081946,-80.28025579
2750,2025-02-08 11:51:00,26.08061846,-80.27889435
2751,2025-02-08 12:09:00,26.10189147,-80.39903658
2752,2025-02-08 12:30:00,26.10083173,-80.40155174
2753,2025-02-08 12:42:00,26.10025338,-80.39998795
2754,2025-02-08 13:04:00,26.101982,-80.39881515
2755,2025-02-08 13:11:00,26.10151536,-80.39840026
2756,2025-02-08 13:31:00,26.09902925,-80.39902715
2757,2025-02-08 14:00:00,26.09991346,-80.39871712
2758,2025-02-08 14:15:00,26.10212701,-80.40080103
2759,2025-02-08 14:23:00,26.09841746,-80.40151485
2760,2025-02-08 14:47:00,26.30277734,-80.20043115
2761,2025-02-08 14:55:00,26.0999144,-80.40102423
2762,2025-02-08 15:16:00,26.10198187,-80.39958221
2763,2025-02-08 15:42:00,26.10232787,-80.39826863
2764,2025-02-08 15:56:00,26.10004705,-80.39982685
2765,2025-02-08 16:26:00,26.10229664,-80.39828335
2766,2025-02-08 16:43:00,26.09927356,-80.39929464
2767,2025-02-08 16:57:00,26.09966142,-80.39854968
2768,2025-02-08 17:06:00,26.09966519,-80.3983689
2769,2025-02-08 17:27:00,26.10184693,-80.39980797
2770,2025-02-08 17:35:00,26.09863539,-80.39928964
2771,2025-02-08 17:59:00,26.10187198,-80.40000923
2772,2025-02-08 18:16:00,26.10011718,-80.400895
2773,2025-02-08 18:45:00,26.09979961,-80.39930464
2774,2025-02-08 19:03:00,26.10135958,-80.40135722
2775,2025-02-08 19:18:00,26.10051145,-80.39844204
2776,2025-02-08 19:44:00,26.09847644,-80.39994835
2777,2025-02-08 20:03:00,26.09919113,-80.40026447
2778,2025-02-08 20:19:00,26.10122436,-80.39801971
2779,2025-02-08 20:39:00,26.10176277,-80.39964011
2780,2025-02-08 20:53:00,26.09931742,-80.399447
2781,2025-02-08 21:05:00,26.10181778,-80.40175383
2782,2025-02-08 21:33:00,26.10210865,-80.40070482
2783,2025-02-08 21:51:00,26.09964138,-80.40000747
2784,2025-02-08 22:15:00,26.10102731,-80.40175545
2785,2025-02-08 22:20:00,26.09897811,-80.40163452
2786,2025-02-08 22:26:00,26.09853654,-80.39969187
2787,2025-02-08 22:44:00,26.10237625,-80.40173264
2788,2025-02-08 23:13:00,26.10236847,-80.40076878
2789,2025-02-08 23:27:00,26.10185076,-80.39913557
2790,2025-02-08 23:46:00,26.1021076,-80.39940184
2791,2025-02-09 0:12:00,26.09864039,-80.40097156
2792,2025-02-09 0:18:00,26.10005564,-80.39983132
2793,2025-02-09 0:44:00,26.10013665,-80.39895319
2794,2025-02-09 1:08:00,26.09901561,-80.40110563
2795,2025-02-09 1:22:00,26.09977798,-80.39823888
2796,2025-02-09 1:43:00,25.2631658,-79.74297371
2797,2025-02-09 2:10:00,26.10087023,-80.40172426
2798,2025-02-09 2:20:00,26.10058102,-80.39811827
2799,2025-02-09 2:50:00,26.09844659,-80.4007428
2800,2025-02-09 3:18:00,26.10205247,-80.40050413
2801,2025-02-09 3:26:00,26.10218076,-80.40058616
2802,2025-02-09 3:51:00,26.09855324,-80.39821256
2803,2025-02-09 4:15:00,26.10048668,-80.40042449
2804,2025-02-09 4:21:00,26.0986545,-80.39900665
2805,2025-02-09 4:43:00,26.10011601,-80.39790384
2806,2025-02-09 5:12:00,26.10127771,-80.39943695
2807,2025-02-09 5:32:00,26.10189909,-80.39809044
2808,2025-02-09 5:53:00,26.09917789,-80.39987947
2809,2025-02-09 6:16:00,26.10145874,-80.39990671
2810,2025-02-09 6:43:00,26.09983763,-80.39844837
2811,2025-02-09 7:08:00,26.10223592,-80.39858761
2812,2025-02-09 7:29:00,26.09860275,-80.40035831
2813,2025-02-09 7:56:00,26.10135966,-80.40083503
2814,2025-02-09 8:15:00,26.10010953,-80.39826208
2815,2025-02-09 8:25:00,26.09942135,-80.40134727
2816,2025-02-09 8:45:00,26.10082599,-80.40160789
2817,2025-02-09 9:08:00,26.10114835,-80.39981709
2818,2025-02-09 9:25:00,26.10161401,-80.40089937
2819,2025-02-09 9:45:00,26.10153441,-80.3990084
2820,2025-02-09 9:59:00,26.10201277,-80.39888052
2821,2025-02-09 10:05:00,26.08154102,-80.27844074
2822,2025-02-09 10:11:00,26.08066931,-80.2798088
2823,2025-02-09 10:30:00,26.08066454,-80.28005399
2824,2025-02-09 10:50:00,26.08273955,-80.28018345
2825,2025-02-09 11:07:00,26.07970171,-80.28085461
2826,2025-02-09 11:26:00,26.08262004,-80.27998823
2827,2025-02-09 11:56:00,26.08260699,-80.28141759
2828,2025-02-09 12:05:00,26.09883134,-80.40087004
2829,2025-02-09 12:21:00,26.09869622,-80.40082381
2830,2025-02-09 12:43:00,26.1020427,-80.39948954
2831,2025-02-09 12:50:00,26.10145888,-80.40095228
2832,2025-02-09 13:16:00,26.0995955,-80.40170128
2833,2025-02-09 13:22:00,26.10205697,-80.39826742
2834,2025-02-09 13:30:00,26.10175431,-80.40109155
2835,2025-02-09 13:39:00,26.10045292,-80.40079797
2836,2025-02-09 13:45:00,26.09895972,-80.40012148
2837,2025-02-09 14:06:00,26.10201949,-80.40153139
2838,2025-02-09 14:18:00,26.09942663,-80.40159391
2839,2025-02-09 14:27:00,26.09849713,-80.39909876
2840,2025-02-09 14:38:00,26.10228059,-80.40119941
2841,2025-02-09 14:57:00,26.10086866,-80.39909425
2842,2025-02-09 15:26:00,26.10099096,-80.39849867
2843,2025-02-09 15:49:00,26.10180666,-80.39821065
2844,2025-02-09 15:56:00,26.09945022,-80.39890518
2845,2025-02-09 16:11:00,26.10117461,-80.39857403
2846,2025-02-09 16:38:00,26.10070205,-80.39925895
2847,2025-02-09 16:44:00,26.09942407,-80.39919257
2848,2025-02-09 17:06:00,26.0987934,-80.39982542
2849,2025-02-09 17:35:00,26.10227507,-80.39816967
2850,2025-02-09 17:45:00,26.09917437,-80.3982308
2851,2025-02-09 17:50:00,26.10215271,-80.39998521
2852,2025-02-09 18:17:00,26.10011539,-80.40052958
2853,2025-02-09 18:38:00,26.09883264,-80.39868178
2854,2025-02-09 18:59:00,26.09873494,-80.40141144
2855,2025-02-09 19:18:00,26.09867226,-80.39848066
2856,2025-02-09 19:27:00,26.10000349,-80.39994643
2857,2025-02-09 19:41:00,26.10040849,-80.39794523
2858,2025-02-09 20:10:00,26.10184409,-80.40008071
2859,2025-02-09 20:31:00,26.10125123,-80.39963131
2860,2025-02-09 20:38:00,26.09953419,-80.39876442
2861,2025-02-09 20:57:00,26.10129064,-80.4001358
2862,2025-02-09 21:08:00,26.10172761,-80.39789339
2863,2025-02-09 21:21:00,26.09917889,-80.40037489
2864,2025-02-09 21:31:00,26.09959276,-80.39957658
2865,2025-02-09 21:47:00,26.10101752,-80.39783038
2866,2025-02-09 21:55:00,26.09935657,-80.39820892
2867,2025-02-09 22:14:00,26.10083982,-80.40118755
2868,2025-02-09 22:26:00,26.09893356,-80.3997617
2869,2025-02-09 22:47:00,26.09850225,-80.3988546
2870,2025-02-09 22:53:00,26.0993096,-80.40062953
2871,2025-02-09 23:22:00,26.09889478,-80.39971199
2872,2025-02-09 23:32:00,26.10181863,-80.40052765
2873,2025-02-10 0:01:00,26.10044917,-80.39860822
2874,2025-02-10 0:17:00,26.09846327,-80.39909405
2875,2025-02-10 0:31:00,26.10017392,-80.39888323
2876,2025-02-10 0:52:00,26.10094566,-80.39965589
2877,2025-02-10 1:01:00,26.0987135,-80.40065507
2878,2025-02-10 1:31:00,26.10176838,-80.3995068
2879,2025-02-10 2:00:00,26.09936656,-80.40041245
2880,2025-02-10 2:30:00,26.09906093,-80.39780706
2881,2025-02-10 2:37:00,26.1022565,-80.401327
2882,2025-02-10 3:01:00,26.10194508,-80.40145339
2883,2025-02-10 3:11:00,26.10100233,-80.40178598
2884,2025-02-10 3:28:00,26.09905114,-80.40036095
2885,2025-02-10 3:50:00,26.09866982,-80.40041432
2886,2025-02-10 4:03:00,26.10066459,-80.39982282
2887,2025-02-10 4:31:00,26.09991643,-80.39869021
2888,2025-02-10 4:53:00,26.09908386,-80.4005159
2889,2025-02-10 5:02:00,26.10229448,-80.39849444
2890,2025-02-10 5:23:00,26.10220996,-80.40021663
2891,2025-02-10 5:33:00,26.10035796,-80.40057653
2892,2025-02-10 5:41:00,26.09921078,-80.40171057
2893,2025-02-10 5:55:00,26.10221098,-80.398428
2894,2025-02-10 6:05:00,26.10030564,-80.39817212
2895,2025-02-10 6:19:00,26.09907991,-80.40142857
2896,2025-02-10 6:36:00,26.10044751,-80.39916158
2897,2025-02-10 6:42:00,26.09863764,-80.40068177
2898,2025-02-10 7:00:00,26.09906491,-80.39965913
2899,2025-02-10 7:19:00,26.10231665,-80.39833861
2900,2025-02-10 7:32:00,26.10134202,-80.3994973
2901,2025-02-10 7:45:00,26.09960175,-80.4013353
2902,2025-02-10 8:09:00,26.11345085,-80.25742712
2903,2025-02-10 8:33:00,26.12016271,-80.33751186
2904,2025-02-10 8:48:00,26.10972203,-80.36420678
2905,2025-02-10 9:08:00,26.12040919,-80.13610576
2906,2025-02-10 9:16:00,26.12309711,-80.13703924
2907,2025-02-10 9:31:00,26.12317091,-80.13638619
2908,2025-02-10 9:43:00,26.12230858,-80.13535806
2909,2025-02-10 9:48:00,26.12138334,-80.13895981
2910,2025-02-10 9:54:00,26.12194204,-80.13561477
2911,2025-02-10 10:06:00,26.12372992,-80.13545832
2912,2025-02-10 10:17:00,26.12256352,-80.13705392
2913,2025-02-10 10:40:00,26.12266505,-80.13824214
2914,2025-02-10 10:51:00,26.12060754,-80.13534578
2915,2025-02-10 11:00:00,26.12317088,-80.1364615
2916,2025-02-10 11:21:00,26.12185737,-80.13762885
2917,2025-02-10 11:27:00,26.12138144,-80.13688413
2918,2025-02-10 11:34:00,26.12349125,-80.13583349
2919,2025-02-10 11:48:00,26.12156967,-80.13719913
2920,2025-02-10 12:13:00,26.12229827,-80.13801039
2921,2025-02-10 12:32:00,26.12159505,-80.13921587
2922,2025-02-10 12:58:00,26.12100121,-80.13885355
2923,2025-02-10 13:14:00,26.12059267,-80.13675844
2924,2025-02-10 13:30:00,26.12363433,-80.13712382
2925,2025-02-10 13:47:00,26.12404443,-80.13848445
2926,2025-02-10 14:04:00,26.12079221,-80.137407
2927,2025-02-10 14:34:00,26.12234966,-80.13625747
2928,2025-02-10 14:43:00,26.12119469,-80.13627936
2929,2025-02-10 15:07:00,26.12266612,-80.13573442
2930,2025-02-10 15:14:00,26.12416364,-80.13601003
2931,2025-02-10 15:38:00,26.1236186,-80.13574852
2932,2025-02-10 15:58:00,26.12435801,-80.1361106
2933,2025-02-10 16:04:00,26.12064862,-80.13777123
2934,2025-02-10 16:34:00,26.1242888,-80.13899111
2935,2025-02-10 16:54:00,26.12185381,-80.13670626
2936,2025-02-10 17:17:00,26.11889153,-80.22437119
2937,2025-02-10 17:35:00,26.09713898,-80.22437119
2938,2025-02-10 18:05:00,26.08239779,-80.28015789
2939,2025-02-10 18:32:00,26.08235286,-80.28175693
2940,2025-02-10 18:54:00,26.07943028,-80.27891731
2941,2025-02-10 19:21:00,26.08106148,-80.28087586
2942,2025-02-10 19:49:00,26.07971951,-80.28015164
2943,2025-02-10 19:57:00,26.079391,-80.28040804
2944,2025-02-10 20:09:00,26.09956048,-80.40167852
2945,2025-02-10 20:21:00,26.10217875,-80.4006087
2946,2025-02-10 20:42:00,26.10218843,-80.39841753
2947,2025-02-10 20:54:00,26.10114913,-80.40026047
2948,2025-02-10 21:22:00,26.09897658,-80.4002667
2949,2025-02-10 21:35:00,26.10234768,-80.39808481
2950,2025-02-10 21:49:00,26.10024511,-80.40138017
2951,2025-02-10 21:58:00,26.10184872,-80.4012673
2952,2025-02-10 22:03:00,26.10037619,-80.40008112
2953,2025-02-10 22:28:00,26.10200014,-80.40168962
2954,2025-02-10 22:35:00,26.09932177,-80.4013879
2955,2025-02-10 22:52:00,26.09841198,-80.39951024
2956,2025-02-10 23:05:00,26.10159225,-80.39888765
2957,2025-02-10 23:11:00,26.10015425,-80.40025553
2958,2025-02-10 23:35:00,26.09908866,-80.40113352
2959,2025-02-10 23:52:00,26.10152997,-80.39858052
2960,2025-02-11 0:14:00,26.10028124,-80.39819739
2961,2025-02-11 0:31:00,26.09957366,-80.40006585
2962,2025-02-11 0:45:00,26.09963273,-80.39888127
2963,2025-02-11 0:58:00,26.09910419,-80.40021492
2964,2025-02-11 1:04:00,26.10130862,-80.39807443
2965,2025-02-11 1:31:00,26.10049697,-80.40128745
2966,2025-02-11 1:48:00,26.09853394,-80.39952687
2967,2025-02-11 2:01:00,26.09899735,-80.39982231
2968,2025-02-11 2:15:00,26.10222945,-80.40094702
2969,2025-02-11 2:23:00,26.10223827,-80.3998717
2970,2025-02-11 2:32:00,26.10077182,-80.40114937
2971,2025-02-11 2:44:00,26.10183723,-80.40137101
2972,2025-02-11 3:09:00,26.10036736,-80.39945905
2973,2025-02-11 3:25:00,26.86035866,-79.89479852
2974,2025-02-11 3:39:00,26.10233453,-80.40040401
2975,2025-02-11 3:48:00,26.1021242,-80.3993282
2976,2025-02-11 4:03:00,26.10018742,-80.39860248
2977,2025-02-11 4:27:00,26.10079067,-80.39824352
2978,2025-02-11 4:49:00,26.09956594,-80.39896489
2979,2025-02-11 5:11:00,26.09897174,-80.40069311
2980,2025-02-11 5:17:00,26.10108329,-80.39904246
2981,2025-02-11 5:36:00,26.1001044,-80.39873854
2982,2025-02-11 6:05:00,26.10183986,-80.39855808
2983,2025-02-11 6:18:00,26.10127763,-80.39787075
2984,2025-02-11 6:36:00,26.10097088,-80.39798347
2985,2025-02-11 6:54:00,26.10021717,-80.39855772
2986,2025-02-11 7:11:00,26.0989773,-80.40143093
2987,2025-02-11 7:17:00,26.0993088,-80.40058097
2988,2025-02-11 7:28:00,26.1023551,-80.4005425
2989,2025-02-11 7:43:00,26.09895655,-80.39962913
2990,2025-02-11 8:08:00,26.11978983,-80.25297797
2991,2025-02-11 8:18:00,26.11531525,-80.25297797
2992,2025-02-11 8:48:00,26.12053559,-80.24852881
2993,2025-02-11 9:14:00,26.12156959,-80.13884061
2994,2025-02-11 9:26:00,26.12246661,-80.13632864
2995,2025-02-11 9:50:00,26.12416684,-80.13879227
2996,2025-02-11 10:19:00,26.12127016,-80.13576606
2997,2025-02-11 10:43:00,26.12108635,-80.13740462
2998,2025-02-11 10:56:00,26.12218063,-80.13750913
2999,2025-02-11 11:21:00,26.12202331,-80.13816316
3000,2025-02-11 11:36:00,26.12210202,-80.13777545
3001,2025-02-11 12:05:00,26.12132108,-80.13860854
3002,2025-02-11 12:32:00,26.12271735,-80.13861903
3003,2025-02-11 12:42:00,26.12118833,-80.13753438
3004,2025-02-11 12:50:00,26.12057945,-80.13550711
3005,2025-02-11 12:57:00,26.12075045,-80.13667301
3006,2025-02-11 13:25:00,26.12305492,-80.1381797
3007,2025-02-11 13:31:00,26.12078448,-80.136992
3008,2025-02-11 14:00:00,26.12309609,-80.13839355
3009,2025-02-11 14:07:00,26.12116914,-80.13588197
3010,2025-02-11 14:31:00,26.12361725,-80.13588356
3011,2025-02-11 14:55:00,26.12119295,-80.13907497
3012,2025-02-11 15:06:00,26.12101724,-80.13840852
3013,2025-02-11 15:35:00,26.12168419,-80.13706406
3014,2025-02-11 16:02:00,26.12215338,-80.13845444
3015,2025-02-11 16:16:00,26.12130698,-80.13680613
3016,2025-02-11 16:29:00,26.52324271,-79.18216415
3017,2025-02-11 16:40:00,26.1214787,-80.13544219
3018,2025-02-11 17:02:00,26.11117288,-80.2582322
3019,2025-02-11 17:10:00,26.10345424,-80.25581356
3020,2025-02-11 17:15:00,26.09152542,-80.14697458
3021,2025-02-11 17:44:00,26.10696271,-80.26548814
3022,2025-02-11 18:00:00,26.08299945,-80.28020378
3023,2025-02-11 18:06:00,26.08002802,-80.27948421
3024,2025-02-11 18:15:00,26.08252914,-80.28022457
3025,2025-02-11 18:45:00,26.08152708,-80.28091042
3026,2025-02-11 19:07:00,26.08173424,-80.28086298
3027,2025-02-11 19:14:00,26.08036512,-80.2818033
3028,2025-02-11 19:30:00,26.0797165,-80.28043344
3029,2025-02-11 19:55:00,26.08138331,-80.28013882
3030,2025-02-11 20:02:00,26.09958987,-80.39954497
3031,2025-02-11 20:07:00,26.10218867,-80.4003924
3032,2025-02-11 20:22:00,26.09924249,-80.39898713
3033,2025-02-11 20:39:00,26.10162903,-80.39886506
3034,2025-02-11 20:58:00,25.65839022,-80.53039394
3035,2025-02-11 21:04:00,26.10234104,-80.40098325
3036,2025-02-11 21:21:00,26.0992634,-80.4011321
3037,2025-02-11 21:35:00,26.10134346,-80.40091097
3038,2025-02-11 21:54:00,25.60505624,-79.63295352
3039,2025-02-11 22:18:00,26.10039854,-80.39960462
3040,2025-02-11 22:35:00,26.1011518,-80.39893164
3041,2025-02-11 22:58:00,26.10068149,-80.40110939
3042,2025-02-11 23:28:00,26.09923762,-80.39949213
3043,2025-02-11 23:53:00,26.10042522,-80.40168855
3044,2025-02-12 0:13:00,26.10023108,-80.39935535
3045,2025-02-12 0:39:00,26.09881327,-80.40018906
3046,2025-02-12 0:51:00,26.09886611,-80.3990357
3047,2025-02-12 1:03:00,26.09914111,-80.39786043
3048,2025-02-12 1:14:00,26.10143665,-80.39888916
3049,2025-02-12 1:24:00,26.09892248,-80.39891748
3050,2025-02-12 1:29:00,26.09887297,-80.39811069
3051,2025-02-12 1:39:00,26.10027819,-80.39868939
3052,2025-02-12 1:47:00,26.09901547,-80.39863363
3053,2025-02-12 2:04:00,26.09900933,-80.40107667
3054,2025-02-12 2:19:00,26.09896385,-80.39925316
3055,2025-02-12 2:42:00,26.1003542,-80.39842434
3056,2025-02-12 3:11:00,26.10101899,-80.40172102
3057,2025-02-12 3:20:00,26.10160843,-80.39905981
3058,2025-02-12 3:30:00,26.10027905,-80.40149146
3059,2025-02-12 3:48:00,26.10114157,-80.40110031
3060,2025-02-12 4:17:00,26.10068294,-80.40030078
3061,2025-02-12 4:39:00,26.10020472,-80.3983687
3062,2025-02-12 4:57:00,26.09883021,-80.39879277
3063,2025-02-12 5:11:00,26.1005986,-80.40145896
3064,2025-02-12 5:20:00,26.10001545,-80.39921139
3065,2025-02-12 5:45:00,26.09882444,-80.40123043
3066,2025-02-12 6:07:00,26.09857233,-80.39785679
3067,2025-02-12 6:27:00,26.09923733,-80.40071084
3068,2025-02-12 6:57:00,26.10137887,-80.4016092
3069,2025-02-12 7:10:00,26.10054575,-80.39816415
3070,2025-02-12 7:19:00,26.09913252,-80.39902681
3071,2025-02-12 7:26:00,26.09875868,-80.40020325
3072,2025-02-12 7:40:00,26.09887946,-80.39810439
3073,2025-02-12 7:58:00,26.10215756,-80.39981162
3074,2025-02-12 8:20:00,26.10823051,-80.24407966
3075,2025-02-12 8:32:00,26.10114576,-80.18179153
3076,2025-02-12 8:49:00,26.10934915,-80.21738475
3077,2025-02-12 9:14:00,26.12162599,-80.13742903
3078,2025-02-12 9:24:00,26.12340957,-80.13775156
3079,2025-02-12 9:34:00,26.12142166,-80.13707069
3080,2025-02-12 9:45:00,26.12053938,-80.13900326
3081,2025-02-12 10:08:00,26.12086848,-80.13669932
3082,2025-02-12 10:35:00,26.12439651,-80.13660035
3083,2025-02-12 10:52:00,26.12277316,-80.13785551
3084,2025-02-12 11:01:00,26.12361344,-80.13723939
3085,2025-02-12 11:22:00,26.12421037,-80.13867742
3086,2025-02-12 11:42:00,26.1232167,-80.13903356
3087,2025-02-12 11:54:00,26.12201063,-80.13903013
3088,2025-02-12 12:07:00,26.12351603,-80.13820356
3089,2025-02-12 12:20:00,26.12067921,-80.13585371
3090,2025-02-12 12:38:00,26.12353939,-80.13622676
3091,2025-02-12 12:50:00,26.12077508,-80.13880938
3092,2025-02-12 13:14:00,26.12350838,-80.13716091
3093,2025-02-12 13:32:00,26.12076809,-80.13805279
3094,2025-02-12 13:44:00,26.02223669,-80.26469984
3095,2025-02-12 14:14:00,26.12261815,-80.13655234
3096,2025-02-12 14:34:00,26.12209588,-80.13818553
3097,2025-02-12 14:48:00,26.12251383,-80.13723839
3098,2025-02-12 15:08:00,26.12264797,-80.13602569
3099,2025-02-12 15:20:00,26.1238426,-80.13639244
3100,2025-02-12 15:35:00,26.12218091,-80.13875927
3101,2025-02-12 15:51:00,26.12046864,-80.13595495
3102,2025-02-12 15:59:00,26.1204828,-80.13799641
3103,2025-02-12 16:26:00,26.12375561,-80.13853354
3104,2025-02-12 16:37:00,26.12429322,-80.1359491
3105,2025-02-12 16:58:00,26.12291466,-80.13629345
3106,2025-02-12 17:09:00,26.10485763,-80.20260339
3107,2025-02-12 17:28:00,26.11257627,-80.14213729
3108,2025-02-12 17:38:00,26.1083661,-80.21227797
3109,2025-02-12 17:45:00,26.09152542,-80.20260339
3110,2025-02-12 17:51:00,26.09854237,-80.27032542
3111,2025-02-12 18:11:00,26.08046364,-80.27939097
3112,2025-02-12 18:25:00,26.07966104,-80.28106132
3113,2025-02-12 18:43:00,26.08120715,-80.2786358
3114,2025-02-12 19:06:00,26.08211254,-80.28181536
3115,2025-02-12 19:36:00,26.08232637,-80.28002849
3116,2025-02-12 19:48:00,26.08002707,-80.28060325
3117,2025-02-12 19:59:00,26.0817664,-80.28094098
3118,2025-02-12 20:08:00,26.09934156,-80.40072685
3119,2025-02-12 20:18:00,26.09940673,-80.40160511
3120,2025-02-12 20:36:00,26.10194117,-80.40075438
3121,2025-02-12 20:50:00,26.09865463,-80.39903253
3122,2025-02-12 21:09:00,26.10097943,-80.39827954
3123,2025-02-12 21:27:00,26.10077428,-80.40027247
3124,2025-02-12 21:48:00,26.101849,-80.40002081
3125,2025-02-12 22:14:00,26.10107547,-80.39808567
3126,2025-02-12 22:36:00,26.10146796,-80.39894266
3127,2025-02-12 23:01:00,26.10131307,-80.40056069
3128,2025-02-12 23:31:00,26.09847997,-80.39986505
3129,2025-02-12 23:51:00,26.10197255,-80.40096614
3130,2025-02-13 0:06:00,26.10149093,-80.40150313
3131,2025-02-13 0:29:00,26.09977306,-80.39894188
3132,2025-02-13 0:50:00,26.10222668,-80.40036262
3133,2025-02-13 0:59:00,26.09932226,-80.3989498
3134,2025-02-13 1:20:00,26.10116795,-80.39954127
3135,2025-02-13 1:30:00,26.09879504,-80.40085609
3136,2025-02-13 1:52:00,26.10189571,-80.39884636
3137,2025-02-13 2:20:00,26.10129025,-80.40091521
3138,2025-02-13 2:43:00,26.10085445,-80.3989111
3139,2025-02-13 3:11:00,26.10152026,-80.40124774
3140,2025-02-13 3:24:00,26.09925294,-80.39897081
3141,2025-02-13 3:54:00,26.10051341,-80.39968049
3142,2025-02-13 4:07:00,26.09878632,-80.40173765
3143,2025-02-13 4:37:00,26.10025837,-80.40092861
3144,2025-02-13 4:53:00,26.09933868,-80.39796733
3145,2025-02-13 5:14:00,26.09994517,-80.39996671
3146,2025-02-13 5:42:00,26.09993274,-80.39917956
3147,2025-02-13 6:12:00,26.10072773,-80.39978561
3148,2025-02-13 6:30:00,26.09983542,-80.40162507
3149,2025-02-13 6:35:00,26.10138486,-80.39862661
3150,2025-02-13 6:48:00,26.10150647,-80.40032727
3151,2025-02-13 7:15:00,26.10119273,-80.39908401
3152,2025-02-13 7:35:00,26.10095558,-80.39893312
3153,2025-02-13 8:03:00,26.1004,-80.15509661
3154,2025-02-13 8:29:00,26.11717966,-80.20403729
3155,2025-02-13 8:40:00,26.10375593,-80.38200339
3156,2025-02-13 8:46:00,26.11158644,-80.19513898
3157,2025-02-13 8:58:00,26.11904407,-80.3998
3158,2025-02-13 9:25:00,26.1226403,-80.13884958
3159,2025-02-13 9:48:00,26.12084784,-80.13923143
3160,2025-02-13 9:56:00,26.12394846,-80.1365436
3161,2025-02-13 10:13:00,26.12380496,-80.13614627
3162,2025-02-13 10:34:00,26.12099307,-80.1357942
3163,2025-02-13 10:51:00,26.1207298,-80.13710138
3164,2025-02-13 11:10:00,26.12340279,-80.13850104
3165,2025-02-13 11:31:00,26.12187847,-80.1374373
3166,2025-02-13 11:47:00,26.1227806,-80.13901087
3167,2025-02-13 12:17:00,26.12341235,-80.13896796
3168,2025-02-13 12:44:00,26.1231952,-80.1368588
3169,2025-02-13 12:57:00,26.12064156,-80.13726896
3170,2025-02-13 13:17:00,26.1232033,-80.13791794
3171,2025-02-13 13:23:00,26.1243861,-80.13897608
3172,2025-02-13 13:40:00,26.12351508,-80.13587525
3173,2025-02-13 13:57:00,26.12238731,-80.13690051
3174,2025-02-13 14:08:00,26.12363313,-80.1387462
3175,2025-02-13 14:19:00,26.12401662,-80.13853713
3176,2025-02-13 14:33:00,26.12071997,-80.1367906
3177,2025-02-13 14:55:00,26.12156839,-80.13621569
3178,2025-02-13 15:15:00,26.1230913,-80.13832276
3179,2025-02-13 15:23:00,26.12379788,-80.13702477
3180,2025-02-13 15:29:00,26.12147266,-80.13696271
3181,2025-02-13 15:57:00,26.12236282,-80.13613095
3182,2025-02-13 16:24:00,26.12053508,-80.13860975
3183,2025-02-13 16:45:00,26.12275097,-80.13810079
3184,2025-02-13 17:03:00,25.29486385,-79.51612393
3185,2025-02-13 17:24:00,26.11608475,-80.24613898
3186,2025-02-13 17:44:00,26.10626102,-80.15664915
3187,2025-02-13 17:51:00,26.11818983,-80.23404576
3188,2025-02-13 18:03:00,26.07982978,-80.27837066
3189,2025-02-13 18:15:00,26.08159418,-80.28044843
3190,2025-02-13 18:31:00,26.08262306,-80.28004886
3191,2025-02-13 18:51:00,26.08128907,-80.28112653
3192,2025-02-13 19:06:00,26.08174985,-80.28073737
3193,2025-02-13 19:14:00,26.08075966,-80.28086219
3194,2025-02-13 19:35:00,25.87421196,-79.43251086
3195,2025-02-13 19:45:00,26.08099801,-80.27839925
3196,2025-02-13 19:55:00,26.08201865,-80.28163954
3197,2025-02-13 20:01:00,26.10115288,-80.40094654
3198,2025-02-13 20:17:00,26.09843447,-80.39787648
3199,2025-02-13 20:33:00,26.09966608,-80.3995067
3200,2025-02-13 20:45:00,25.36379964,-79.89170003
3201,2025-02-13 20:55:00,26.10011957,-80.39955517
3202,2025-02-13 21:03:00,26.0995175,-80.40151754
3203,2025-02-13 21:21:00,26.10207197,-80.40135182
3204,2025-02-13 21:50:00,26.09935571,-80.40130044
3205,2025-02-13 22:02:00,26.09976514,-80.4015449
3206,2025-02-13 22:15:00,26.10232855,-80.40167857
3207,2025-02-13 22:40:00,26.10077556,-80.39964427
3208,2025-02-13 22:49:00,26.86755446,-80.94517491
3209,2025-02-13 23:00:00,26.10148269,-80.39828868
3210,2025-02-13 23:20:00,26.09936461,-80.39954498
3211,2025-02-13 23:49:00,26.10009262,-80.39868798
3212,2025-02-14 0:02:00,26.10168821,-80.40173538
3213,2025-02-14 0:07:00,26.10106722,-80.40012623
3214,2025-02-14 0:24:00,26.10150534,-80.39992108
3215,2025-02-14 0:34:00,26.10075514,-80.40061628
3216,2025-02-14 1:04:00,26.09864989,-80.39952997
3217,2025-02-14 1:28:00,26.10194065,-80.39950097
3218,2025-02-14 1:35:00,26.1013781,-80.3996061
3219,2025-02-14 2:01:00,26.09966392,-80.40000432
3220,2025-02-14 2:19:00,26.09913089,-80.39814923
3221,2025-02-14 2:26:00,26.10090702,-80.40110397
3222,2025-02-14 2:46:00,26.10167731,-80.39968365
3223,2025-02-14 3:09:00,26.10062572,-80.40016763
3224,2025-02-14 3:18:00,26.10075913,-80.3989221
3225,2025-02-14 3:39:00,26.09842269,-80.39925147
3226,2025-02-14 4:06:00,26.09854279,-80.4007219
3227,2025-02-14 4:29:00,26.09909824,-80.39880914
3228,2025-02-14 4:57:00,26.09890058,-80.40084429
3229,2025-02-14 5:07:00,26.10059251,-80.40037457
3230,2025-02-14 5:16:00,26.10214473,-80.40055425
3231,2025-02-14 5:25:00,26.09934631,-80.39874076
3232,2025-02-14 5:47:00,26.09908482,-80.39818327
3233,2025-02-14 6:01:00,26.10039525,-80.39885277
3234,2025-02-14 6:18:00,26.10185527,-80.39948708
3235,2025-02-14 6:41:00,26.0987414,-80.39913901
3236,2025-02-14 7:00:00,26.09942271,-80.39999464
3237,2025-02-14 7:22:00,26.10202965,-80.40153081
3238,2025-02-14 7:37:00,26.1021334,-80.39802948
3239,2025-02-14 8:05:00,26.11829831,-80.27522373
3240,2025-02-14 8:34:00,26.10412881,-80.20848644
3241,2025-02-14 9:00:00,26.12400858,-80.13717997
3242,2025-02-14 9:26:00,26.12137778,-80.13597869
3243,2025-02-14 9:38:00,26.12254998,-80.13738118
3244,2025-02-14 10:06:00,26.12112182,-80.13615557
3245,2025-02-14 10:24:00,26.12090013,-80.13615882
3246,2025-02-14 10:30:00,26.12372767,-80.13762203
3247,2025-02-14 10:57:00,26.12074253,-80.13843193
3248,2025-02-14 11:05:00,26.1240137,-80.13842503
3249,2025-02-14 11:14:00,26.12223443,-80.13764607
3250,2025-02-14 11:24:00,26.12231855,-80.13537678
3251,2025-02-14 11:39:00,26.12109798,-80.13755048
3252,2025-02-14 11:45:00,26.12081535,-80.1359185
3253,2025-02-14 11:54:00,26.12179557,-80.13842969
3254,2025-02-14 12:13:00,26.12055087,-80.13648152
3255,2025-02-14 12:29:00,26.12336629,-80.135582
3256,2025-02-14 12:51:00,26.76712898,-79.90928121
3257,2025-02-14 13:06:00,25.34013678,-80.4148374
3258,2025-02-14 13:26:00,26.12062447,-80.13686123
3259,2025-02-14 13:45:00,26.12128305,-80.13915979
3260,2025-02-14 14:05:00,26.12040125,-80.13550771
3261,2025-02-14 14:31:00,26.12087355,-80.13735475
3262,2025-02-14 15:01:00,26.12427579,-80.13924969
3263,2025-02-14 15:15:00,26.123396,-80.1390852
3264,2025-02-14 15:35:00,26.12165984,-80.13838129
3265,2025-02-14 15:56:00,26.12103994,-80.13845321
3266,2025-02-14 16:07:00,26.12129642,-80.13647141
3267,2025-02-14 16:34:00,26.12173082,-80.13614335
3268,2025-02-14 16:48:00,26.30237032,-79.73101854
3269,2025-02-14 17:11:00,26.10205085,-80.26548814
3270,2025-02-14 17:35:00,26.12029492,-80.16390508
3271,2025-02-14 17:57:00,26.09363051,-80.25097627
3272,2025-02-14 18:05:00,26.08032364,-80.27934988
3273,2025-02-14 18:28:00,26.08276742,-80.27928341
3274,2025-02-14 18:43:00,26.08154297,-80.27928208
3275,2025-02-14 19:11:00,26.08164396,-80.27980099
3276,2025-02-14 19:39:00,26.08248467,-80.27866781
3277,2025-02-14 19:44:00,26.07960928,-80.28037998
3278,2025-02-14 19:57:00,26.07992758,-80.27864204
3279,2025-02-14 20:21:00,26.10136067,-80.40048083
3280,2025-02-14 20:39:00,26.10222718,-80.40006697
3281,2025-02-14 21:09:00,26.10067959,-80.39880563
3282,2025-02-14 21:36:00,26.1004668,-80.40143707
3283,2025-02-14 22:05:00,26.09897624,-80.39976008
3284,2025-02-14 22:23:00,26.09846863,-80.39921143
3285,2025-02-14 22:47:00,26.09939712,-80.40119521
3286,2025-02-14 23:13:00,26.10179718,-80.39964757
3287,2025-02-14 23:25:00,26.10182555,-80.39820291
3288,2025-02-14 23:39:00,26.10037333,-80.40125743
3289,2025-02-14 23:56:00,26.10007007,-80.40000136
3290,2025-02-15 0:01:00,26.09985867,-80.39915105
3291,2025-02-15 0:31:00,26.09913794,-80.39827458
3292,2025-02-15 0:56:00,26.10201179,-80.4008124
3293,2025-02-15 1:05:00,26.09878308,-80.40063663
3294,2025-02-15 1:35:00,26.09933134,-80.40157943
3295,2025-02-15 1:48:00,26.10100327,-80.39875902
3296,2025-02-15 2:17:00,26.10031189,-80.39941476
3297,2025-02-15 2:42:00,26.14388918,-80.82138694
3298,2025-02-15 3:10:00,26.10160354,-80.39885195
3299,2025-02-15 3:39:00,26.09993914,-80.39813049
3300,2025-02-15 3:52:00,26.09922361,-80.40112231
3301,2025-02-15 4:09:00,26.10120498,-80.39827705
3302,2025-02-15 4:25:00,26.09959131,-80.4012278
3303,2025-02-15 4:53:00,26.09997474,-80.40008256
3304,2025-02-15 5:02:00,26.09915239,-80.40122367
3305,2025-02-15 5:24:00,26.09973068,-80.39784874
3306,2025-02-15 5:45:00,26.0996837,-80.4008977
3307,2025-02-15 6:04:00,26.37428148,-79.90356803
3308,2025-02-15 6:31:00,26.09932298,-80.39998386
3309,2025-02-15 6:50:00,26.09910001,-80.39882318
3310,2025-02-15 7:16:00,26.0998159,-80.40039671
3311,2025-02-15 7:42:00,26.09962878,-80.4000901
3312,2025-02-15 8:10:00,26.10100364,-80.39963544
3313,2025-02-15 8:19:00,26.09893286,-80.3999638
3314,2025-02-15 8:43:00,26.10238648,-80.3979919
3315,2025-02-15 8:51:00,26.0998789,-80.39801281
3316,2025-02-15 9:01:00,26.10179872,-80.399973
3317,2025-02-15 9:12:00,26.10139764,-80.40066084
3318,2025-02-15 9:32:00,26.10205269,-80.39896088
3319,2025-02-15 9:52:00,26.09897138,-80.39801817
3320,2025-02-15 10:11:00,25.31216079,-80.349427
3321,2025-02-15 10:23:00,26.07923081,-80.27870789
3322,2025-02-15 10:53:00,26.08184212,-80.27935068
3323,2025-02-15 11:04:00,26.07950757,-80.27971691
3324,2025-02-15 11:13:00,26.07911522,-80.28019676
3325,2025-02-15 11:35:00,26.07956216,-80.28195446
3326,2025-02-15 11:50:00,26.07962219,-80.28051624
3327,2025-02-15 11:57:00,26.08068526,-80.27822268
3328,2025-02-15 12:03:00,26.10229182,-80.39919748
3329,2025-02-15 12:13:00,26.0986213,-80.3987062
3330,2025-02-15 12:28:00,26.10037189,-80.39961845
3331,2025-02-15 12:57:00,26.10111726,-80.40037738
3332,2025-02-15 13:22:00,26.10189495,-80.40104751
3333,2025-02-15 13:39:00,26.09926086,-80.40061172
3334,2025-02-15 13:54:00,26.10187733,-80.39886147
3335,2025-02-15 14:07:00,26.09886573,-80.39798168
3336,2025-02-15 14:16:00,26.10219605,-80.40022984
3337,2025-02-15 14:40:00,26.10022204,-80.39944979
3338,2025-02-15 15:09:00,26.09886277,-80.39819248
3339,2025-02-15 15:29:00,26.10236372,-80.39790707
3340,2025-02-15 15:51:00,26.10020804,-80.40113165
3341,2025-02-15 16:01:00,26.09979951,-80.40088991
3342,2025-02-15 16:18:00,26.10201239,-80.39954166
3343,2025-02-15 16:40:00,26.10200508,-80.40131588
3344,2025-02-15 16:58:00,26.10048968,-80.40149953
3345,2025-02-15 17:26:00,26.10161618,-80.40093951
3346,2025-02-15 17:51:00,26.09862409,-80.40113879
3347,2025-02-15 18:14:00,26.09896645,-80.39858655
3348,2025-02-15 18:36:00,26.10234985,-80.40065814
3349,2025-02-15 19:05:00,26.10133166,-80.40072614
3350,2025-02-15 19:20:00,26.10219297,-80.39968065
3351,2025-02-15 19:37:00,26.10087856,-80.39928185
3352,2025-02-15 20:00:00,26.10021311,-80.39934428
3353,2025-02-15 20:25:00,26.10028386,-80.39802784
3354,2025-02-15 20:33:00,26.10072105,-80.39837552
3355,2025-02-15 20:40:00,26.10238739,-80.39891963
3356,2025-02-15 20:55:00,26.10177694,-80.39948535
3357,2025-02-15 21:07:00,26.09857924,-80.40160386
3358,2025-02-15 21:13:00,26.10082078,-80.3990908
3359,2025-02-15 21:40:00,26.1000324,-80.39897778
3360,2025-02-15 22:10:00,26.10205329,-80.40164342
3361,2025-02-15 22:40:00,26.10145604,-80.3996863
3362,2025-02-15 23:01:00,26.10210609,-80.39891718
3363,2025-02-15 23:09:00,26.09884275,-80.39834169
3364,2025-02-15 23:36:00,26.10192974,-80.39989472
3365,2025-02-15 23:44:00,26.10206195,-80.40128025
3366,2025-02-16 0:08:00,26.09951745,-80.40149774
3367,2025-02-16 0:31:00,26.09959502,-80.39861328
3368,2025-02-16 0:42:00,26.09991806,-80.40083084
3369,2025-02-16 1:12:00,26.09994366,-80.39972293
3370,2025-02-16 1:36:00,26.10070175,-80.40011299
3371,2025-02-16 1:53:00,26.10181249,-80.40006034
3372,2025-02-16 2:08:00,26.26193713,-80.33880446
3373,2025-02-16 2:37:00,26.09934693,-80.39965613
3374,2025-02-16 2:53:00,26.10115738,-80.39825198
3375,2025-02-16 3:22:00,26.09967537,-80.39949599
3376,2025-02-16 3:51:00,26.1022577,-80.40038555
3377,2025-02-16 4:12:00,26.09950287,-80.40110461
3378,2025-02-16 4:34:00,26.09861616,-80.40042179
3379,2025-02-16 4:55:00,26.10031591,-80.40088125
3380,2025-02-16 5:01:00,26.09919708,-80.39904641
3381,2025-02-16 5:12:00,26.09980594,-80.40160254
3382,2025-02-16 5:19:00,26.09934254,-80.40175612
3383,2025-02-16 5:31:00,26.09969302,-80.39856603
3384,2025-02-16 5:41:00,26.10149631,-80.40113601
3385,2025-02-16 5:52:00,26.09870944,-80.3991094
3386,2025-02-16 5:57:00,26.0994172,-80.40174348
3387,2025-02-16 6:21:00,26.0992573,-80.39782419
3388,2025-02-16 6:41:00,26.10125317,-80.39861357
3389,2025-02-16 7:00:00,26.09909314,-80.39953545
3390,2025-02-16 7:19:00,26.09861884,-80.4013029
3391,2025-02-16 7:28:00,26.09879017,-80.39833862
3392,2025-02-16 7:36:00,26.10160452,-80.39837449
3393,2025-02-16 7:41:00,26.10016942,-80.39838655
3394,2025-02-16 7:57:00,26.09969206,-80.39995074
3395,2025-02-16 8:25:00,26.10236848,-80.40096422
3396,2025-02-16 8:36:00,26.10234908,-80.40068052
3397,2025-02-16 9:03:00,26.09930977,-80.3992223
3398,2025-02-16 9:17:00,26.10168236,-80.39782512
3399,2025-02-16 9:23:00,26.09843255,-80.39880214
3400,2025-02-16 9:49:00,26.10219933,-80.40118545
3401,2025-02-16 10:15:00,26.0828043,-80.27961143
3402,2025-02-16 10:45:00,25.98710104,-80.95278426
3403,2025-02-16 11:09:00,26.08295939,-80.28016791
3404,2025-02-16 11:25:00,26.08266418,-80.2812151
3405,2025-02-16 11:38:00,26.08122316,-80.28183767
3406,2025-02-16 12:07:00,26.09914772,-80.40018419
3407,2025-02-16 12:37:00,26.09887551,-80.40161175
3408,2025-02-16 12:50:00,26.10058759,-80.39865946
3409,2025-02-16 13:04:00,26.10207917,-80.39911356
3410,2025-02-16 13:25:00,26.09887421,-80.40064442
3411,2025-02-16 13:32:00,26.10044461,-80.39987534
3412,2025-02-16 13:52:00,26.10143079,-80.39825209
3413,2025-02-16 14:05:00,26.10186215,-80.39978771
3414,2025-02-16 14:29:00,26.10140969,-80.40021628
3415,2025-02-16 14:46:00,26.09872014,-80.39856416
3416,2025-02-16 15:04:00,26.10080985,-80.40072444
3417,2025-02-16 15:27:00,26.10209146,-80.39982114
3418,2025-02-16 15:33:00,26.09920796,-80.39991428
3419,2025-02-16 15:49:00,26.10127649,-80.39979471
3420,2025-02-16 16:02:00,26.10200909,-80.39898712
3421,2025-02-16 16:13:00,26.09972572,-80.39876291
3422,2025-02-16 16:41:00,26.10222633,-80.39891501
3423,2025-02-16 17:10:00,26.10087125,-80.40057223
3424,2025-02-16 17:36:00,26.10148429,-80.39971835
3425,2025-02-16 17:53:00,26.10239174,-80.40118839
3426,2025-02-16 18:17:00,26.09912087,-80.39909874
3427,2025-02-16 18:28:00,26.1017879,-80.39853818
3428,2025-02-16 18:49:00,26.09911504,-80.40037987
3429,2025-02-16 18:59:00,26.10044343,-80.40030685
3430,2025-02-16 19:09:00,26.10234457,-80.39900669
3431,2025-02-16 19:39:00,26.10172462,-80.39874248
3432,2025-02-16 19:49:00,26.10075378,-80.39794126
3433,2025-02-16 20:04:00,25.47940149,-80.10348776
3434,2025-02-16 20:10:00,26.10239974,-80.40110885
3435,2025-02-16 20:30:00,26.09889221,-80.39891238
3436,2025-02-16 20:41:00,26.10063864,-80.40046079
3437,2025-02-16 21:06:00,26.10014476,-80.39812806
3438,2025-02-16 21:29:00,26.10031746,-80.39959387
3439,2025-02-16 21:55:00,26.09907403,-80.39953779
3440,2025-02-16 22:11:00,26.96278962,-80.15308015
3441,2025-02-16 22:22:00,26.10109283,-80.3991725
3442,2025-02-16 22:52:00,26.09938988,-80.3984454
3443,2025-02-16 23:13:00,26.10172705,-80.39981221
3444,2025-02-16 23:21:00,26.10038771,-80.40038791
3445,2025-02-16 23:38:00,26.10209916,-80.40126672
3446,2025-02-16 23:45:00,26.09949372,-80.3988752
3447,2025-02-16 23:50:00,26.0996907,-80.40122557
3448,2025-02-17 0:05:00,26.10076823,-80.4010521
3449,2025-02-17 0:23:00,26.09946707,-80.39895311
3450,2025-02-17 0:49:00,26.10217778,-80.39893649
3451,2025-02-17 1:02:00,26.09870064,-80.39808346
3452,2025-02-17 1:25:00,26.10128113,-80.40151689
3453,2025-02-17 1:36:00,26.09855198,-80.40145104
3454,2025-02-17 1:44:00,26.10126059,-80.40172619
3455,2025-02-17 1:49:00,25.28681838,-79.48051919
3456,2025-02-17 2:16:00,26.09893381,-80.3982367
3457,2025-02-17 2:35:00,26.09995612,-80.40125543
3458,2025-02-17 2:43:00,26.10129658,-80.40008381
3459,2025-02-17 3:11:00,26.09866038,-80.39958217
3460,2025-02-17 3:39:00,26.09885272,-80.3999794
3461,2025-02-17 3:50:00,26.10071166,-80.40113568
3462,2025-02-17 4:18:00,26.10020244,-80.39850958
3463,2025-02-17 4:32:00,26.09994718,-80.39849918
3464,2025-02-17 4:43:00,26.10104776,-80.39991368
3465,2025-02-17 4:59:00,26.10102887,-80.40068909
3466,2025-02-17 5:15:00,26.09901974,-80.39786174
3467,2025-02-17 5:45:00,26.09973338,-80.39852464
3468,2025-02-17 6:08:00,26.10068213,-80.39863342
3469,2025-02-17 6:24:00,26.10021603,-80.39839915
3470,2025-02-17 6:47:00,26.09984801,-80.3992643
3471,2025-02-17 7:10:00,26.0984536,-80.40099653
3472,2025-02-17 7:34:00,26.09993576,-80.39924684
3473,2025-02-17 7:41:00,26.09862765,-80.40177283
3474,2025-02-17 8:05:00,26.10077288,-80.38200339
3475,2025-02-17 8:22:00,26.11792542,-80.31081695
3476,2025-02-17 8:30:00,26.10263729,-80.28412203
3477,2025-02-17 8:51:00,26.1224,-80.16399492
3478,2025-02-17 9:08:00,26.12187616,-80.1373454
3479,2025-02-17 9:18:00,26.12319609,-80.13746849
3480,2025-02-17 9:40:00,26.12064732,-80.13781099
3481,2025-02-17 9:48:00,26.12135149,-80.13691171
3482,2025-02-17 9:54:00,26.12363939,-80.13873363
3483,2025-02-17 10:16:00,26.12432877,-80.13685371
3484,2025-02-17 10:25:00,26.12115551,-80.13561269
3485,2025-02-17 10:42:00,26.12137258,-80.13623163
3486,2025-02-17 10:57:00,26.12419875,-80.13904783
3487,2025-02-17 11:13:00,26.12129386,-80.13719041
3488,2025-02-17 11:27:00,26.1221139,-80.13886022
3489,2025-02-17 11:57:00,26.12285523,-80.13899242
3490,2025-02-17 12:09:00,26.12200143,-80.1364601
3491,2025-02-17 12:34:00,26.12171214,-80.13604183
3492,2025-02-17 13:03:00,26.12379882,-80.13794257
3493,2025-02-17 13:33:00,26.12231621,-80.13568205
3494,2025-02-17 13:48:00,26.12155647,-80.13757267
3495,2025-02-17 14:06:00,26.12326399,-80.13850753
3496,2025-02-17 14:17:00,26.12090585,-80.13762747
3497,2025-02-17 14:37:00,26.12091554,-80.1385395
3498,2025-02-17 14:52:00,26.12293234,-80.13726325
3499,2025-02-17 15:16:00,26.12258473,-80.13837477
3500,2025-02-17 15:29:00,26.12365949,-80.13735374
3501,2025-02-17 15:36:00,26.12401477,-80.13767695
3502,2025-02-17 15:45:00,26.12198833,-80.13649977
3503,2025-02-17 16:07:00,26.1228258,-80.13843891
3504,2025-02-17 16:30:00,26.12434724,-80.13837958
3505,2025-02-17 17:00:00,26.08170169,-80.18325424
3506,2025-02-17 17:25:00,26.1083661,-80.18809153
3507,2025-02-17 17:54:00,26.10064746,-80.19292881
3508,2025-02-17 18:10:00,26.08181072,-80.28014566
3509,2025-02-17 18:23:00,26.08169547,-80.28096381
3510,2025-02-17 18:34:00,26.08058015,-80.28023938
3511,2025-02-17 18:54:00,26.07970455,-80.28068647
3512,2025-02-17 19:19:00,26.08045727,-80.27942026
3513,2025-02-17 19:40:00,26.08054334,-80.28161567
3514,2025-02-17 19:58:00,26.0814495,-80.27981503
3515,2025-02-17 20:04:00,26.1015532,-80.40033529
3516,2025-02-17 20:14:00,26.098457,-80.3985046
3517,2025-02-17 20:35:00,26.09853904,-80.39856051
3518,2025-02-17 20:44:00,26.10042613,-80.398574
3519,2025-02-17 20:52:00,26.10092261,-80.39895699
3520,2025-02-17 21:12:00,26.09915428,-80.40015638
3521,2025-02-17 21:27:00,26.09949097,-80.39827359
3522,2025-02-17 21:32:00,26.10063937,-80.401294
3523,2025-02-17 21:54:00,26.10103915,-80.3983831
3524,2025-02-17 22:15:00,26.10148417,-80.39997071
3525,2025-02-17 22:38:00,26.09968271,-80.40109765
3526,2025-02-17 22:53:00,26.09918304,-80.39792849
3527,2025-02-17 23:00:00,26.10236795,-80.4002502
3528,2025-02-17 23:06:00,26.10220673,-80.40133511
3529,2025-02-17 23:25:00,26.09960401,-80.3993
3530,2025-02-17 23:46:00,26.10220027,-80.39786768
3531,2025-02-17 23:57:00,26.09912031,-80.40044332
3532,2025-02-18 0:08:00,26.10150616,-80.40062643
3533,2025-02-18 0:19:00,26.1021247,-80.3993051
3534,2025-02-18 0:26:00,26.09988345,-80.40097621
3535,2025-02-18 0:50:00,26.09970034,-80.39877919
3536,2025-02-18 1:19:00,26.10138751,-80.40146939
3537,2025-02-18 1:25:00,26.10139349,-80.39870235
3538,2025-02-18 1:34:00,26.10111109,-80.39907083
3539,2025-02-18 1:52:00,26.10085187,-80.40177919
3540,2025-02-18 2:18:00,26.10180141,-80.40032809
3541,2025-02-18 2:46:00,26.09841925,-80.401784
3542,2025-02-18 2:52:00,26.09952738,-80.39928853
3543,2025-02-18 3:04:00,26.1014751,-80.39993013
3544,2025-02-18 3:23:00,26.09847942,-80.39884248
3545,2025-02-18 3:43:00,26.10099324,-80.3985541
3546,2025-02-18 4:09:00,26.09966022,-80.39823745
3547,2025-02-18 4:16:00,26.09855477,-80.40040784
3548,2025-02-18 4:41:00,26.09935399,-80.39794792
3549,2025-02-18 4:56:00,26.099111,-80.40058272
3550,2025-02-18 5:07:00,26.10188138,-80.40093444
3551,2025-02-18 5:34:00,26.10144885,-80.39989973
3552,2025-02-18 5:50:00,26.0995226,-80.39905529
3553,2025-02-18 6:03:00,26.09956207,-80.40055115
3554,2025-02-18 6:26:00,26.10071108,-80.40134766
3555,2025-02-18 6:40:00,26.09909354,-80.40090005
3556,2025-02-18 6:49:00,26.10225487,-80.39863263
3557,2025-02-18 7:02:00,26.10189302,-80.3994587
3558,2025-02-18 7:28:00,26.10001648,-80.40140493
3559,2025-02-18 7:54:00,26.09904335,-80.40053545
3560,2025-02-18 8:02:00,26.10711186,-80.32861356
3561,2025-02-18 8:07:00,26.10226441,-80.31081695
3562,2025-02-18 8:35:00,26.11941695,-80.38200339
3563,2025-02-18 8:58:00,26.11829831,-80.29302034
3564,2025-02-18 9:14:00,26.12269029,-80.13742223
3565,2025-02-18 9:37:00,26.12139595,-80.13727494
3566,2025-02-18 9:49:00,26.12262024,-80.13600479
3567,2025-02-18 10:19:00,26.12426722,-80.13761337
3568,2025-02-18 10:44:00,26.12064452,-80.13606994
3569,2025-02-18 11:06:00,26.12248726,-80.13904364
3570,2025-02-18 11:28:00,26.12161016,-80.13739667
3571,2025-02-18 11:48:00,26.12069986,-80.13721053
3572,2025-02-18 12:08:00,26.05634178,-80.25356393
3573,2025-02-18 12:34:00,26.12139523,-80.13791091
3574,2025-02-18 12:48:00,26.12273871,-80.13678405
3575,2025-02-18 12:56:00,26.12265728,-80.1358847
3576,2025-02-18 13:22:00,26.12128264,-80.13689958
3577,2025-02-18 13:33:00,26.12354217,-80.13743107
3578,2025-02-18 14:02:00,26.12401869,-80.13884944
3579,2025-02-18 14:16:00,26.12093814,-80.13664806
3580,2025-02-18 14:40:00,26.12148154,-80.13532939
3581,2025-02-18 14:57:00,26.12181942,-80.13757227
3582,2025-02-18 15:16:00,26.12404266,-80.13755068
3583,2025-02-18 15:44:00,26.1224068,-80.13769261
3584,2025-02-18 15:58:00,26.12129294,-80.13707685
3585,2025-02-18 16:19:00,26.12339389,-80.13864507
3586,2025-02-18 16:25:00,26.1230478,-80.13714474
3587,2025-02-18 16:31:00,26.12205836,-80.13797644
3588,2025-02-18 16:41:00,26.12260184,-80.13816052
3589,2025-02-18 17:09:00,26.10275254,-80.14455593
3590,2025-02-18 17:37:00,26.0943322,-80.14939322
3591,2025-02-18 18:06:00,26.08247338,-80.27802391
3592,2025-02-18 18:18:00,26.08046336,-80.27899574
3593,2025-02-18 18:25:00,26.08165398,-80.28139267
3594,2025-02-18 18:40:00,26.08269179,-80.27922772
3595,2025-02-18 18:54:00,26.07919737,-80.27990728
3596,2025-02-18 19:07:00,26.08141625,-80.27923163
3597,2025-02-18 19:25:00,26.08155046,-80.27935611
3598,2025-02-18 19:53:00,26.07924804,-80.27958788
3599,2025-02-18 20:22:00,26.10230059,-80.39845567
3600,2025-02-18 20:41:00,26.10184147,-80.40047521
3601,2025-02-18 20:59:00,26.10233884,-80.39940783
3602,2025-02-18 21:20:00,26.1019327,-80.4007065
3603,2025-02-18 21:44:00,26.0989811,-80.39938312
3604,2025-02-18 21:49:00,26.09889512,-80.40049786
3605,2025-02-18 22:13:00,26.10116812,-80.40075566
3606,2025-02-18 22:37:00,26.09888259,-80.39922848
3607,2025-02-18 22:48:00,26.10042643,-80.40048543
3608,2025-02-18 22:59:00,26.10034802,-80.39867182
3609,2025-02-18 23:27:00,26.1008527,-80.39908879
3610,2025-02-18 23:47:00,26.10056837,-80.39851802
3611,2025-02-19 0:06:00,25.10436218,-80.86057558
3612,2025-02-19 0:34:00,26.09925838,-80.39936786
3613,2025-02-19 0:57:00,26.10110628,-80.3989104
3614,2025-02-19 1:07:00,26.10132845,-80.39949915
3615,2025-02-19 1:22:00,26.60652601,-79.54354811
3616,2025-02-19 1:46:00,26.10216413,-80.39970717
3617,2025-02-19 1:54:00,26.10027597,-80.39989419
3618,2025-02-19 2:00:00,26.10177683,-80.39863526
3619,2025-02-19 2:18:00,26.10085188,-80.40162529
3620,2025-02-19 2:37:00,26.09864368,-80.40066511
3621,2025-02-19 2:47:00,26.10053869,-80.40036552
3622,2025-02-19 3:01:00,26.09988881,-80.40175447
3623,2025-02-19 3:24:00,26.10167831,-80.39832058
3624,2025-02-19 3:36:00,26.10222859,-80.40119269
3625,2025-02-19 3:42:00,26.09992279,-80.3986645
3626,2025-02-19 3:47:00,26.101214,-80.39788065
3627,2025-02-19 3:54:00,26.10120807,-80.40127465
3628,2025-02-19 4:06:00,26.10218068,-80.3999062
3629,2025-02-19 4:35:00,26.10035227,-80.40033839
3630,2025-02-19 4:40:00,26.09927449,-80.40158816
3631,2025-02-19 4:57:00,26.10049505,-80.40136379
3632,2025-02-19 5:12:00,26.09862097,-80.40152524
3633,2025-02-19 5:27:00,26.09999975,-80.40110865
3634,2025-02-19 5:51:00,26.10127523,-80.39814888
3635,2025-02-19 6:02:00,26.10067078,-80.39905735
3636,2025-02-19 6:24:00,26.10194979,-80.4003533
3637,2025-02-19 6:48:00,26.09979503,-80.39999944
3638,2025-02-19 7:11:00,26.09994413,-80.39839169
3639,2025-02-19 7:24:00,26.10162289,-80.39990185
3640,2025-02-19 7:41:00,26.0999898,-80.40146175
3641,2025-02-19 7:59:00,26.10223049,-80.40169833
3642,2025-02-19 8:16:00,26.21590066,-80.49685397
3643,2025-02-19 8:30:00,26.1063661,-80.19068983
3644,2025-02-19 8:44:00,26.11382373,-80.24852881
3645,2025-02-19 9:14:00,26.12323819,-80.13552857
3646,2025-02-19 9:34:00,26.12155127,-80.13621894
3647,2025-02-19 9:57:00,26.12336283,-80.13688528
3648,2025-02-19 10:24:00,26.1226676,-80.13912059
3649,2025-02-19 10:43:00,26.12170269,-80.13845061
3650,2025-02-19 10:52:00,26.1230901,-80.13674508
3651,2025-02-19 11:04:00,26.12376241,-80.13538228
3652,2025-02-19 11:27:00,26.12318257,-80.13533413
3653,2025-02-19 11:57:00,26.12047088,-80.13688552
3654,2025-02-19 12:02:00,26.12265865,-80.1364725
3655,2025-02-19 12:29:00,26.12084612,-80.13715137
3656,2025-02-19 12:41:00,26.12424324,-80.13567465
3657,2025-02-19 12:58:00,26.12402011,-80.13893252
3658,2025-02-19 13:13:00,26.12090676,-80.13656907
3659,2025-02-19 13:41:00,26.12084779,-80.13644114
3660,2025-02-19 13:56:00,26.1235052,-80.13618265
3661,2025-02-19 14:10:00,26.12199719,-80.1373307
3662,2025-02-19 14:16:00,26.1207086,-80.1353677
3663,2025-02-19 14:35:00,26.12045386,-80.13790665
3664,2025-02-19 14:46:00,26.12206467,-80.13654168
3665,2025-02-19 14:56:00,26.12297715,-80.1358535
3666,2025-02-19 15:08:00,26.12049184,-80.13736932
3667,2025-02-19 15:19:00,26.12384258,-80.13722692
3668,2025-02-19 15:31:00,26.12280322,-80.13905439
3669,2025-02-19 15:37:00,26.12193127,-80.13750635
3670,2025-02-19 15:55:00,26.12216738,-80.13589641
3671,2025-02-19 16:05:00,26.1224561,-80.13539748
3672,2025-02-19 16:23:00,26.12128406,-80.13539853
3673,2025-02-19 16:34:00,26.12416199,-80.13865743
3674,2025-02-19 17:00:00,26.08310508,-80.23888305
3675,2025-02-19 17:24:00,26.11468136,-80.19534746
3676,2025-02-19 17:37:00,26.10626102,-80.21711525
3677,2025-02-19 17:50:00,26.10626102,-80.19292881
3678,2025-02-19 18:03:00,26.08244393,-80.28048706
3679,2025-02-19 18:24:00,26.07980954,-80.27879664
3680,2025-02-19 18:31:00,26.07975757,-80.28060707
3681,2025-02-19 19:00:00,26.08202582,-80.27900275
3682,2025-02-19 19:24:00,26.08247317,-80.27896592
3683,2025-02-19 19:38:00,26.08266233,-80.27834426
3684,2025-02-19 19:48:00,26.08228258,-80.27852132
3685,2025-02-19 20:11:00,26.10221037,-80.39796922
3686,2025-02-19 20:22:00,26.10117995,-80.39901064
3687,2025-02-19 20:35:00,26.10064074,-80.40054733
3688,2025-02-19 21:01:00,26.10094999,-80.40100107
3689,2025-02-19 21:14:00,26.09870114,-80.39958891
3690,2025-02-19 21:33:00,26.0998929,-80.3985789
3691,2025-02-19 21:46:00,26.10234249,-80.39938724
3692,2025-02-19 22:01:00,26.1015868,-80.39886841
3693,2025-02-19 22:26:00,26.09867797,-80.40131239
3694,2025-02-19 22:31:00,26.09974157,-80.3999015
3695,2025-02-19 22:51:00,26.10147279,-80.40171976
3696,2025-02-19 23:05:00,26.09858378,-80.39872257
3697,2025-02-19 23:12:00,26.10032019,-80.39935736
3698,2025-02-19 23:41:00,26.10097198,-80.398691
3699,2025-02-19 23:53:00,26.10040488,-80.39921721
3700,2025-02-20 0:21:00,26.10035033,-80.40128566
3701,2025-02-20 0:33:00,26.10026882,-80.40058099
3702,2025-02-20 0:48:00,26.09982955,-80.39862025
3703,2025-02-20 1:03:00,26.09955409,-80.39896591
3704,2025-02-20 1:26:00,26.1009411,-80.39866987
3705,2025-02-20 1:36:00,26.09880715,-80.40163898
3706,2025-02-20 1:51:00,26.09854846,-80.40163332
3707,2025-02-20 2:09:00,26.10026859,-80.40166646
3708,2025-02-20 2:16:00,26.10156179,-80.40042486
3709,2025-02-20 2:35:00,26.10171186,-80.39981316
3710,2025-02-20 3:01:00,26.09862596,-80.3998448
3711,2025-02-20 3:09:00,26.10161007,-80.40041731
3712,2025-02-20 3:14:00,26.10183855,-80.40168195
3713,2025-02-20 3:28:00,26.10091992,-80.39868282
3714,2025-02-20 3:57:00,26.09896708,-80.39952744
3715,2025-02-20 4:21:00,26.10087052,-80.39813054
3716,2025-02-20 4:27:00,26.0988443,-80.39944239
3717,2025-02-20 4:50:00,26.10119955,-80.40065668
3718,2025-02-20 5:06:00,26.10232216,-80.40137329
3719,2025-02-20 5:33:00,26.09917337,-80.4008669
3720,2025-02-20 5:57:00,26.10135155,-80.39851793
3721,2025-02-20 6:21:00,26.10169693,-80.39819612
3722,2025-02-20 6:32:00,26.1011479,-80.39956049
3723,2025-02-20 6:44:00,26.10075559,-80.39798871
3724,2025-02-20 6:59:00,26.10115017,-80.40072936
3725,2025-02-20 7:07:00,26.10156159,-80.39949333
3726,2025-02-20 7:12:00,26.09941079,-80.39904028
3727,2025-02-20 7:36:00,26.09979999,-80.39859927
3728,2025-02-20 8:06:00,26.1063661,-80.21293559
3729,2025-02-20 8:25:00,26.10077288,-80.38200339
3730,2025-02-20 8:30:00,26.1123322,-80.27522373
3731,2025-02-20 8:39:00,26.10412881,-80.35085932
3732,2025-02-20 9:08:00,26.96065335,-80.38326375
3733,2025-02-20 9:18:00,26.12143861,-80.13733655
3734,2025-02-20 9:45:00,26.12178004,-80.13600447
3735,2025-02-20 10:14:00,26.12069651,-80.13541879
3736,2025-02-20 10:28:00,26.12153394,-80.1382085
3737,2025-02-20 10:43:00,26.12177863,-80.13812683
3738,2025-02-20 11:00:00,26.12168386,-80.13827796
3739,2025-02-20 11:15:00,26.12212021,-80.13563754
3740,2025-02-20 11:28:00,26.12362925,-80.13864037
3741,2025-02-20 11:42:00,26.12158405,-80.13815909
3742,2025-02-20 11:57:00,26.12384884,-80.13839381
3743,2025-02-20 12:16:00,26.12268296,-80.13828703
3744,2025-02-20 12:27:00,26.12284032,-80.13841203
3745,2025-02-20 12:50:00,26.12148384,-80.13826577
3746,2025-02-20 13:10:00,26.12281198,-80.13749182
3747,2025-02-20 13:40:00,26.12277419,-80.13559175
3748,2025-02-20 13:53:00,26.12040822,-80.13722427
3749,2025-02-20 14:09:00,26.12089715,-80.1391846
3750,2025-02-20 14:24:00,26.12238956,-80.13619881
3751,2025-02-20 14:30:00,26.38479793,-79.33394319
3752,2025-02-20 14:57:00,26.12256735,-80.13886917
3753,2025-02-20 15:08:00,26.12197474,-80.13848046
3754,2025-02-20 15:36:00,26.12214231,-80.13693162
3755,2025-02-20 15:45:00,26.12048886,-80.13815671
3756,2025-02-20 16:02:00,26.12232971,-80.13681373
3757,2025-02-20 16:16:00,26.12347832,-80.13891996
3758,2025-02-20 16:45:00,26.12184324,-80.13656136
3759,2025-02-20 16:51:00,26.12107527,-80.13797086
3760,2025-02-20 17:10:00,26.12169831,-80.26790678
3761,2025-02-20 17:23:00,26.12029492,-80.21227797
3762,2025-02-20 17:46:00,26.08380678,-80.22678983
3763,2025-02-20 18:08:00,26.08138032,-80.28142764
3764,2025-02-20 18:14:00,26.07996945,-80.27996795
3765,2025-02-20 18:42:00,26.0814416,-80.27878601
3766,2025-02-20 19:05:00,26.08256953,-80.27917763
3767,2025-02-20 19:12:00,26.08242359,-80.28184747
3768,2025-02-20 19:27:00,26.08269047,-80.2781749
3769,2025-02-20 19:47:00,26.08139145,-80.278926
3770,2025-02-20 20:04:00,26.09870035,-80.39977154
3771,2025-02-20 20:19:00,26.09970413,-80.39979715
3772,2025-02-20 20:27:00,26.1012396,-80.3979398
3773,2025-02-20 20:35:00,26.10132207,-80.39820034
3774,2025-02-20 21:01:00,26.09960646,-80.39897989
3775,2025-02-20 21:25:00,26.1019603,-80.39922
3776,2025-02-20 21:39:00,26.10228183,-80.398486
3777,2025-02-20 21:52:00,26.10129174,-80.40117564
3778,2025-02-20 22:12:00,26.09995866,-80.40046274
3779,2025-02-20 22:24:00,26.0991024,-80.40155452
3780,2025-02-20 22:35:00,26.10066683,-80.39952952
3781,2025-02-20 22:44:00,26.09850412,-80.39792646
3782,2025-02-20 22:59:00,26.10230387,-80.40069091
3783,2025-02-20 23:06:00,26.09980498,-80.39845931
3784,2025-02-20 23:12:00,26.10049365,-80.39901811
3785,2025-02-20 23:33:00,26.09997196,-80.40093772
3786,2025-02-20 23:45:00,26.10160934,-80.39996272
3787,2025-02-21 0:08:00,26.09951379,-80.40139696
3788,2025-02-21 0:37:00,26.09892085,-80.39959478
3789,2025-02-21 1:02:00,26.09906676,-80.39923186
3790,2025-02-21 1:12:00,26.10152565,-80.39861494
3791,2025-02-21 1:42:00,26.10158794,-80.4010008
3792,2025-02-21 2:04:00,26.10073818,-80.40011009
3793,2025-02-21 2:34:00,26.09944786,-80.39806893
3794,2025-02-21 2:51:00,26.09928199,-80.39869719
3795,2025-02-21 3:20:00,26.1014613,-80.40125795
3796,2025-02-21 3:46:00,26.09882571,-80.3979217
3797,2025-02-21 4:16:00,26.10173051,-80.39865502
3798,2025-02-21 4:30:00,26.10217666,-80.4015182
3799,2025-02-21 4:38:00,26.10050743,-80.40021701
3800,2025-02-21 4:51:00,26.10156529,-80.40035408
3801,2025-02-21 5:14:00,26.09940814,-80.40028732
3802,2025-02-21 5:40:00,26.09988147,-80.40110607
3803,2025-02-21 5:52:00,26.09996537,-80.40084033
3804,2025-02-21 5:59:00,26.10214461,-80.40096638
3805,2025-02-21 6:19:00,26.10124713,-80.40154627
3806,2025-02-21 6:34:00,26.10013187,-80.40119142
3807,2025-02-21 7:03:00,26.10239692,-80.39880194
3808,2025-02-21 7:24:00,26.09917594,-80.39897423
3809,2025-02-21 7:39:00,26.09871986,-80.39838562
3810,2025-02-21 8:00:00,26.11531525,-80.28857119
3811,2025-02-21 8:28:00,26.11568814,-80.36865593
3812,2025-02-21 8:33:00,26.12053559,-80.28857119
3813,2025-02-21 8:52:00,26.10748475,-80.37310508
3814,2025-02-21 9:10:00,26.123954,-80.13560563
3815,2025-02-21 9:30:00,26.12380673,-80.13677695
3816,2025-02-21 9:44:00,26.12397887,-80.13881037
3817,2025-02-21 10:05:00,26.12232094,-80.13829074
3818,2025-02-21 10:27:00,26.12359066,-80.13693789
3819,2025-02-21 10:42:00,26.12319028,-80.13590053
3820,2025-02-21 11:05:00,26.12305805,-80.13557958
3821,2025-02-21 11:33:00,26.12058361,-80.13652387
3822,2025-02-21 12:02:00,26.12350611,-80.13748239
3823,2025-02-21 12:08:00,26.12318861,-80.13727701
3824,2025-02-21 12:28:00,26.12246394,-80.13543831
3825,2025-02-21 12:45:00,26.12130274,-80.13878049
3826,2025-02-21 12:52:00,26.12186366,-80.13915038
3827,2025-02-21 13:18:00,26.12308629,-80.13625847
3828,2025-02-21 13:44:00,26.12435426,-80.13793219
3829,2025-02-21 14:04:00,26.12350799,-80.13706832
3830,2025-02-21 14:20:00,26.12224217,-80.13711571
3831,2025-02-21 14:45:00,26.12256659,-80.13696103
3832,2025-02-21 15:11:00,26.12424073,-80.13614013
3833,2025-02-21 15:37:00,26.12063378,-80.13928101
3834,2025-02-21 15:53:00,26.12336153,-80.13535263
3835,2025-02-21 16:04:00,26.12247397,-80.13631016
3836,2025-02-21 16:20:00,26.12279618,-80.13865125
3837,2025-02-21 16:37:00,26.12239385,-80.13565327
3838,2025-02-21 16:48:00,26.12242264,-80.13566147
3839,2025-02-21 17:04:00,26.08942034,-80.22920847
3840,2025-02-21 17:29:00,26.09363051,-80.25339492
3841,2025-02-21 17:41:00,26.11678644,-80.27274407
3842,2025-02-21 18:05:00,26.08114747,-80.28133324
3843,2025-02-21 18:22:00,26.0819139,-80.28052001
3844,2025-02-21 18:46:00,26.0823316,-80.27838765
3845,2025-02-21 19:14:00,26.08164494,-80.2798735
3846,2025-02-21 19:31:00,26.08279169,-80.27893527
3847,2025-02-21 19:46:00,25.89611962,-79.50217303
3848,2025-02-21 20:12:00,26.10076746,-80.39985561
3849,2025-02-21 20:18:00,26.10026406,-80.39966769
3850,2025-02-21 20:46:00,25.27310197,-81.29367464
3851,2025-02-21 20:53:00,26.09913102,-80.40150375
3852,2025-02-21 21:11:00,26.09899011,-80.40091285
3853,2025-02-21 21:28:00,26.10120608,-80.39924121
3854,2025-02-21 21:47:00,26.09871589,-80.39788045
3855,2025-02-21 21:57:00,26.0998206,-80.39940498
3856,2025-02-21 22:02:00,26.09986229,-80.40148813
3857,2025-02-21 22:32:00,26.10142195,-80.40019094
3858,2025-02-21 22:49:00,26.09988885,-80.40084413
3859,2025-02-21 22:59:00,26.10004619,-80.40140359
3860,2025-02-21 23:04:00,26.10058737,-80.40104343
3861,2025-02-21 23:12:00,26.10014682,-80.39853541
3862,2025-02-21 23:18:00,26.10236917,-80.4006173
3863,2025-02-21 23:44:00,26.09994325,-80.39781417
3864,2025-02-21 23:54:00,26.09950329,-80.40014555
3865,2025-02-22 0:23:00,26.09878567,-80.39966505
3866,2025-02-22 0:38:00,26.09848907,-80.39959061
3867,2025-02-22 0:43:00,26.10153739,-80.40038423
3868,2025-02-22 0:54:00,26.10069338,-80.39992544
3869,2025-02-22 1:14:00,26.58533378,-80.6646255
3870,2025-02-22 1:20:00,26.10147342,-80.40121532
3871,2025-02-22 1:43:00,26.10220739,-80.40058238
3872,2025-02-22 2:05:00,26.09943243,-80.39920773
3873,2025-02-22 2:31:00,26.10050262,-80.40007629
3874,2025-02-22 2:55:00,26.09886021,-80.39823292
3875,2025-02-22 3:16:00,26.1022491,-80.39974678
3876,2025-02-22 3:24:00,26.0988253,-80.39797223
3877,2025-02-22 3:30:00,26.10099403,-80.39928712
3878,2025-02-22 3:58:00,26.09886173,-80.39838177
3879,2025-02-22 4:16:00,26.09965752,-80.40106413
3880,2025-02-22 4:31:00,26.09998803,-80.40089054
3881,2025-02-22 4:52:00,26.09961566,-80.39841634
3882,2025-02-22 5:04:00,26.09988488,-80.39801533
3883,2025-02-22 5:24:00,26.09899639,-80.40025953
3884,2025-02-22 5:41:00,26.10235264,-80.39962788
3885,2025-02-22 6:05:00,26.09968768,-80.40057072
3886,2025-02-22 6:10:00,26.10059674,-80.39820263
3887,2025-02-22 6:30:00,26.09987118,-80.39811868
3888,2025-02-22 6:58:00,26.09991102,-80.40087457
3889,2025-02-22 7:28:00,26.09883888,-80.40018507
3890,2025-02-22 7:33:00,26.1016308,-80.39964273
3891,2025-02-22 7:53:00,26.0992502,-80.40165755
3892,2025-02-22 8:11:00,26.09904913,-80.40084745
3893,2025-02-22 8:29:00,26.10119729,-80.39785375
3894,2025-02-22 8:41:00,26.10239047,-80.3992659
3895,2025-02-22 9:00:00,26.10171001,-80.40071389
3896,2025-02-22 9:21:00,26.10072258,-80.4014269
3897,2025-02-22 9:30:00,26.10060608,-80.40055119
3898,2025-02-22 9:56:00,26.09886728,-80.39898966
3899,2025-02-22 10:24:00,26.07969591,-80.27981828
3900,2025-02-22 10:35:00,26.07958546,-80.28182807
3901,2025-02-22 10:59:00,26.08110512,-80.27831371
3902,2025-02-22 11:10:00,26.08245234,-80.28094137
3903,2025-02-22 11:34:00,26.08058621,-80.28046715
3904,2025-02-22 11:48:00,26.63223825,-79.40116562
3905,2025-02-22 12:15:00,26.09989767,-80.40173261
3906,2025-02-22 12:37:00,26.10065223,-80.40009056
3907,2025-02-22 13:04:00,26.10104121,-80.40050421
3908,2025-02-22 13:27:00,26.1000241,-80.40134156
3909,2025-02-22 13:40:00,26.10091789,-80.39859905
3910,2025-02-22 14:00:00,26.09865191,-80.39789168
3911,2025-02-22 14:05:00,26.09914779,-80.39899939
3912,2025-02-22 14:34:00,26.10022386,-80.39954266
3913,2025-02-22 14:58:00,26.10112005,-80.40141012
3914,2025-02-22 15:23:00,26.09919876,-80.39996476
3915,2025-02-22 15:52:00,26.09873514,-80.3979345
3916,2025-02-22 16:00:00,26.0990397,-80.39819898
3917,2025-02-22 16:17:00,26.09917747,-80.39827931
3918,2025-02-22 16:36:00,26.10206235,-80.39932541
3919,2025-02-22 17:02:00,26.09959033,-80.40052049
3920,2025-02-22 17:32:00,26.09995343,-80.40047773
3921,2025-02-22 17:41:00,26.1018392,-80.39995521
3922,2025-02-22 17:51:00,26.10001632,-80.39851113
3923,2025-02-22 18:04:00,26.10238453,-80.39977714
3924,2025-02-22 18:18:00,26.10131668,-80.40050924
3925,2025-02-22 18:34:00,26.10133435,-80.3984637
3926,2025-02-22 19:02:00,26.1013944,-80.39879564
3927,2025-02-22 19:24:00,26.10106787,-80.39855905
3928,2025-02-22 19:44:00,26.09953708,-80.40081483
3929,2025-02-22 19:51:00,26.0991699,-80.40120414
3930,2025-02-22 20:18:00,26.10149834,-80.39923084
3931,2025-02-22 20:26:00,26.09961054,-80.4017913
3932,2025-02-22 20:35:00,26.09951164,-80.39833352
3933,2025-02-22 20:42:00,26.09879651,-80.40089758
3934,2025-02-22 21:06:00,26.0993719,-80.39842069
3935,2025-02-22 21:11:00,26.09996151,-80.39814564
3936,2025-02-22 21:22:00,26.09849169,-80.39830258
3937,2025-02-22 21:35:00,26.09901607,-80.39936714
3938,2025-02-22 21:57:00,26.09969936,-80.39929134
3939,2025-02-22 22:20:00,26.10075045,-80.3987357
3940,2025-02-22 22:37:00,26.10013763,-80.39936687
3941,2025-02-22 22:47:00,26.09840337,-80.40092105
3942,2025-02-22 23:05:00,26.10088536,-80.40050898
3943,2025-02-22 23:13:00,26.10149235,-80.39861562
3944,2025-02-22 23:37:00,26.10206662,-80.39841162
3945,2025-02-22 23:51:00,26.09885653,-80.40077985
3946,2025-02-23 0:06:00,26.09981069,-80.4014454
3947,2025-02-23 0:36:00,26.10048321,-80.3980947
3948,2025-02-23 0:52:00,26.10181548,-80.40062877
3949,2025-02-23 1:07:00,26.10058031,-80.40166275
3950,2025-02-23 1:21:00,26.10229016,-80.39970957
3951,2025-02-23 1:35:00,26.09864962,-80.39831091
3952,2025-02-23 1:51:00,26.10050789,-80.4005111
3953,2025-02-23 1:57:00,26.09914453,-80.39845576
3954,2025-02-23 2:15:00,26.10183085,-80.39875654
3955,2025-02-23 2:43:00,26.10195102,-80.40142915
3956,2025-02-23 3:02:00,26.09967579,-80.40056018
3957,2025-02-23 3:09:00,26.10139145,-80.39819951
3958,2025-02-23 3:36:00,26.10033267,-80.39954705
3959,2025-02-23 3:53:00,26.0990686,-80.39910823
3960,2025-02-23 4:03:00,26.10077727,-80.40088839
3961,2025-02-23 4:17:00,26.10078499,-80.39801326
3962,2025-02-23 4:28:00,26.10176828,-80.40134296
3963,2025-02-23 4:46:00,26.10049205,-80.39780752
3964,2025-02-23 5:15:00,26.10198706,-80.40054812
3965,2025-02-23 5:33:00,26.09843618,-80.39940751
3966,2025-02-23 5:51:00,26.10016971,-80.39799857
3967,2025-02-23 6:03:00,26.09907257,-80.39924259
3968,2025-02-23 6:14:00,26.1007163,-80.39830755
3969,2025-02-23 6:22:00,26.09923634,-80.39918504
3970,2025-02-23 6:48:00,26.1006809,-80.39867512
3971,2025-02-23 7:02:00,26.09891191,-80.40152998
3972,2025-02-23 7:16:00,26.09869498,-80.39942557
3973,2025-02-23 7:45:00,26.10074173,-80.39927633
3974,2025-02-23 8:04:00,26.0995352,-80.40011913
3975,2025-02-23 8:32:00,26.10148585,-80.39785906
3976,2025-02-23 8:58:00,26.09967361,-80.40107124
3977,2025-02-23 9:14:00,26.10207627,-80.40119474
3978,2025-02-23 9:31:00,26.10232124,-80.39899019
3979,2025-02-23 9:57:00,26.10096513,-80.39841271
3980,2025-02-23 10:18:00,26.08180953,-80.28189128
3981,2025-02-23 10:26:00,26.0798187,-80.28083741
3982,2025-02-23 10:39:00,26.08192438,-80.27847351
3983,2025-02-23 11:08:00,26.08130852,-80.28091211
3984,2025-02-23 11:22:00,26.08015282,-80.28191972
3985,2025-02-23 11:30:00,26.0820601,-80.2795816
3986,2025-02-23 11:57:00,26.08023681,-80.27854519
3987,2025-02-23 12:24:00,26.10069189,-80.39996336
3988,2025-02-23 12:41:00,26.10075542,-80.3998246
3989,2025-02-23 12:55:00,26.09989274,-80.39997727
3990,2025-02-23 13:12:00,26.0994293,-80.39945296
3991,2025-02-23 13:22:00,26.10023773,-80.39986955
3992,2025-02-23 13:40:00,26.09947864,-80.4015906
3993,2025-02-23 13:46:00,26.0986408,-80.40054775
3994,2025-02-23 13:55:00,26.10067499,-80.39811939
3995,2025-02-23 14:21:00,26.09885246,-80.39790308
3996,2025-02-23 14:51:00,26.10088781,-80.39859446
3997,2025-02-23 15:15:00,26.10075581,-80.39897939
3998,2025-02-23 15:21:00,26.10144392,-80.40115321
3999,2025-02-23 15:49:00,26.10098527,-80.39902007
4000,2025-02-23 16:15:00,26.09926968,-80.40162952
4001,2025-02-23 16:36:00,26.09855433,-80.40076457
4002,2025-02-23 16:41:00,26.09981811,-80.40067879
4003,2025-02-23 17:10:00,26.09862095,-80.40009325
4004,2025-02-23 17:27:00,26.10152012,-80.39903824
4005,2025-02-23 17:33:00,26.10140913,-80.40097436
4006,2025-02-23 17:58:00,26.09843404,-80.39980129
4007,2025-02-23 18:07:00,26.09853455,-80.39997549
4008,2025-02-23 18:25:00,26.10167682,-80.39951867
4009,2025-02-23 18:52:00,26.10090454,-80.40066811
4010,2025-02-23 19:10:00,26.09997389,-80.39826589
4011,2025-02-23 19:31:00,26.10162727,-80.39835781
4012,2025-02-23 19:56:00,26.10210226,-80.39792051
4013,2025-02-23 20:25:00,26.09955286,-80.40056089
4014,2025-02-23 20:46:00,26.10187763,-80.39872321
4015,2025-02-23 21:10:00,26.10053473,-80.39919802
4016,2025-02-23 21:38:00,26.09846939,-80.40154282
4017,2025-02-23 21:59:00,26.09909236,-80.40086469
4018,2025-02-23 22:23:00,26.51428523,-81.12877274
4019,2025-02-23 22:48:00,26.09865058,-80.39903182
4020,2025-02-23 22:54:00,26.09951213,-80.40160644
4021,2025-02-23 23:17:00,26.09855743,-80.40074876
4022,2025-02-23 23:34:00,26.10090726,-80.39892169
4023,2025-02-24 0:04:00,26.09874367,-80.39789467
4024,2025-02-24 0:11:00,26.0990415,-80.40032677
4025,2025-02-24 0:24:00,26.09972553,-80.40033669
4026,2025-02-24 0:30:00,26.10063006,-80.40132089
4027,2025-02-24 0:44:00,26.10200536,-80.40127326
4028,2025-02-24 1:05:00,26.10043633,-80.399534
4029,2025-02-24 1:18:00,26.09886666,-80.40150101
4030,2025-02-24 1:33:00,26.10115958,-80.40116102
4031,2025-02-24 1:50:00,26.09899244,-80.40047145
4032,2025-02-24 2:19:00,26.10239594,-80.39947045
4033,2025-02-24 2:33:00,26.48773287,-79.97075213
4034,2025-02-24 2:49:00,26.10127772,-80.4009794
4035,2025-02-24 3:07:00,26.10016148,-80.40087898
4036,2025-02-24 3:22:00,26.10094026,-80.40090032
4037,2025-02-24 3:30:00,26.10219843,-80.4014601
4038,2025-02-24 3:51:00,26.101573,-80.39819002
4039,2025-02-24 4:18:00,26.1008351,-80.40101055
4040,2025-02-24 4:23:00,26.10200066,-80.40038063
4041,2025-02-24 4:53:00,26.10164638,-80.39836818
4042,2025-02-24 4:59:00,26.09906578,-80.40047765
4043,2025-02-24 5:17:00,26.10061592,-80.39976464
4044,2025-02-24 5:47:00,26.09840927,-80.39785061
4045,2025-02-24 5:58:00,26.10059184,-80.4012624
4046,2025-02-24 6:27:00,26.10147247,-80.39872086
4047,2025-02-24 6:55:00,26.10132686,-80.40125705
4048,2025-02-24 7:19:00,26.1023321,-80.39859705
4049,2025-02-24 7:40:00,26.0984978,-80.39990947
4050,2025-02-24 7:55:00,26.09934365,-80.3982174
4051,2025-02-24 8:02:00,26.10711186,-80.28857119
4052,2025-02-24 8:23:00,26.10450169,-80.25742712
4053,2025-02-24 8:36:00,26.10077288,-80.16844407
4054,2025-02-24 8:55:00,26.11270508,-80.36420678
4055,2025-02-24 9:19:00,26.12184618,-80.13842801
4056,2025-02-24 9:28:00,26.12165669,-80.13543876
4057,2025-02-24 9:35:00,26.12221351,-80.13889373
4058,2025-02-24 9:50:00,26.12395865,-80.13678
4059,2025-02-24 10:07:00,26.12412024,-80.13645079
4060,2025-02-24 10:24:00,26.12282507,-80.13549684
4061,2025-02-24 10:41:00,26.12114444,-80.13656867
4062,2025-02-24 11:03:00,26.12144473,-80.13625378
4063,2025-02-24 11:21:00,26.12239924,-80.13917844
4064,2025-02-24 11:40:00,26.12206327,-80.13642027
4065,2025-02-24 12:02:00,26.12338201,-80.13564768
4066,2025-02-24 12:29:00,26.12387477,-80.13673346
4067,2025-02-24 12:45:00,26.12104467,-80.13885745
4068,2025-02-24 12:51:00,26.12109578,-80.13658919
4069,2025-02-24 13:03:00,26.12197518,-80.1389942
4070,2025-02-24 13:28:00,26.12298559,-80.13865865
4071,2025-02-24 13:34:00,26.12232566,-80.13667202
4072,2025-02-24 13:46:00,26.12419939,-80.13844319
4073,2025-02-24 13:52:00,26.12334732,-80.13679876
4074,2025-02-24 13:58:00,26.12259772,-80.13783063
4075,2025-02-24 14:28:00,26.14668406,-79.98944646
4076,2025-02-24 14:52:00,26.1212356,-80.13689308
4077,2025-02-24 15:11:00,26.12134095,-80.13915315
4078,2025-02-24 15:24:00,26.12197967,-80.13826497
4079,2025-02-24 15:45:00,26.12089985,-80.13675433
4080,2025-02-24 16:00:00,26.12075194,-80.1369582
4081,2025-02-24 16:18:00,26.12312031,-80.138221
4082,2025-02-24 16:33:00,26.12230509,-80.13559415
4083,2025-02-24 16:59:00,26.12215169,-80.13641114
4084,2025-02-24 17:04:00,26.10205085,-80.21469661
4085,2025-02-24 17:19:00,26.11257627,-80.16632373
4086,2025-02-24 17:28:00,26.09994576,-80.14455593
4087,2025-02-24 17:45:00,26.11678644,-80.28
4088,2025-02-24 18:01:00,26.08279297,-80.27955026
4089,2025-02-24 18:15:00,26.08097079,-80.27869831
4090,2025-02-24 18:44:00,26.08288611,-80.28024012
4091,2025-02-24 19:01:00,26.08204072,-80.28188414
4092,2025-02-24 19:21:00,26.07969346,-80.27805666
4093,2025-02-24 19:45:00,26.08218981,-80.27837764
4094,2025-02-24 20:03:00,25.5169032,-80.71226776
4095,2025-02-24 20:14:00,26.10034535,-80.39790649
4096,2025-02-24 20:43:00,26.09900354,-80.39817101
4097,2025-02-24 21:01:00,26.10231221,-80.39938183
4098,2025-02-24 21:10:00,26.10066861,-80.39804968
4099,2025-02-24 21:26:00,26.10034383,-80.399915
4100,2025-02-24 21:56:00,26.10008336,-80.40082579
4101,2025-02-24 22:05:00,26.10225244,-80.39936363
4102,2025-02-24 22:21:00,26.10149812,-80.39822672
4103,2025-02-24 22:50:00,26.10145927,-80.39859119
4104,2025-02-24 23:15:00,26.10016469,-80.40133191
4105,2025-02-24 23:27:00,26.10064284,-80.40021864
4106,2025-02-24 23:48:00,26.10191718,-80.40125614
4107,2025-02-25 0:15:00,26.10034113,-80.40027471
4108,2025-02-25 0:38:00,26.09924656,-80.39787973
4109,2025-02-25 0:57:00,26.09980453,-80.40005438
4110,2025-02-25 1:13:00,26.10212822,-80.39849619
4111,2025-02-25 1:27:00,26.09871215,-80.39951938
4112,2025-02-25 1:55:00,26.10143936,-80.39944894
4113,2025-02-25 2:25:00,26.09949546,-80.39903394
4114,2025-02-25 2:40:00,26.10082927,-80.40019609
4115,2025-02-25 2:51:00,26.09950065,-80.40029567
4116,2025-02-25 3:06:00,26.10178142,-80.39964604
4117,2025-02-25 3:32:00,26.10096284,-80.40086262
4118,2025-02-25 3:40:00,26.09913624,-80.40070646
4119,2025-02-25 3:52:00,26.10173205,-80.39805365
4120,2025-02-25 4:21:00,26.0997389,-80.40110372
4121,2025-02-25 4:46:00,26.10066534,-80.39934799
4122,2025-02-25 5:15:00,26.09856668,-80.39826635
4123,2025-02-25 5:36:00,26.1007131,-80.40022435
4124,2025-02-25 6:02:00,26.09954696,-80.40064941
4125,2025-02-25 6:30:00,26.10125305,-80.39988068
4126,2025-02-25 6:36:00,26.10185125,-80.40146875
4127,2025-02-25 7:04:00,26.09980518,-80.39915919
4128,2025-02-25 7:17:00,26.10217753,-80.40047106
4129,2025-02-25 7:36:00,26.1002014,-80.40146145
4130,2025-02-25 7:48:00,26.09888371,-80.40122328
4131,2025-02-25 7:59:00,26.09847418,-80.39818704
4132,2025-02-25 8:17:00,26.11307797,-80.24407966
4133,2025-02-25 8:46:00,26.1104678,-80.25297797
4134,2025-02-25 8:54:00,26.11792542,-80.32861356
4135,2025-02-25 9:00:00,26.12301531,-80.13588273
4136,2025-02-25 9:16:00,26.12134246,-80.13553946
4137,2025-02-25 9:41:00,26.12235912,-80.1374952
4138,2025-02-25 10:07:00,26.1218774,-80.13611641
4139,2025-02-25 10:22:00,26.12253516,-80.13835357
4140,2025-02-25 10:40:00,26.120562,-80.13834593
4141,2025-02-25 11:04:00,26.12326014,-80.13764065
4142,2025-02-25 11:14:00,26.12402155,-80.1373852
4143,2025-02-25 11:33:00,26.1227908,-80.1354782
4144,2025-02-25 11:48:00,26.12401972,-80.13907016
4145,2025-02-25 12:11:00,26.12055219,-80.13883603
4146,2025-02-25 12:28:00,26.12322716,-80.13562403
4147,2025-02-25 12:36:00,26.12089872,-80.13688166
4148,2025-02-25 12:49:00,26.1211532,-80.13885856
4149,2025-02-25 12:57:00,26.12212475,-80.13880221
4150,2025-02-25 13:02:00,26.12403382,-80.13653604
4151,2025-02-25 13:18:00,26.12260642,-80.13745035
4152,2025-02-25 13:30:00,26.12158856,-80.13772879
4153,2025-02-25 13:59:00,26.12105524,-80.13584775
4154,2025-02-25 14:05:00,26.12086679,-80.13574027
4155,2025-02-25 14:23:00,26.12310598,-80.13842834
4156,2025-02-25 14:41:00,26.12165977,-80.13543371
4157,2025-02-25 15:09:00,26.12207066,-80.13816153
4158,2025-02-25 15:14:00,26.12218214,-80.13582881
4159,2025-02-25 15:43:00,26.12349348,-80.13817358
4160,2025-02-25 16:07:00,26.12434849,-80.13754661
4161,2025-02-25 16:29:00,26.12326997,-80.13791942
4162,2025-02-25 16:55:00,26.12093782,-80.1358475
4163,2025-02-25 17:16:00,26.10134915,-80.14213729
4164,2025-02-25 17:31:00,26.11327797,-80.22678983
4165,2025-02-25 17:52:00,26.09292881,-80.14697458
4166,2025-02-25 18:13:00,26.08052067,-80.27800772
4167,2025-02-25 18:29:00,26.08039603,-80.27947915
4168,2025-02-25 18:50:00,26.08025875,-80.27931519
4169,2025-02-25 19:09:00,26.08093117,-80.27940096
4170,2025-02-25 19:31:00,26.08268781,-80.28073156
4171,2025-02-25 20:01:00,26.10163598,-80.40132498
4172,2025-02-25 20:12:00,26.10005942,-80.40057915
4173,2025-02-25 20:17:00,26.09873217,-80.39901705
4174,2025-02-25 20:35:00,26.10118237,-80.40151045
4175,2025-02-25 20:54:00,26.10036674,-80.39834063
4176,2025-02-25 21:04:00,26.10056554,-80.40001557
4177,2025-02-25 21:11:00,26.10129331,-80.40100278
4178,2025-02-25 21:23:00,26.10162413,-80.400386
4179,2025-02-25 21:42:00,26.09870834,-80.39851281
4180,2025-02-25 22:02:00,26.09891524,-80.40136165
4181,2025-02-25 22:22:00,26.10011357,-80.39793286
4182,2025-02-25 22:45:00,26.10134101,-80.401601
4183,2025-02-25 23:07:00,26.09950058,-80.39973595
4184,2025-02-25 23:29:00,26.09990869,-80.39897567
4185,2025-02-25 23:57:00,26.1017264,-80.39944442
4186,2025-02-26 0:19:00,26.0996654,-80.39993834
4187,2025-02-26 0:38:00,26.10147441,-80.39792575
4188,2025-02-26 1:01:00,26.10205253,-80.39894138
4189,2025-02-26 1:15:00,26.09914288,-80.39907941
4190,2025-02-26 1:37:00,26.10174601,-80.40039002
4191,2025-02-26 1:52:00,26.09871307,-80.39916158
4192,2025-02-26 2:04:00,26.1013826,-80.39937106
4193,2025-02-26 2:16:00,26.09980246,-80.40038837
4194,2025-02-26 2:21:00,26.09927121,-80.40071695
4195,2025-02-26 2:40:00,26.09908488,-80.39861508
4196,2025-02-26 3:05:00,26.10218302,-80.40149187
4197,2025-02-26 3:27:00,26.09925679,-80.39976335
4198,2025-02-26 3:34:00,26.09860648,-80.40097392
4199,2025-02-26 3:43:00,26.10056622,-80.39897703
4200,2025-02-26 4:05:00,26.09944135,-80.40145575
4201,2025-02-26 4:28:00,26.09843209,-80.40077179
4202,2025-02-26 4:51:00,26.10044151,-80.39967605
4203,2025-02-26 4:58:00,26.10087351,-80.39908101
4204,2025-02-26 5:16:00,26.10020819,-80.40062244
4205,2025-02-26 5:46:00,26.0995584,-80.40129504
4206,2025-02-26 6:00:00,26.10060589,-80.40177237
4207,2025-02-26 6:14:00,26.10186261,-80.39907279
4208,2025-02-26 6:29:00,26.10096741,-80.39988312
4209,2025-02-26 6:56:00,26.09915965,-80.40040714
4210,2025-02-26 7:22:00,26.10220633,-80.39823381
4211,2025-02-26 7:27:00,26.10238619,-80.39918969
4212,2025-02-26 7:36:00,26.10143441,-80.40116162
4213,2025-02-26 8:01:00,26.10412881,-80.2218339
4214,2025-02-26 8:09:00,26.11195932,-80.39535085
4215,2025-02-26 8:26:00,26.10823051,-80.17734237
4216,2025-02-26 8:41:00,26.11084068,-80.3152661
4217,2025-02-26 9:11:00,26.12366623,-80.13670443
4218,2025-02-26 9:16:00,26.12359615,-80.13924456
4219,2025-02-26 9:31:00,26.12255532,-80.13855783
4220,2025-02-26 9:36:00,26.12337112,-80.13842912
4221,2025-02-26 9:56:00,26.12146413,-80.13599406
4222,2025-02-26 10:03:00,26.12281913,-80.13536771
4223,2025-02-26 10:27:00,26.12313738,-80.13578846
4224,2025-02-26 10:34:00,26.12233706,-80.13618742
4225,2025-02-26 10:47:00,26.12395814,-80.13691183
4226,2025-02-26 10:56:00,26.12364533,-80.13808346
4227,2025-02-26 11:16:00,26.1225558,-80.13815385
4228,2025-02-26 11:31:00,26.12108403,-80.13849874
4229,2025-02-26 11:49:00,26.123215,-80.13926697
4230,2025-02-26 11:54:00,26.12108804,-80.13612624
4231,2025-02-26 12:21:00,26.12268047,-80.1377428
4232,2025-02-26 12:30:00,26.12115017,-80.13852956
4233,2025-02-26 12:39:00,26.12297055,-80.13810177
4234,2025-02-26 12:49:00,26.12406066,-80.13713625
4235,2025-02-26 13:07:00,26.12156829,-80.13595367
4236,2025-02-26 13:20:00,26.12131915,-80.13857783
4237,2025-02-26 13:49:00,26.12198585,-80.13569483
4238,2025-02-26 13:54:00,26.12244951,-80.13601997
4239,2025-02-26 14:14:00,26.12090406,-80.1391918
4240,2025-02-26 14:41:00,26.12112665,-80.13553746
4241,2025-02-26 15:04:00,26.12199535,-80.13829879
4242,2025-02-26 15:19:00,26.12183888,-80.13825137
4243,2025-02-26 15:32:00,26.12170545,-80.13876853
4244,2025-02-26 15:56:00,26.12050131,-80.13695098
4245,2025-02-26 16:22:00,26.12181438,-80.13737707
4246,2025-02-26 16:36:00,26.12075833,-80.13706582
4247,2025-02-26 16:42:00,26.12131968,-80.13927834
4248,2025-02-26 16:51:00,26.12277911,-80.13685681
4249,2025-02-26 17:04:00,26.08450847,-80.14697458
4250,2025-02-26 17:15:00,26.10275254,-80.26548814
4251,2025-02-26 17:28:00,26.08942034,-80.1373
4252,2025-02-26 17:55:00,26.09994576,-80.27758136
4253,2025-02-26 18:07:00,26.07915973,-80.27801011
4254,2025-02-26 18:31:00,26.08106016,-80.27947251
4255,2025-02-26 18:55:00,26.08055974,-80.27956198
4256,2025-02-26 19:10:00,26.08030349,-80.28087268
4257,2025-02-26 19:31:00,26.07942724,-80.27875863
4258,2025-02-26 19:46:00,26.08238706,-80.28191359
4259,2025-02-26 19:57:00,26.08292756,-80.28110033
4260,2025-02-26 20:24:00,26.1004678,-80.39886273
4261,2025-02-26 20:31:00,26.10178446,-80.40105151
4262,2025-02-26 20:50:00,26.10146691,-80.39867449
4263,2025-02-26 21:16:00,26.09945852,-80.40070214
4264,2025-02-26 21:39:00,26.10177638,-80.39824784
4265,2025-02-26 22:08:00,26.10000641,-80.40140986
4266,2025-02-26 22:20:00,26.09895161,-80.40010571
4267,2025-02-26 22:50:00,26.10163243,-80.39890462
4268,2025-02-26 23:14:00,26.10178196,-80.39880862
4269,2025-02-26 23:44:00,26.10212443,-80.39785603
4270,2025-02-27 0:08:00,26.09938969,-80.39850586
4271,2025-02-27 0:16:00,26.09844344,-80.39787807
4272,2025-02-27 0:22:00,26.09901049,-80.40048374
4273,2025-02-27 0:34:00,26.10113449,-80.3995237
4274,2025-02-27 0:48:00,26.09905332,-80.40089987
4275,2025-02-27 0:58:00,26.09952198,-80.40023918
4276,2025-02-27 1:27:00,26.10224259,-80.39857957
4277,2025-02-27 1:57:00,26.10105841,-80.40111778
4278,2025-02-27 2:19:00,26.10193973,-80.39945931
4279,2025-02-27 2:34:00,26.09996967,-80.40117185
4280,2025-02-27 2:43:00,26.10136219,-80.39857412
4281,2025-02-27 3:01:00,26.10227956,-80.3979981
4282,2025-02-27 3:24:00,26.10062193,-80.39968881
4283,2025-02-27 3:40:00,26.0994542,-80.4010593
4284,2025-02-27 4:02:00,26.10231121,-80.40109657
4285,2025-02-27 4:17:00,26.10237514,-80.39971952
4286,2025-02-27 4:43:00,26.10143565,-80.40032709
4287,2025-02-27 4:56:00,26.10004852,-80.40129977
4288,2025-02-27 5:05:00,26.10214258,-80.40052948
4289,2025-02-27 5:11:00,26.10141621,-80.39872696
4290,2025-02-27 5:37:00,26.09860518,-80.40065181
4291,2025-02-27 6:07:00,26.10069544,-80.39851707
4292,2025-02-27 6:19:00,26.100378,-80.40179373
4293,2025-02-27 6:25:00,26.0996815,-80.39835854
4294,2025-02-27 6:48:00,26.09910571,-80.39818609
4295,2025-02-27 7:02:00,26.10119049,-80.40062673
4296,2025-02-27 7:10:00,26.0992934,-80.3997004
4297,2025-02-27 7:39:00,26.10020146,-80.39869815
4298,2025-02-27 7:46:00,26.09879274,-80.40153428
4299,2025-02-27 8:05:00,26.12090847,-80.16399492
4300,2025-02-27 8:29:00,26.10785763,-80.3063678
4301,2025-02-27 8:54:00,26.10151864,-80.26632542
4302,2025-02-27 9:21:00,26.12264252,-80.13621979
4303,2025-02-27 9:40:00,26.12073233,-80.13906209
4304,2025-02-27 9:48:00,26.12277001,-80.1357164
4305,2025-02-27 10:05:00,26.12116514,-80.13789347
4306,2025-02-27 10:20:00,26.12223461,-80.13844186
4307,2025-02-27 10:36:00,26.12166928,-80.13636926
4308,2025-02-27 10:52:00,26.12366389,-80.13843613
4309,2025-02-27 11:00:00,26.12041129,-80.13583113
4310,2025-02-27 11:06:00,26.12217093,-80.1367171
4311,2025-02-27 11:33:00,26.12406074,-80.13898022
4312,2025-02-27 12:00:00,26.12062303,-80.13784885
4313,2025-02-27 12:22:00,26.12185565,-80.13667605
4314,2025-02-27 12:43:00,26.12357522,-80.13905548
4315,2025-02-27 12:58:00,26.12046175,-80.1360876
4316,2025-02-27 13:16:00,26.12433547,-80.13801568
4317,2025-02-27 13:34:00,26.12277337,-80.13631474
4318,2025-02-27 14:04:00,26.12355614,-80.13888464
4319,2025-02-27 14:22:00,26.12197789,-80.13796197
4320,2025-02-27 14:29:00,27.02350872,-79.39892777
4321,2025-02-27 14:53:00,26.12044191,-80.13651597
4322,2025-02-27 15:16:00,26.12131042,-80.13874864
4323,2025-02-27 15:31:00,26.12402097,-80.13603998
4324,2025-02-27 15:49:00,26.12113406,-80.13788229
4325,2025-02-27 16:07:00,26.12299456,-80.1380724
4326,2025-02-27 16:29:00,26.12214477,-80.13597447
4327,2025-02-27 16:50:00,26.12400166,-80.13817773
4328,2025-02-27 17:20:00,26.11327797,-80.27032542
4329,2025-02-27 17:35:00,26.11187458,-80.18809153
4330,2025-02-27 18:00:00,26.08088236,-80.27999418
4331,2025-02-27 18:12:00,26.08073362,-80.27961325
4332,2025-02-27 18:24:00,26.08053895,-80.28183566
4333,2025-02-27 18:45:00,26.08176419,-80.27918125
4334,2025-02-27 19:14:00,26.0802483,-80.28045783
4335,2025-02-27 19:33:00,26.08072743,-80.28115831
4336,2025-02-27 19:50:00,26.07989343,-80.27847801
4337,2025-02-27 20:09:00,26.10180659,-80.3984625
4338,2025-02-27 20:14:00,26.10028093,-80.40164808
4339,2025-02-27 20:27:00,26.1003704,-80.40040914
4340,2025-02-27 20:38:00,26.10235359,-80.40088485
4341,2025-02-27 20:43:00,26.10120467,-80.4015694
4342,2025-02-27 20:59:00,25.96151799,-81.07223497
4343,2025-02-27 21:13:00,26.09904387,-80.39902624
4344,2025-02-27 21:22:00,26.09991676,-80.39839281
4345,2025-02-27 21:43:00,26.10150247,-80.39969743
4346,2025-02-27 22:05:00,26.10233869,-80.39803802
4347,2025-02-27 22:10:00,26.1006977,-80.40120363
4348,2025-02-27 22:36:00,26.10226668,-80.39918909
4349,2025-02-27 22:57:00,26.10112069,-80.40142761
4350,2025-02-27 23:10:00,26.09859681,-80.40096201
4351,2025-02-27 23:21:00,26.10106675,-80.39784907
4352,2025-02-27 23:29:00,26.09865179,-80.39805203
4353,2025-02-27 23:56:00,26.09922802,-80.39938991
4354,2025-02-28 0:21:00,26.09999478,-80.39836383
4355,2025-02-28 0:40:00,26.0988179,-80.39953159
4356,2025-02-28 1:06:00,26.10153529,-80.39928804
4357,2025-02-28 1:35:00,26.09840886,-80.40166984
4358,2025-02-28 1:48:00,26.10075321,-80.39938019
4359,2025-02-28 2:08:00,26.09893176,-80.40111863
4360,2025-02-28 2:29:00,26.10146459,-80.40152847
4361,2025-02-28 2:51:00,26.09978888,-80.3985589
4362,2025-02-28 3:04:00,26.09960141,-80.40175258
4363,2025-02-28 3:26:00,26.09865382,-80.39914112
4364,2025-02-28 3:56:00,26.09877774,-80.40135084
4365,2025-02-28 4:02:00,26.09944865,-80.39936139
4366,2025-02-28 4:31:00,26.10166376,-80.39882545
4367,2025-02-28 4:50:00,26.09929304,-80.39888543
4368,2025-02-28 4:57:00,26.09984211,-80.40178782
4369,2025-02-28 5:27:00,26.10101104,-80.40011177
4370,2025-02-28 5:50:00,26.09903532,-80.40054403
4371,2025-02-28 6:02:00,26.10212352,-80.39904371
4372,2025-02-28 6:27:00,26.10178096,-80.40079983
4373,2025-02-28 6:40:00,26.09989531,-80.40001615
4374,2025-02-28 7:00:00,26.6467596,-79.63826818
4375,2025-02-28 7:23:00,26.10046344,-80.39979592
4376,2025-02-28 7:48:00,26.09963398,-80.40020351
4377,2025-02-28 8:08:00,26.12053559,-80.16399492
4378,2025-02-28 8:37:00,26.10599322,-80.1373
4379,2025-02-28 9:07:00,26.12078952,-80.13859394
4380,2025-02-28 9:37:00,26.12285494,-80.13862562
4381,2025-02-28 9:51:00,26.12361495,-80.13744647
4382,2025-02-28 10:12:00,26.12101847,-80.1392774
4383,2025-02-28 10:19:00,26.12258789,-80.13555318
4384,2025-02-28 10:47:00,26.12174091,-80.13858855
4385,2025-02-28 10:56:00,26.12266392,-80.13702525
4386,2025-02-28 11:25:00,26.12140743,-80.13556393
4387,2025-02-28 11:39:00,26.12418332,-80.13593777
4388,2025-02-28 11:49:00,26.12214739,-80.1378543
4389,2025-02-28 12:05:00,26.12393102,-80.1382706
4390,2025-02-28 12:30:00,26.12116982,-80.13866013
4391,2025-02-28 12:45:00,26.12307011,-80.13697568
4392,2025-02-28 13:00:00,26.12068445,-80.13882651
4393,2025-02-28 13:26:00,26.12233647,-80.1378433
4394,2025-02-28 13:46:00,26.12214943,-80.13648117
4395,2025-02-28 13:55:00,26.12041916,-80.13865136
4396,2025-02-28 14:04:00,26.12054674,-80.13537515
4397,2025-02-28 14:20:00,26.12134419,-80.1356172
4398,2025-02-28 14:26:00,26.12043881,-80.13677806
4399,2025-02-28 14:44:00,25.74214413,-80.99441944
4400,2025-02-28 15:14:00,26.12259409,-80.13736365
4401,2025-02-28 15:25:00,26.1211547,-80.13810899
4402,2025-02-28 15:52:00,26.12172921,-80.13839299
4403,2025-02-28 16:08:00,26.12423999,-80.13772153
4404,2025-02-28 16:31:00,26.12103527,-80.13806522
4405,2025-02-28 16:49:00,26.12365572,-80.13587201
4406,2025-02-28 17:09:00,26.08380678,-80.27274407
4407,2025-02-28 17:15:00,26.09643729,-80.2582322
4408,2025-02-28 17:26:00,26.08521017,-80.22920847
4409,2025-02-28 17:38:00,26.0943322,-80.16148644
4410,2025-02-28 18:05:00,26.08031666,-80.27815908
4411,2025-02-28 18:10:00,26.07974368,-80.28155012
4412,2025-02-28 18:34:00,26.08097695,-80.28121337
4413,2025-02-28 18:44:00,26.07984453,-80.27803817
4414,2025-02-28 18:57:00,26.08097109,-80.28074105
4415,2025-02-28 19:19:00,26.08174117,-80.28021515
4416,2025-02-28 19:49:00,26.08226217,-80.28140408
4417,2025-02-28 19:59:00,26.08086696,-80.28020148
4418,2025-02-28 20:13:00,26.1001881,-80.40079319
4419,2025-02-28 20:23:00,26.10057448,-80.39788986
4420,2025-02-28 20:35:00,26.09968365,-80.39950793
4421,2025-02-28 20:43:00,26.10087769,-80.40037568
4422,2025-02-28 21:03:00,26.09904967,-80.40005526
4423,2025-02-28 21:31:00,26.10068298,-80.40164892
4424,2025-02-28 21:54:00,26.10150537,-80.39857463
4425,2025-02-28 22:14:00,26.10031815,-80.40094969
4426,2025-02-28 22:28:00,26.10191876,-80.40127237
4427,2025-02-28 22:52:00,26.10056082,-80.40124498
4428,2025-02-28 23:11:00,26.10002216,-80.39943424
4429,2025-02-28 23:18:00,26.09932092,-80.40035896
4430,2025-02-28 23:37:00,26.09993171,-80.3985753
4431,2025-02-28 23:58:00,26.1003376,-80.39981118
4432,2025-03-01 0:25:00,26.09938987,-80.40076633
4433,2025-03-01 0:34:00,26.10146982,-80.40167048
4434,2025-03-01 0:43:00,26.10059004,-80.40088874
4435,2025-03-01 0:53:00,26.09941841,-80.40147323
4436,2025-03-01 1:22:00,26.09912818,-80.39966989
4437,2025-03-01 1:32:00,26.09965797,-80.39864719
4438,2025-03-01 1:50:00,26.10155738,-80.39876128
4439,2025-03-01 2:16:00,26.10140072,-80.39927901
4440,2025-03-01 2:45:00,26.10202757,-80.40089054
4441,2025-03-01 2:50:00,26.10222172,-80.39908462
4442,2025-03-01 3:03:00,26.10128111,-80.40142227
4443,2025-03-01 3:31:00,26.1005263,-80.40163268
4444,2025-03-01 3:45:00,26.10116621,-80.40029261
4445,2025-03-01 4:05:00,26.10134199,-80.40030282
4446,2025-03-01 4:32:00,26.10131899,-80.39794787
4447,2025-03-01 5:02:00,26.10085463,-80.40077168
4448,2025-03-01 5:23:00,26.10107321,-80.3988605
4449,2025-03-01 5:29:00,26.10012332,-80.40176508
4450,2025-03-01 5:43:00,26.09994395,-80.40155633
4451,2025-03-01 5:50:00,26.09931424,-80.39832646
4452,2025-03-01 6:08:00,26.10008085,-80.40045302
4453,2025-03-01 6:35:00,26.101753,-80.40025762
4454,2025-03-01 6:58:00,26.10188322,-80.39991286
4455,2025-03-01 7:03:00,26.10231884,-80.39828747
4456,2025-03-01 7:10:00,26.10121933,-80.39835064
4457,2025-03-01 7:37:00,26.09901026,-80.39950826
4458,2025-03-01 8:06:00,26.10210239,-80.40020087
4459,2025-03-01 8:28:00,26.10194339,-80.40107066
4460,2025-03-01 8:53:00,26.09844528,-80.40088112
4461,2025-03-01 9:00:00,26.09994497,-80.40014273
4462,2025-03-01 9:20:00,26.09946833,-80.39791541
4463,2025-03-01 9:43:00,26.10066797,-80.40084156
4464,2025-03-01 9:54:00,26.10232451,-80.40038591
4465,2025-03-01 10:18:00,26.08193916,-80.28043898
4466,2025-03-01 10:47:00,26.07905163,-80.27947145
4467,2025-03-01 10:57:00,26.0807643,-80.28060554
4468,2025-03-01 11:17:00,26.08091394,-80.27922356
4469,2025-03-01 11:42:00,26.08042623,-80.27990705
4470,2025-03-01 11:49:00,26.08167462,-80.28035963
4471,2025-03-01 12:02:00,26.10071636,-80.39853999
4472,2025-03-01 12:27:00,26.10033134,-80.39948937
4473,2025-03-01 12:42:00,26.09871834,-80.39953979
4474,2025-03-01 13:00:00,26.10050434,-80.39799728
4475,2025-03-01 13:05:00,26.09872127,-80.40156645
4476,2025-03-01 13:35:00,26.10238697,-80.39816378
4477,2025-03-01 13:46:00,26.10073412,-80.40012974
4478,2025-03-01 14:10:00,26.09965397,-80.39808722
4479,2025-03-01 14:29:00,26.10192453,-80.40147729
4480,2025-03-01 14:54:00,26.10146792,-80.39895871
4481,2025-03-01 15:03:00,26.10127162,-80.40029079
4482,2025-03-01 15:20:00,26.09906455,-80.40021132
4483,2025-03-01 15:29:00,26.09932492,-80.40004759
4484,2025-03-01 15:47:00,26.10100921,-80.39956009
4485,2025-03-01 16:12:00,26.10131525,-80.40152891
4486,2025-03-01 16:26:00,26.09888053,-80.39799318
4487,2025-03-01 16:52:00,26.09911099,-80.3980478
4488,2025-03-01 17:22:00,26.09975039,-80.3994189
4489,2025-03-01 17:35:00,26.09914325,-80.39850831
4490,2025-03-01 18:01:00,26.10151913,-80.39962212
4491,2025-03-01 18:27:00,26.10048881,-80.40074857
4492,2025-03-01 18:51:00,26.10027809,-80.39818306
4493,2025-03-01 19:12:00,26.09883229,-80.39932976
4494,2025-03-01 19:20:00,26.10001093,-80.40127415
4495,2025-03-01 19:25:00,26.09974303,-80.39844406
4496,2025-03-01 19:34:00,26.10233369,-80.39817718
4497,2025-03-01 19:42:00,26.10155464,-80.39891303
4498,2025-03-01 19:50:00,26.09854955,-80.40131214
4499,2025-03-01 19:57:00,26.1019384,-80.39876533
4500,2025-03-01 20:11:00,26.10041995,-80.40048299
4501,2025-03-01 20:18:00,26.10117718,-80.3998657
4502,2025-03-01 20:24:00,26.10151632,-80.40148219
4503,2025-03-01 20:42:00,26.09891157,-80.39861414
4504,2025-03-01 21:03:00,26.10050342,-80.40173883
4505,2025-03-01 21:09:00,26.1000937,-80.39821686
4506,2025-03-01 21:38:00,26.10083278,-80.40075594
4507,2025-03-01 21:54:00,26.09995678,-80.40027773
4508,2025-03-01 22:23:00,26.09956864,-80.3993653
4509,2025-03-01 22:29:00,26.10188333,-80.39867786
4510,2025-03-01 22:45:00,26.10111996,-80.3985236
4511,2025-03-01 22:51:00,26.09840173,-80.39873752
4512,2025-03-01 23:05:00,26.0988166,-80.40053331
4513,2025-03-01 23:17:00,26.09863499,-80.40080183
4514,2025-03-01 23:36:00,26.1020942,-80.39919053
4515,2025-03-01 23:49:00,26.10140132,-80.4001342
4516,2025-03-01 23:55:00,26.10208533,-80.39939246
4517,2025-03-02 0:05:00,26.09846858,-80.39866451
4518,2025-03-02 0:32:00,26.10141625,-80.39943125
4519,2025-03-02 0:40:00,26.10216847,-80.40175184
4520,2025-03-02 0:51:00,26.10067924,-80.39920913
4521,2025-03-02 0:56:00,26.09866992,-80.39867624
4522,2025-03-02 1:22:00,26.09903341,-80.39935147
4523,2025-03-02 1:45:00,26.09844611,-80.39998412
4524,2025-03-02 2:00:00,26.10208055,-80.39827593
4525,2025-03-02 2:16:00,26.10165678,-80.39838701
4526,2025-03-02 2:22:00,26.09882548,-80.40034386
4527,2025-03-02 2:29:00,26.09893119,-80.39898175
4528,2025-03-02 2:59:00,26.1008825,-80.39942272
4529,2025-03-02 3:14:00,26.10223113,-80.39834557
4530,2025-03-02 3:38:00,26.09902701,-80.40027182
4531,2025-03-02 3:56:00,26.09995568,-80.40037966
4532,2025-03-02 4:08:00,26.10006413,-80.39981922
4533,2025-03-02 4:32:00,26.10056918,-80.39956221
4534,2025-03-02 4:43:00,26.09913386,-80.40120846
4535,2025-03-02 4:52:00,26.10163808,-80.39882324
4536,2025-03-02 4:58:00,26.09972984,-80.39970758
4537,2025-03-02 5:28:00,26.09992367,-80.39912649
4538,2025-03-02 5:40:00,26.10091181,-80.3986239
4539,2025-03-02 5:54:00,26.09994866,-80.40104861
4540,2025-03-02 6:01:00,26.10136122,-80.39827158
4541,2025-03-02 6:27:00,26.0987381,-80.40179047
4542,2025-03-02 6:34:00,26.101625,-80.40125708
4543,2025-03-02 6:42:00,26.09933614,-80.40160322
4544,2025-03-02 7:05:00,26.0999713,-80.3999686
4545,2025-03-02 7:35:00,26.09949784,-80.39812381
4546,2025-03-02 7:59:00,26.10128745,-80.39966761
4547,2025-03-02 8:07:00,26.10023891,-80.40068601
4548,2025-03-02 8:33:00,26.10068725,-80.39877054
4549,2025-03-02 8:56:00,26.10231356,-80.40166944
4550,2025-03-02 9:23:00,26.09931355,-80.39865895
4551,2025-03-02 9:37:00,26.09922908,-80.39931706
4552,2025-03-02 9:48:00,26.10103129,-80.39891632
4553,2025-03-02 10:06:00,26.08106375,-80.27827715
4554,2025-03-02 10:27:00,26.08241216,-80.28107255
4555,2025-03-02 10:37:00,26.08032703,-80.27995084
4556,2025-03-02 11:06:00,26.08037974,-80.27814157
4557,2025-03-02 11:23:00,26.08085642,-80.27917507
4558,2025-03-02 11:52:00,26.08083327,-80.28018874
4559,2025-03-02 12:16:00,26.10218449,-80.39966629
4560,2025-03-02 12:22:00,26.10033793,-80.40007754
4561,2025-03-02 12:31:00,26.09856978,-80.40106664
4562,2025-03-02 12:49:00,26.10168085,-80.3986692
4563,2025-03-02 13:13:00,26.09841429,-80.4011945
4564,2025-03-02 13:38:00,26.10025549,-80.40151292
4565,2025-03-02 14:02:00,26.09851906,-80.40107014
4566,2025-03-02 14:26:00,26.09954223,-80.39921089
4567,2025-03-02 14:42:00,26.09970638,-80.3995078
4568,2025-03-02 14:54:00,26.10166235,-80.40027354
4569,2025-03-02 15:08:00,26.10108313,-80.40167918
4570,2025-03-02 15:24:00,26.10204344,-80.39943079
4571,2025-03-02 15:54:00,26.09999403,-80.39893604
4572,2025-03-02 16:03:00,26.10051749,-80.39924082
4573,2025-03-02 16:29:00,26.09987379,-80.40117752
4574,2025-03-02 16:49:00,26.10133794,-80.39845541
4575,2025-03-02 17:02:00,26.10098824,-80.40092288
4576,2025-03-02 17:14:00,26.10000015,-80.40084753
4577,2025-03-02 17:25:00,26.10205738,-80.39806418
4578,2025-03-02 17:44:00,26.09866984,-80.40035878
4579,2025-03-02 18:06:00,26.10149349,-80.39934174
4580,2025-03-02 18:36:00,26.10045731,-80.39860474
4581,2025-03-02 18:56:00,26.09903452,-80.39832429
4582,2025-03-02 19:09:00,26.09858398,-80.40041262
4583,2025-03-02 19:19:00,26.09947838,-80.39943188
4584,2025-03-02 19:43:00,26.09857682,-80.40047879
4585,2025-03-02 20:08:00,26.10080838,-80.40063074
4586,2025-03-02 20:21:00,26.09858592,-80.39935375
4587,2025-03-02 20:40:00,26.10082008,-80.39960424
4588,2025-03-02 20:54:00,26.10126354,-80.39834879
4589,2025-03-02 21:14:00,26.10111989,-80.39992554
4590,2025-03-02 21:19:00,26.09975348,-80.40075933
4591,2025-03-02 21:47:00,26.10022167,-80.40144124
4592,2025-03-02 22:07:00,26.10137805,-80.40091399
4593,2025-03-02 22:35:00,25.61831048,-79.4107586
4594,2025-03-02 23:05:00,26.09935144,-80.40102591
4595,2025-03-02 23:31:00,26.09882826,-80.40164894
4596,2025-03-02 23:47:00,26.09955534,-80.40028772
4597,2025-03-03 0:12:00,26.10225118,-80.39853275
4598,2025-03-03 0:27:00,26.09949349,-80.3994582
4599,2025-03-03 0:41:00,26.0996423,-80.3979686
4600,2025-03-03 0:55:00,26.10071665,-80.40068232
4601,2025-03-03 1:16:00,26.10225627,-80.39893284
4602,2025-03-03 1:39:00,26.1013206,-80.39845218
4603,2025-03-03 2:09:00,26.10087312,-80.40108201
4604,2025-03-03 2:33:00,26.09981329,-80.40039497
4605,2025-03-03 2:44:00,26.09869307,-80.40096712
4606,2025-03-03 3:05:00,26.09908467,-80.40007892
4607,2025-03-03 3:11:00,26.09870491,-80.39842574
4608,2025-03-03 3:41:00,26.10217552,-80.39781706
4609,2025-03-03 4:07:00,26.10182274,-80.40107148
4610,2025-03-03 4:20:00,26.10012871,-80.40081399
4611,2025-03-03 4:40:00,26.09904435,-80.39998143
4612,2025-03-03 4:48:00,26.10237426,-80.40078711
4613,2025-03-03 5:02:00,26.0985813,-80.4009039
4614,2025-03-03 5:11:00,26.09890731,-80.40059963
4615,2025-03-03 5:25:00,26.10137352,-80.39848046
4616,2025-03-03 5:45:00,26.09944675,-80.39910256
4617,2025-03-03 6:05:00,26.09841831,-80.39971255
4618,2025-03-03 6:10:00,26.10177783,-80.40154135
4619,2025-03-03 6:30:00,26.09983311,-80.40071844
4620,2025-03-03 6:58:00,26.09893211,-80.40101261
4621,2025-03-03 7:05:00,26.50351875,-81.29858526
4622,2025-03-03 7:19:00,26.10167977,-80.39925545
4623,2025-03-03 7:44:00,26.09987267,-80.3978606
4624,2025-03-03 8:13:00,26.10338305,-80.21738475
4625,2025-03-03 8:33:00,26.10263729,-80.15954576
4626,2025-03-03 9:00:00,26.1230234,-80.13631001
4627,2025-03-03 9:27:00,26.12279528,-80.13726157
4628,2025-03-03 9:32:00,26.12213368,-80.13665902
4629,2025-03-03 9:52:00,26.12295567,-80.1359985
4630,2025-03-03 10:10:00,26.12391972,-80.13695189
4631,2025-03-03 10:31:00,26.12104654,-80.13854806
4632,2025-03-03 10:37:00,26.12060967,-80.13881621
4633,2025-03-03 10:57:00,26.12209502,-80.13602713
4634,2025-03-03 11:11:00,26.12269639,-80.13664176
4635,2025-03-03 11:20:00,26.12236629,-80.13884724
4636,2025-03-03 11:47:00,26.12155189,-80.13586502
4637,2025-03-03 11:53:00,26.12373395,-80.13927516
4638,2025-03-03 12:04:00,26.12272202,-80.13722852
4639,2025-03-03 12:22:00,26.12406767,-80.13674535
4640,2025-03-03 12:47:00,26.12289142,-80.13774099
4641,2025-03-03 12:55:00,26.12280259,-80.13706186
4642,2025-03-03 13:03:00,26.1215029,-80.13691947
4643,2025-03-03 13:28:00,26.12067374,-80.13919756
4644,2025-03-03 13:42:00,26.12166243,-80.13616936
4645,2025-03-03 13:57:00,26.12080325,-80.13604971
4646,2025-03-03 14:19:00,26.12096364,-80.13821843
4647,2025-03-03 14:43:00,26.12376382,-80.13663122
4648,2025-03-03 15:10:00,26.12161067,-80.13664383
4649,2025-03-03 15:20:00,26.12311825,-80.13910539
4650,2025-03-03 15:31:00,26.12112312,-80.13670458
4651,2025-03-03 15:59:00,26.12353554,-80.13761728
4652,2025-03-03 16:24:00,26.12248181,-80.13889079
4653,2025-03-03 16:50:00,26.12201708,-80.13607823
4654,2025-03-03 17:02:00,26.10205085,-80.18809153
4655,2025-03-03 17:22:00,26.11187458,-80.16390508
4656,2025-03-03 17:52:00,25.47554602,-80.03724462
4657,2025-03-03 18:20:00,26.08066558,-80.28148392
4658,2025-03-03 18:40:00,26.0820054,-80.27839915
4659,2025-03-03 18:49:00,26.07999074,-80.27908214
4660,2025-03-03 18:54:00,26.08109467,-80.28055
4661,2025-03-03 19:09:00,26.08005164,-80.27933101
4662,2025-03-03 19:21:00,26.08146279,-80.27898336
4663,2025-03-03 19:37:00,26.07907621,-80.2817235
4664,2025-03-03 20:06:00,26.1014605,-80.40030792
4665,2025-03-03 20:24:00,26.10069823,-80.40171815
4666,2025-03-03 20:39:00,26.09900037,-80.39873167
4667,2025-03-03 20:50:00,26.10151637,-80.39885651
4668,2025-03-03 21:02:00,26.10230784,-80.39888405
4669,2025-03-03 21:26:00,26.09924817,-80.40129699
4670,2025-03-03 21:48:00,26.10158207,-80.39970876
4671,2025-03-03 21:56:00,26.10204571,-80.3978881
4672,2025-03-03 22:15:00,26.0996425,-80.40020374
4673,2025-03-03 22:41:00,26.10205008,-80.40168113
4674,2025-03-03 22:53:00,26.09854079,-80.3999784
4675,2025-03-03 23:10:00,26.10075112,-80.40166846
4676,2025-03-03 23:23:00,26.09910023,-80.40053334
4677,2025-03-03 23:45:00,26.09937237,-80.39906924
4678,2025-03-04 0:14:00,25.35881236,-80.39599043
4679,2025-03-04 0:34:00,26.10015932,-80.39791124
4680,2025-03-04 0:43:00,26.09877469,-80.40059748
4681,2025-03-04 0:54:00,26.102334,-80.40131695
4682,2025-03-04 1:23:00,26.10235193,-80.39976243
4683,2025-03-04 1:28:00,25.33445522,-79.90846059
4684,2025-03-04 1:56:00,26.10048078,-80.39789887
4685,2025-03-04 2:13:00,26.09895191,-80.39800936
4686,2025-03-04 2:32:00,26.10189955,-80.3992067
4687,2025-03-04 2:40:00,26.09845476,-80.39843139
4688,2025-03-04 2:51:00,26.0998347,-80.40136843
4689,2025-03-04 3:12:00,26.09880559,-80.40088422
4690,2025-03-04 3:35:00,26.09891413,-80.40028934
4691,2025-03-04 4:01:00,26.10046376,-80.39942639
4692,2025-03-04 4:10:00,26.10239217,-80.3988996
4693,2025-03-04 4:37:00,26.10193419,-80.40131177
4694,2025-03-04 5:07:00,26.10079314,-80.40016986
4695,2025-03-04 5:23:00,26.09877515,-80.39780322
4696,2025-03-04 5:47:00,26.09966983,-80.39973371
4697,2025-03-04 6:06:00,26.09953069,-80.39988651
4698,2025-03-04 6:12:00,26.09908596,-80.39801694
4699,2025-03-04 6:29:00,26.09864685,-80.40038751
4700,2025-03-04 6:39:00,26.10228964,-80.39957526
4701,2025-03-04 7:02:00,26.09867421,-80.40127712
4702,2025-03-04 7:19:00,26.10045073,-80.4006743
4703,2025-03-04 7:25:00,26.10006857,-80.40040423
4704,2025-03-04 7:33:00,26.09900466,-80.40138435
4705,2025-03-04 7:46:00,26.09961633,-80.40044728
4706,2025-03-04 7:51:00,26.10116245,-80.39795123
4707,2025-03-04 7:57:00,26.10155519,-80.40101383
4708,2025-03-04 8:09:00,26.11345085,-80.27522373
4709,2025-03-04 8:32:00,26.11382373,-80.38645254
4710,2025-03-04 8:57:00,26.10375593,-80.17289322
4711,2025-03-04 9:13:00,26.122218,-80.13833993
4712,2025-03-04 9:20:00,26.12099887,-80.13632262
4713,2025-03-04 9:42:00,26.12242632,-80.13806384
4714,2025-03-04 9:52:00,26.12063127,-80.1392231
4715,2025-03-04 10:10:00,26.12387203,-80.13599969
4716,2025-03-04 10:38:00,26.12158775,-80.1369378
4717,2025-03-04 10:48:00,26.1239208,-80.1384138
4718,2025-03-04 11:03:00,26.12335874,-80.13914006
4719,2025-03-04 11:32:00,26.12282531,-80.13916539
4720,2025-03-04 11:58:00,26.12243413,-80.13724582
4721,2025-03-04 12:18:00,26.12250089,-80.13559407
4722,2025-03-04 12:34:00,26.12255819,-80.13626731
4723,2025-03-04 12:47:00,26.12194541,-80.13751459
4724,2025-03-04 12:59:00,26.1210047,-80.13904908
4725,2025-03-04 13:12:00,26.1205479,-80.13565672
4726,2025-03-04 13:26:00,26.12079893,-80.13809538
4727,2025-03-04 13:50:00,26.12157471,-80.13920569
4728,2025-03-04 14:00:00,26.12120409,-80.13689154
4729,2025-03-04 14:25:00,26.12308918,-80.1366137
4730,2025-03-04 14:49:00,26.12389013,-80.13828971
4731,2025-03-04 15:19:00,26.12372574,-80.13886867
4732,2025-03-04 15:24:00,26.12094253,-80.13652579
4733,2025-03-04 15:51:00,26.12223358,-80.13720299
4734,2025-03-04 16:04:00,26.12258547,-80.13823357
4735,2025-03-04 16:14:00,26.12223139,-80.13702355
4736,2025-03-04 16:34:00,26.12040791,-80.13865262
4737,2025-03-04 17:00:00,26.08521017,-80.24613898
4738,2025-03-04 17:16:00,26.10766441,-80.17357966
4739,2025-03-04 17:46:00,26.10696271,-80.20502203
4740,2025-03-04 17:53:00,26.11538305,-80.14455593
4741,2025-03-04 18:05:00,26.08092546,-80.28019883
4742,2025-03-04 18:13:00,26.0813047,-80.28172941
4743,2025-03-04 18:31:00,26.08238727,-80.27870136
4744,2025-03-04 18:49:00,26.07990867,-80.2794031
4745,2025-03-04 18:55:00,26.07911216,-80.27919813
4746,2025-03-04 19:21:00,26.08071295,-80.28042242
4747,2025-03-04 19:29:00,26.08097379,-80.2802939
4748,2025-03-04 19:39:00,26.08158978,-80.28006045
4749,2025-03-04 19:44:00,26.07978319,-80.27861559
4750,2025-03-04 20:11:00,26.09870037,-80.399244
4751,2025-03-04 20:22:00,26.09997676,-80.39807716
4752,2025-03-04 20:33:00,26.10019032,-80.39945839
4753,2025-03-04 21:00:00,26.10133391,-80.40019588
4754,2025-03-04 21:12:00,26.09962272,-80.40111284
4755,2025-03-04 21:27:00,26.10051707,-80.39923301
4756,2025-03-04 21:45:00,26.10175815,-80.39854756
4757,2025-03-04 21:52:00,26.101221,-80.40057849
4758,2025-03-04 22:02:00,26.10140848,-80.40083183
4759,2025-03-04 22:08:00,26.09879407,-80.40003833
4760,2025-03-04 22:21:00,26.10029986,-80.40028694
4761,2025-03-04 22:43:00,26.09931733,-80.39962024
4762,2025-03-04 22:52:00,26.09987058,-80.39805265
4763,2025-03-04 23:22:00,26.09862302,-80.39798203
4764,2025-03-04 23:30:00,26.10067756,-80.39855488
4765,2025-03-04 23:41:00,26.10180901,-80.3992612
4766,2025-03-04 23:56:00,26.09893013,-80.39810949
4767,2025-03-05 0:19:00,26.10063357,-80.39832526
4768,2025-03-05 0:36:00,26.10128335,-80.39809858
4769,2025-03-05 0:43:00,26.10198055,-80.39822283
4770,2025-03-05 1:12:00,26.10171652,-80.39825821
4771,2025-03-05 1:27:00,26.09985749,-80.40011751
4772,2025-03-05 1:35:00,26.0987587,-80.39986014
4773,2025-03-05 2:05:00,26.09997182,-80.39934759
4774,2025-03-05 2:29:00,26.09990359,-80.40141196
4775,2025-03-05 2:39:00,26.10144261,-80.39814526
4776,2025-03-05 2:52:00,26.10203042,-80.40157635
4777,2025-03-05 3:09:00,26.0989904,-80.39797181
4778,2025-03-05 3:35:00,26.09897768,-80.40116197
4779,2025-03-05 3:53:00,26.09926806,-80.40173056
4780,2025-03-05 4:20:00,26.09958803,-80.39918034
4781,2025-03-05 4:30:00,26.10232343,-80.40130027
4782,2025-03-05 4:38:00,26.10085833,-80.40036341
4783,2025-03-05 5:04:00,26.09887175,-80.40045217
4784,2025-03-05 5:12:00,26.10184839,-80.40156812
4785,2025-03-05 5:27:00,26.09852883,-80.39929958
4786,2025-03-05 5:37:00,26.10126701,-80.40067088
4787,2025-03-05 5:46:00,26.09977545,-80.40007188
4788,2025-03-05 6:05:00,26.10086685,-80.39821716
4789,2025-03-05 6:15:00,26.10042358,-80.39825283
4790,2025-03-05 6:42:00,26.1014574,-80.39795013
4791,2025-03-05 7:04:00,26.09847876,-80.40179579
4792,2025-03-05 7:16:00,26.10211101,-80.39865908
4793,2025-03-05 7:26:00,26.10221712,-80.3986025
4794,2025-03-05 7:35:00,26.10164815,-80.39930497
4795,2025-03-05 7:47:00,26.31251265,-79.53269729
4796,2025-03-05 8:06:00,26.10189153,-80.39090169
4797,2025-03-05 8:14:00,26.1224,-80.19958814
4798,2025-03-05 8:29:00,26.11382373,-80.3063678
4799,2025-03-05 8:40:00,26.11345085,-80.36420678
4800,2025-03-05 8:55:00,26.10412881,-80.2218339
4801,2025-03-05 9:18:00,26.12075458,-80.13540707
4802,2025-03-05 9:42:00,26.12388573,-80.13878708
4803,2025-03-05 9:56:00,26.12113369,-80.13650846
4804,2025-03-05 10:09:00,26.12244834,-80.13818616
4805,2025-03-05 10:17:00,26.12434664,-80.13610157
4806,2025-03-05 10:46:00,26.12233056,-80.1357888
4807,2025-03-05 10:53:00,26.12165705,-80.13617269
4808,2025-03-05 11:07:00,26.12095575,-80.13662662
4809,2025-03-05 11:27:00,26.12092041,-80.13858916
4810,2025-03-05 11:52:00,26.1208487,-80.13730621
4811,2025-03-05 12:17:00,26.12254528,-80.13540322
4812,2025-03-05 12:38:00,26.12123776,-80.1377855
4813,2025-03-05 13:06:00,26.12237376,-80.13558586
4814,2025-03-05 13:29:00,26.12344936,-80.13839309
4815,2025-03-05 13:39:00,26.12389269,-80.13745282
4816,2025-03-05 13:53:00,26.12073859,-80.13864112
4817,2025-03-05 14:04:00,26.12389317,-80.13723966
4818,2025-03-05 14:11:00,26.12070739,-80.13686067
4819,2025-03-05 14:29:00,26.1221252,-80.13646831
4820,2025-03-05 14:50:00,26.12155973,-80.1387882
4821,2025-03-05 14:56:00,26.12190576,-80.13912601
4822,2025-03-05 15:15:00,26.12192541,-80.13614091
4823,2025-03-05 15:40:00,26.12152422,-80.1385358
4824,2025-03-05 15:45:00,26.12193534,-80.13879669
4825,2025-03-05 16:08:00,26.12100913,-80.13782835
4826,2025-03-05 16:33:00,26.12092657,-80.13577664
4827,2025-03-05 16:59:00,26.12418454,-80.13573864
4828,2025-03-05 17:05:00,26.08240339,-80.14213729
4829,2025-03-05 17:34:00,26.09573559,-80.24130169
4830,2025-03-05 18:03:00,26.07998683,-80.27921745
4831,2025-03-05 18:25:00,26.07969703,-80.27831223
4832,2025-03-05 18:38:00,26.07963419,-80.27995429
4833,2025-03-05 18:43:00,26.07945335,-80.27852068
4834,2025-03-05 19:06:00,26.08040847,-80.28121093
4835,2025-03-05 19:23:00,26.08260811,-80.27895562
4836,2025-03-05 19:40:00,26.08157521,-80.28073193
4837,2025-03-05 19:58:00,26.08212603,-80.28151559
4838,2025-03-05 20:25:00,26.09917717,-80.39897841
4839,2025-03-05 20:42:00,26.1008897,-80.39870525
4840,2025-03-05 20:53:00,26.10053943,-80.40116809
4841,2025-03-05 21:15:00,26.10129392,-80.40073303
4842,2025-03-05 21:39:00,26.1014415,-80.40176077
4843,2025-03-05 21:46:00,26.09994778,-80.39826933
4844,2025-03-05 21:52:00,26.52866936,-79.7486706
4845,2025-03-05 22:05:00,26.10020431,-80.40134876
4846,2025-03-05 22:13:00,26.10154557,-80.40162772
4847,2025-03-05 22:27:00,26.09931265,-80.39876144
4848,2025-03-05 22:44:00,26.09877159,-80.39836818
4849,2025-03-05 23:14:00,26.09957488,-80.39789473
4850,2025-03-05 23:38:00,26.10124667,-80.40022185
4851,2025-03-05 23:48:00,26.09907678,-80.40147093
4852,2025-03-05 23:56:00,26.10214637,-80.39962777
4853,2025-03-06 0:16:00,26.09848101,-80.39859543
4854,2025-03-06 0:33:00,26.09924946,-80.40122513
4855,2025-03-06 0:41:00,26.099862,-80.39965938
4856,2025-03-06 0:46:00,26.09849798,-80.40144037
4857,2025-03-06 0:57:00,26.09853423,-80.3991898
4858,2025-03-06 1:05:00,26.10238578,-80.40039965
4859,2025-03-06 1:27:00,26.10152616,-80.39968403
4860,2025-03-06 1:52:00,26.10120957,-80.39868747
4861,2025-03-06 1:58:00,26.09887407,-80.40052982
4862,2025-03-06 2:13:00,26.10022149,-80.39994433
4863,2025-03-06 2:38:00,26.10144128,-80.39880723
4864,2025-03-06 2:50:00,26.10109066,-80.39937139
4865,2025-03-06 3:00:00,26.10221581,-80.39925621
4866,2025-03-06 3:06:00,26.09905465,-80.40074075
4867,2025-03-06 3:31:00,26.10200317,-80.39997327
4868,2025-03-06 3:48:00,26.10126241,-80.39852506
4869,2025-03-06 4:11:00,26.10075357,-80.39838588
4870,2025-03-06 4:29:00,26.10072607,-80.40169194
4871,2025-03-06 4:34:00,26.10027081,-80.39988505
4872,2025-03-06 4:56:00,26.10092777,-80.39794207
4873,2025-03-06 5:14:00,26.09912457,-80.39936322
4874,2025-03-06 5:30:00,26.09909087,-80.40072676
4875,2025-03-06 5:54:00,26.10230222,-80.40100788
4876,2025-03-06 6:11:00,26.09967413,-80.40022185
4877,2025-03-06 6:19:00,26.10179344,-80.3989326
4878,2025-03-06 6:42:00,26.09847117,-80.3998279
4879,2025-03-06 7:08:00,26.09983204,-80.39905628
4880,2025-03-06 7:34:00,26.09931507,-80.3994531
4881,2025-03-06 8:02:00,26.10599322,-80.20848644
4882,2025-03-06 8:25:00,26.11158644,-80.27522373
4883,2025-03-06 8:46:00,26.11009492,-80.36865593
4884,2025-03-06 9:02:00,26.12320442,-80.13872957
4885,2025-03-06 9:21:00,26.12145562,-80.13846691
4886,2025-03-06 9:49:00,26.12075687,-80.13546143
4887,2025-03-06 10:09:00,26.1204606,-80.13720037
4888,2025-03-06 10:33:00,26.12088635,-80.13644369
4889,2025-03-06 10:43:00,26.12062692,-80.13633694
4890,2025-03-06 11:12:00,26.12287806,-80.1382615
4891,2025-03-06 11:33:00,26.12304475,-80.13579145
4892,2025-03-06 12:01:00,26.12113256,-80.13633503
4893,2025-03-06 12:08:00,26.12151765,-80.13731089
4894,2025-03-06 12:38:00,26.1215351,-80.1385593
4895,2025-03-06 13:04:00,26.12141498,-80.13891578
4896,2025-03-06 13:34:00,26.12080151,-80.13724678
4897,2025-03-06 13:51:00,26.12313072,-80.13769312
4898,2025-03-06 14:07:00,26.12239633,-80.13789388
4899,2025-03-06 14:15:00,26.12290299,-80.13731116
4900,2025-03-06 14:45:00,26.12258823,-80.13920883
4901,2025-03-06 15:04:00,26.12364838,-80.13605448
4902,2025-03-06 15:24:00,26.12079734,-80.13906487
4903,2025-03-06 15:29:00,26.1243844,-80.13927722
4904,2025-03-06 15:41:00,26.12223302,-80.13699284
4905,2025-03-06 15:55:00,26.1213387,-80.13541346
4906,2025-03-06 16:08:00,26.1239883,-80.13687841
4907,2025-03-06 16:22:00,26.12236214,-80.13606986
4908,2025-03-06 16:51:00,26.12173923,-80.13765697
4909,2025-03-06 17:01:00,26.09012203,-80.2195339
4910,2025-03-06 17:25:00,26.08591186,-80.18083559
4911,2025-03-06 17:47:00,26.09082373,-80.19534746
4912,2025-03-06 17:52:00,26.11397966,-80.22437119
4913,2025-03-06 18:09:00,26.07979971,-80.28071538
4914,2025-03-06 18:30:00,26.08053804,-80.28195606
4915,2025-03-06 18:53:00,26.0800107,-80.28015338
4916,2025-03-06 18:58:00,26.08140954,-80.27881256
4917,2025-03-06 19:17:00,26.08063014,-80.28044582
4918,2025-03-06 19:24:00,26.08233337,-80.28138345
4919,2025-03-06 19:51:00,26.07935695,-80.27803344
4920,2025-03-06 20:08:00,26.09924593,-80.4016462
4921,2025-03-06 20:29:00,26.09865392,-80.3985966
4922,2025-03-06 20:34:00,26.10083089,-80.3984596
4923,2025-03-06 20:46:00,26.09856123,-80.3992887
4924,2025-03-06 20:58:00,26.10124146,-80.40152172
4925,2025-03-06 21:12:00,26.10076669,-80.40134298
4926,2025-03-06 21:18:00,26.10031037,-80.39940616
4927,2025-03-06 21:42:00,26.10213214,-80.39935647
4928,2025-03-06 21:58:00,26.09840285,-80.39935928
4929,2025-03-06 22:13:00,26.10233051,-80.4006293
4930,2025-03-06 22:34:00,26.09998206,-80.3978048
4931,2025-03-06 22:59:00,26.10187146,-80.3997095
4932,2025-03-06 23:24:00,26.09869317,-80.40146377
4933,2025-03-06 23:31:00,26.10072313,-80.39836684
4934,2025-03-07 0:01:00,26.1012518,-80.400938
4935,2025-03-07 0:29:00,26.10067857,-80.39948098
4936,2025-03-07 0:46:00,26.09845591,-80.39816834
4937,2025-03-07 1:00:00,26.0985558,-80.39850321
4938,2025-03-07 1:22:00,26.10217394,-80.39914066
4939,2025-03-07 1:28:00,26.10104862,-80.39975384
4940,2025-03-07 1:42:00,26.09943284,-80.39991309
4941,2025-03-07 2:12:00,26.10195276,-80.40175518
4942,2025-03-07 2:17:00,26.10172725,-80.39915244
4943,2025-03-07 2:39:00,26.09949008,-80.39911004
4944,2025-03-07 3:07:00,26.10169491,-80.39889287
4945,2025-03-07 3:27:00,26.10125148,-80.39946049
4946,2025-03-07 3:50:00,26.09962348,-80.40044373
4947,2025-03-07 3:57:00,26.09844243,-80.39901359
4948,2025-03-07 4:07:00,26.09947705,-80.39858495
4949,2025-03-07 4:20:00,26.10026156,-80.40108704
4950,2025-03-07 4:27:00,26.10056406,-80.40143267
4951,2025-03-07 4:32:00,26.09969984,-80.39781352
4952,2025-03-07 4:48:00,26.10056675,-80.39945342
4953,2025-03-07 4:59:00,26.09872858,-80.39899263
4954,2025-03-07 5:18:00,26.0992712,-80.40014268
4955,2025-03-07 5:27:00,26.09865472,-80.40052928
4956,2025-03-07 5:49:00,26.10023578,-80.39850743
4957,2025-03-07 6:16:00,26.10141395,-80.3982028
4958,2025-03-07 6:46:00,26.10174709,-80.39927121
4959,2025-03-07 7:06:00,26.10088623,-80.39981797
4960,2025-03-07 7:35:00,26.09885883,-80.39954041
4961,2025-03-07 7:55:00,26.10043132,-80.40079888
4962,2025-03-07 8:20:00,26.12128136,-80.19068983
4963,2025-03-07 8:50:00,26.10412881,-80.21293559
4964,2025-03-07 9:10:00,26.12042107,-80.13697765
4965,2025-03-07 9:19:00,26.12188837,-80.13724672
4966,2025-03-07 9:37:00,26.12040175,-80.13651036
4967,2025-03-07 10:00:00,26.12109174,-80.136054
4968,2025-03-07 10:15:00,26.12103172,-80.13545396
4969,2025-03-07 10:40:00,26.12353119,-80.13781742
4970,2025-03-07 11:02:00,26.12180297,-80.13699439
4971,2025-03-07 11:19:00,26.12103684,-80.13737185
4972,2025-03-07 11:40:00,26.12200639,-80.13927191
4973,2025-03-07 11:58:00,26.12201054,-80.13651816
4974,2025-03-07 12:25:00,26.12393207,-80.13898191
4975,2025-03-07 12:43:00,26.12381824,-80.13631069
4976,2025-03-07 13:08:00,26.12264773,-80.13618714
4977,2025-03-07 13:13:00,26.12320762,-80.13832243
4978,2025-03-07 13:35:00,26.12248637,-80.13716101
4979,2025-03-07 14:00:00,26.12423648,-80.13768625
4980,2025-03-07 14:28:00,26.12169602,-80.13599826
4981,2025-03-07 14:51:00,26.12114027,-80.1365229
4982,2025-03-07 15:01:00,26.12056903,-80.13711034
4983,2025-03-07 15:12:00,26.12268594,-80.13547909
4984,2025-03-07 15:37:00,26.12310943,-80.13880371
4985,2025-03-07 15:55:00,26.12069967,-80.13612556
4986,2025-03-07 16:17:00,26.12069465,-80.13746997
4987,2025-03-07 16:27:00,26.12338078,-80.13601464
4988,2025-03-07 16:36:00,26.12227778,-80.13835026
4989,2025-03-07 16:43:00,26.12343676,-80.13659704
4990,2025-03-07 16:49:00,26.12432052,-80.1373752
4991,2025-03-07 17:14:00,26.10626102,-80.18325424
4992,2025-03-07 17:34:00,26.08240339,-80.27516271
4993,2025-03-07 17:46:00,26.1090678,-80.28
4994,2025-03-07 17:56:00,26.08170169,-80.17841695
4995,2025-03-07 18:19:00,26.07933778,-80.27869862
4996,2025-03-07 18:34:00,26.08204921,-80.27806978
4997,2025-03-07 18:49:00,26.08054742,-80.27842029
4998,2025-03-07 19:12:00,26.08136439,-80.28046283
4999,2025-03-07 19:19:00,26.082866,-80.28144307
5000,2025-03-07 19:37:00,26.08213575,-80.27988936
5001,2025-03-07 20:00:00,26.10167072,-80.40065614
5002,2025-03-07 20:09:00,26.09891062,-80.39938978
5003,2025-03-07 20:27:00,26.10229544,-80.40133341
5004,2025-03-07 20:43:00,26.10186751,-80.40067129
5005,2025-03-07 21:07:00,26.10229216,-80.39933719
5006,2025-03-07 21:32:00,26.10115558,-80.39978954
5007,2025-03-07 21:42:00,26.10080151,-80.40049645
5008,2025-03-07 21:50:00,26.10052156,-80.40099086
5009,2025-03-07 22:07:00,26.09921086,-80.40106737
5010,2025-03-07 22:24:00,26.10154445,-80.39956291
5011,2025-03-07 22:43:00,26.10120103,-80.39926612
5012,2025-03-07 23:08:00,26.10141298,-80.40004302
5013,2025-03-07 23:35:00,26.09848986,-80.40025921
5014,2025-03-07 23:51:00,26.10215765,-80.39926606
5015,2025-03-08 0:13:00,26.09974499,-80.39863534
5016,2025-03-08 0:32:00,26.10100507,-80.39871807
5017,2025-03-08 0:58:00,26.10118117,-80.40063063
5018,2025-03-08 1:25:00,26.10178305,-80.39922074
5019,2025-03-08 1:54:00,26.09995664,-80.39943784
5020,2025-03-08 2:07:00,26.10218694,-80.39920671
5021,2025-03-08 2:17:00,26.09911849,-80.40032965
5022,2025-03-08 2:42:00,26.10111749,-80.40007338
5023,2025-03-08 2:52:00,26.09902684,-80.39835628
5024,2025-03-08 2:58:00,26.10180916,-80.39958434
5025,2025-03-08 3:14:00,26.09922086,-80.39867735
5026,2025-03-08 3:28:00,26.09992938,-80.40017992
5027,2025-03-08 3:44:00,26.10090237,-80.3993521
5028,2025-03-08 3:53:00,26.10185034,-80.40149035
5029,2025-03-08 4:15:00,26.10118682,-80.40050716
5030,2025-03-08 4:33:00,26.04497936,-80.60017742
5031,2025-03-08 4:51:00,26.10140814,-80.39984129
5032,2025-03-08 5:06:00,26.10108982,-80.40050881
5033,2025-03-08 5:14:00,26.10050851,-80.39819466
5034,2025-03-08 5:24:00,26.09882821,-80.40010362
5035,2025-03-08 5:44:00,26.09957932,-80.40022614
5036,2025-03-08 6:00:00,26.09844026,-80.39962788
5037,2025-03-08 6:29:00,26.10055353,-80.40003064
5038,2025-03-08 6:46:00,25.63384008,-79.85629524
5039,2025-03-08 6:57:00,26.10182439,-80.40028184
5040,2025-03-08 7:24:00,26.09963402,-80.39805548
5041,2025-03-08 7:48:00,26.10092798,-80.40073185
5042,2025-03-08 8:05:00,26.10104695,-80.3993124
5043,2025-03-08 8:29:00,26.1005014,-80.39964193
5044,2025-03-08 8:56:00,26.10092693,-80.39979171
5045,2025-03-08 9:15:00,26.09997729,-80.39797895
5046,2025-03-08 9:39:00,26.10064205,-80.39931495
5047,2025-03-08 10:08:00,26.08065509,-80.2813129
5048,2025-03-08 10:27:00,26.07940411,-80.27858089
5049,2025-03-08 10:52:00,26.08062429,-80.27867867
5050,2025-03-08 11:12:00,26.07947648,-80.28093897
5051,2025-03-08 11:18:00,26.08271396,-80.27959573
5052,2025-03-08 11:31:00,26.08294854,-80.28051727
5053,2025-03-08 11:53:00,26.08258557,-80.28019362
5054,2025-03-08 12:23:00,26.10064278,-80.39846408
5055,2025-03-08 12:28:00,26.10089742,-80.40142258
5056,2025-03-08 12:54:00,26.09884894,-80.39842223
5057,2025-03-08 13:04:00,26.10168379,-80.39815915
5058,2025-03-08 13:20:00,26.09879326,-80.39910496
5059,2025-03-08 13:48:00,26.1010936,-80.39966533
5060,2025-03-08 14:17:00,26.10145883,-80.39889115
5061,2025-03-08 14:40:00,26.10202887,-80.40082314
5062,2025-03-08 14:56:00,26.09879341,-80.40144473
5063,2025-03-08 15:23:00,26.09861575,-80.40113877
5064,2025-03-08 15:32:00,26.10046409,-80.40125897
5065,2025-03-08 15:59:00,26.10227275,-80.39970918
5066,2025-03-08 16:09:00,26.09860789,-80.4012201
5067,2025-03-08 16:29:00,26.10105089,-80.40040708
5068,2025-03-08 16:42:00,26.10018898,-80.39873666
5069,2025-03-08 17:07:00,26.10004615,-80.40026894
5070,2025-03-08 17:35:00,26.09923266,-80.39826437
5071,2025-03-08 17:40:00,26.09885305,-80.39881908
5072,2025-03-08 18:07:00,26.09996786,-80.39784515
5073,2025-03-08 18:13:00,26.1021299,-80.40064045
5074,2025-03-08 18:27:00,26.10083926,-80.39834278
5075,2025-03-08 18:57:00,26.09886244,-80.39803223
5076,2025-03-08 19:13:00,26.09981767,-80.40130334
5077,2025-03-08 19:25:00,26.1019869,-80.39936696
5078,2025-03-08 19:48:00,26.10169329,-80.39820058
5079,2025-03-08 20:18:00,26.09985241,-80.40093395
5080,2025-03-08 20:24:00,26.09862813,-80.39952812
5081,2025-03-08 20:36:00,26.10165939,-80.40124141
5082,2025-03-08 20:41:00,26.09953347,-80.40088497
5083,2025-03-08 20:52:00,26.09985787,-80.40070121
5084,2025-03-08 21:19:00,26.09852871,-80.39804727
5085,2025-03-08 21:38:00,26.10014315,-80.39982874
5086,2025-03-08 21:47:00,26.10042921,-80.39912575
5087,2025-03-08 22:11:00,26.10075792,-80.39897454
5088,2025-03-08 22:36:00,26.09888442,-80.39812658
5089,2025-03-08 23:00:00,26.10076366,-80.40159493
5090,2025-03-08 23:07:00,26.09928802,-80.39933693
5091,2025-03-08 23:36:00,26.10120772,-80.40049302
5092,2025-03-08 23:46:00,26.09898702,-80.40177784
5093,2025-03-09 0:07:00,26.09874683,-80.40145849
5094,2025-03-09 0:14:00,26.10196655,-80.40121133
5095,2025-03-09 0:42:00,26.10154037,-80.39900058
5096,2025-03-09 1:09:00,26.10094432,-80.400369
5097,2025-03-09 1:22:00,26.10019939,-80.40076829
5098,2025-03-09 1:31:00,26.10027606,-80.40001588
5099,2025-03-09 1:54:00,26.1004834,-80.40117223
5100,2025-03-09 2:03:00,26.10081767,-80.40123392
5101,2025-03-09 2:27:00,26.09908986,-80.40111454
5102,2025-03-09 2:55:00,26.09866075,-80.39947987
5103,2025-03-09 3:21:00,26.0996647,-80.39949687
5104,2025-03-09 3:40:00,26.10107452,-80.40050224
5105,2025-03-09 3:57:00,26.0992604,-80.40138105
5106,2025-03-09 4:11:00,26.10118134,-80.39802571
5107,2025-03-09 4:31:00,26.09952197,-80.40175856
5108,2025-03-09 4:49:00,26.1009491,-80.39861821
5109,2025-03-09 5:15:00,26.10207853,-80.39892084
5110,2025-03-09 5:36:00,26.10084474,-80.39850663
5111,2025-03-09 5:44:00,26.09867765,-80.4005378
5112,2025-03-09 5:55:00,26.10031244,-80.39981925
5113,2025-03-09 6:04:00,26.10213703,-80.40012939
5114,2025-03-09 6:30:00,26.09853536,-80.39889307
5115,2025-03-09 6:54:00,26.09896804,-80.39945124
5116,2025-03-09 7:20:00,26.10226622,-80.40110104
5117,2025-03-09 7:31:00,26.09863517,-80.40037933
5118,2025-03-09 7:50:00,26.10056663,-80.40073722
5119,2025-03-09 8:20:00,26.10219111,-80.39906493
5120,2025-03-09 8:36:00,26.10221103,-80.40097082
5121,2025-03-09 8:51:00,26.09973769,-80.39857763
5122,2025-03-09 9:00:00,26.09944406,-80.39973552
5123,2025-03-09 9:14:00,26.09972708,-80.3993796
5124,2025-03-09 9:19:00,26.10201205,-80.39982963
5125,2025-03-09 9:35:00,25.83430132,-81.24471844
5126,2025-03-09 9:47:00,26.10123281,-80.40047579
5127,2025-03-09 9:57:00,26.10114888,-80.40012818
5128,2025-03-09 10:18:00,26.08222434,-80.28133488
5129,2025-03-09 10:42:00,26.08067183,-80.2804264
5130,2025-03-09 11:03:00,26.07927368,-80.27938634
5131,2025-03-09 11:14:00,26.08297222,-80.27989701
5132,2025-03-09 11:30:00,26.07961512,-80.28008956
5133,2025-03-09 11:57:00,26.07988009,-80.28086727
5134,2025-03-09 12:09:00,26.10196099,-80.40094819
5135,2025-03-09 12:28:00,26.10064963,-80.40074152
5136,2025-03-09 12:42:00,26.10158903,-80.39905059
5137,2025-03-09 13:08:00,26.100295,-80.40010298
5138,2025-03-09 13:35:00,26.09911288,-80.39932592
5139,2025-03-09 14:01:00,26.1007479,-80.39875787
5140,2025-03-09 14:21:00,26.10059595,-80.39959187
5141,2025-03-09 14:28:00,26.10085081,-80.39956778
5142,2025-03-09 14:52:00,26.09913196,-80.40113682
5143,2025-03-09 14:58:00,26.0988144,-80.40124672
5144,2025-03-09 15:05:00,26.10027806,-80.39871579
5145,2025-03-09 15:20:00,26.09974163,-80.40141326
5146,2025-03-09 15:28:00,26.09927209,-80.39831337
5147,2025-03-09 15:43:00,26.09990391,-80.39999476
5148,2025-03-09 16:03:00,26.10117061,-80.40155929
5149,2025-03-09 16:33:00,26.10170903,-80.4000733
5150,2025-03-09 16:47:00,26.10180733,-80.39900338
5151,2025-03-09 16:52:00,26.10012642,-80.39918406
5152,2025-03-09 17:13:00,26.10189654,-80.39942015
5153,2025-03-09 17:24:00,26.10084147,-80.39982389
5154,2025-03-09 17:45:00,26.10231488,-80.39909414
5155,2025-03-09 18:15:00,26.09909625,-80.40071918
5156,2025-03-09 18:40:00,26.09951769,-80.40093666
5157,2025-03-09 19:00:00,26.29143569,-80.45147292
5158,2025-03-09 19:21:00,26.1015405,-80.39792068
5159,2025-03-09 19:31:00,26.09871929,-80.39989061
5160,2025-03-09 19:49:00,26.10093818,-80.39820732
5161,2025-03-09 20:07:00,26.10218842,-80.39883152
5162,2025-03-09 20:20:00,26.10235107,-80.40015878
5163,2025-03-09 20:43:00,26.10198551,-80.39824797
5164,2025-03-09 21:03:00,26.1019375,-80.39882816
5165,2025-03-09 21:30:00,26.10168812,-80.40028392
5166,2025-03-09 21:42:00,26.10061883,-80.40012434
5167,2025-03-09 22:03:00,26.09946248,-80.40092704
5168,2025-03-09 22:15:00,26.09966756,-80.39930051
5169,2025-03-09 22:36:00,26.09903942,-80.39925207
5170,2025-03-09 22:55:00,26.10077258,-80.39909147
5171,2025-03-09 23:24:00,26.10219669,-80.39879071
5172,2025-03-09 23:46:00,26.09891283,-80.3990424
5173,2025-03-10 0:01:00,26.10005077,-80.39876692
5174,2025-03-10 0:11:00,26.10058645,-80.40123874
5175,2025-03-10 0:35:00,26.09984923,-80.39991299
5176,2025-03-10 1:03:00,26.10175939,-80.4000249
5177,2025-03-10 1:31:00,26.10231597,-80.4010674
5178,2025-03-10 1:41:00,26.10216659,-80.39979002
5179,2025-03-10 2:07:00,26.10056218,-80.39991089
5180,2025-03-10 2:14:00,26.10055795,-80.40130344
5181,2025-03-10 2:43:00,26.10181859,-80.39863452
5182,2025-03-10 3:00:00,26.09978202,-80.40107129
5183,2025-03-10 3:05:00,26.09876542,-80.40110641
5184,2025-03-10 3:24:00,26.10208175,-80.39993354
5185,2025-03-10 3:31:00,26.09877693,-80.4008934
5186,2025-03-10 3:43:00,26.10133857,-80.39825315
5187,2025-03-10 3:50:00,26.09872054,-80.39847778
5188,2025-03-10 4:01:00,26.10107904,-80.39984821
5189,2025-03-10 4:29:00,26.09914529,-80.400873
5190,2025-03-10 4:47:00,26.10077039,-80.4003357
5191,2025-03-10 5:02:00,26.10134044,-80.40110031
5192,2025-03-10 5:22:00,26.10052713,-80.39800259
5193,2025-03-10 5:46:00,26.10136616,-80.40144567
5194,2025-03-10 5:52:00,26.10215709,-80.39937114
5195,2025-03-10 6:10:00,26.10129689,-80.40061614
5196,2025-03-10 6:22:00,26.10137505,-80.40142054
5197,2025-03-10 6:41:00,26.0994938,-80.40000572
5198,2025-03-10 6:50:00,26.09866596,-80.39804761
5199,2025-03-10 6:59:00,26.09983553,-80.397817
5200,2025-03-10 7:21:00,26.10150714,-80.40008272
5201,2025-03-10 7:45:00,26.10035449,-80.39814764
5202,2025-03-10 8:13:00,26.1123322,-80.33306271
5203,2025-03-10 8:40:00,26.10151864,-80.21738475
5204,2025-03-10 8:52:00,26.10263729,-80.15064746
5205,2025-03-10 9:01:00,26.12176139,-80.13674801
5206,2025-03-10 9:24:00,26.12361357,-80.13758231
5207,2025-03-10 9:51:00,26.12279508,-80.13744123
5208,2025-03-10 9:58:00,26.12238252,-80.13677027
5209,2025-03-10 10:10:00,26.12366695,-80.13710335
5210,2025-03-10 10:38:00,26.12068062,-80.13534424
5211,2025-03-10 10:47:00,26.12199189,-80.13671993
5212,2025-03-10 10:53:00,26.12209164,-80.13551179
5213,2025-03-10 11:15:00,26.12223376,-80.13859686
5214,2025-03-10 11:30:00,26.12375996,-80.13868782
5215,2025-03-10 11:52:00,26.1242502,-80.13548573
5216,2025-03-10 12:19:00,26.18118177,-80.154842
5217,2025-03-10 12:47:00,26.12057236,-80.13802259
5218,2025-03-10 13:15:00,26.12410072,-80.13885885
5219,2025-03-10 13:21:00,26.1208929,-80.13770592
5220,2025-03-10 13:38:00,26.12240029,-80.13929145
5221,2025-03-10 13:54:00,26.1220439,-80.13686123
5222,2025-03-10 14:19:00,26.12302952,-80.13854767
5223,2025-03-10 14:49:00,25.61249886,-79.25200622
5224,2025-03-10 15:19:00,26.12104137,-80.13799888
5225,2025-03-10 15:24:00,26.12206868,-80.13805225
5226,2025-03-10 15:54:00,26.12389295,-80.13642033
5227,2025-03-10 16:02:00,26.12384049,-80.13827584
5228,2025-03-10 16:17:00,26.12337466,-80.13681066
5229,2025-03-10 16:25:00,26.12213616,-80.1359722
5230,2025-03-10 16:50:00,26.1227788,-80.13613941
5231,2025-03-10 17:14:00,26.08240339,-80.20502203
5232,2025-03-10 17:33:00,26.11047119,-80.16632373
5233,2025-03-10 17:43:00,26.08380678,-80.17116102
5234,2025-03-10 17:56:00,26.11047119,-80.17599831
5235,2025-03-10 18:06:00,26.08248626,-80.27959097
5236,2025-03-10 18:36:00,26.08017549,-80.27826391
5237,2025-03-10 18:53:00,26.08138803,-80.27854467
5238,2025-03-10 18:59:00,26.08220731,-80.28132627
5239,2025-03-10 19:11:00,26.08032269,-80.28030161
5240,2025-03-10 19:25:00,26.08181164,-80.28079532
5241,2025-03-10 19:40:00,26.08094271,-80.28195491
5242,2025-03-10 19:52:00,26.0818525,-80.27883878
5243,2025-03-10 20:15:00,26.10222106,-80.40159344
5244,2025-03-10 20:21:00,26.0996551,-80.40105398
5245,2025-03-10 20:41:00,26.2613056,-79.9754092
5246,2025-03-10 21:06:00,26.10110978,-80.40112541
5247,2025-03-10 21:16:00,26.101564,-80.3986632
5248,2025-03-10 21:29:00,26.09934285,-80.40131555
5249,2025-03-10 21:46:00,26.10237334,-80.39946115
5250,2025-03-10 21:58:00,26.10189017,-80.39848336
5251,2025-03-10 22:03:00,26.10008329,-80.39811599
5252,2025-03-10 22:23:00,26.09945723,-80.39842821
5253,2025-03-10 22:50:00,26.10176022,-80.40110776
5254,2025-03-10 23:10:00,26.10177458,-80.39846949
5255,2025-03-10 23:35:00,26.09991628,-80.4011314
5256,2025-03-10 23:53:00,26.09943526,-80.39780405
5257,2025-03-11 0:03:00,26.10046863,-80.39933188
5258,2025-03-11 0:13:00,26.10208812,-80.40074611
5259,2025-03-11 0:31:00,26.09960893,-80.39936349
5260,2025-03-11 0:51:00,26.10153182,-80.40032823
5261,2025-03-11 1:11:00,26.10160925,-80.39909454
5262,2025-03-11 1:36:00,26.10092202,-80.40090385
5263,2025-03-11 1:56:00,26.1000648,-80.39958563
5264,2025-03-11 2:14:00,26.09974076,-80.39965332
5265,2025-03-11 2:21:00,26.10174453,-80.39842808
5266,2025-03-11 2:42:00,26.09987114,-80.39890283
5267,2025-03-11 2:59:00,26.1018353,-80.39823724
5268,2025-03-11 3:19:00,26.10190075,-80.3988465
5269,2025-03-11 3:31:00,26.09958335,-80.40037758
5270,2025-03-11 3:48:00,26.10015785,-80.40098008
5271,2025-03-11 4:13:00,26.09892757,-80.39903975
5272,2025-03-11 4:34:00,26.10184926,-80.39914962
5273,2025-03-11 5:03:00,26.09924078,-80.39896663
5274,2025-03-11 5:09:00,26.10235903,-80.40005606
5275,2025-03-11 5:23:00,26.09978806,-80.39973163
5276,2025-03-11 5:46:00,26.1007841,-80.39861505
5277,2025-03-11 5:58:00,26.10110187,-80.39822987
5278,2025-03-11 6:07:00,26.10118381,-80.40129616
5279,2025-03-11 6:25:00,25.1251583,-81.00439896
5280,2025-03-11 6:40:00,26.09932631,-80.39877407
5281,2025-03-11 6:58:00,26.10167455,-80.39887429
5282,2025-03-11 7:16:00,26.09972703,-80.39786347
5283,2025-03-11 7:28:00,26.10059975,-80.40109037
5284,2025-03-11 7:58:00,26.10170051,-80.39874766
5285,2025-03-11 8:15:00,26.10860339,-80.34641017
5286,2025-03-11 8:32:00,26.10151864,-80.29746949
5287,2025-03-11 8:54:00,26.11755254,-80.32861356
5288,2025-03-11 9:17:00,26.12233151,-80.13542384
5289,2025-03-11 9:25:00,26.12082876,-80.13656769
5290,2025-03-11 9:33:00,26.12329446,-80.13621008
5291,2025-03-11 9:45:00,26.12332368,-80.13857044
5292,2025-03-11 9:51:00,26.12053572,-80.13594507
5293,2025-03-11 10:16:00,26.12273486,-80.137317
5294,2025-03-11 10:24:00,26.12096451,-80.13823337
5295,2025-03-11 10:36:00,26.1214262,-80.13578775
5296,2025-03-11 10:42:00,26.12404491,-80.13616105
5297,2025-03-11 11:08:00,26.1228506,-80.13824307
5298,2025-03-11 11:34:00,26.12084702,-80.13866188
5299,2025-03-11 11:57:00,26.12436076,-80.13770148
5300,2025-03-11 12:25:00,26.12428544,-80.13642792
5301,2025-03-11 12:33:00,26.12158013,-80.13911825
5302,2025-03-11 12:54:00,26.1204948,-80.13637658
5303,2025-03-11 13:20:00,26.1211177,-80.13555381
5304,2025-03-11 13:46:00,26.12317185,-80.13836745
5305,2025-03-11 14:10:00,26.12375544,-80.13790316
5306,2025-03-11 14:22:00,26.12367988,-80.13726864
5307,2025-03-11 14:41:00,26.12106206,-80.13541913
5308,2025-03-11 15:03:00,26.12367961,-80.13697912
5309,2025-03-11 15:10:00,26.12315588,-80.13822627
5310,2025-03-11 15:36:00,26.12105637,-80.13657455
5311,2025-03-11 15:55:00,26.12101919,-80.13537351
5312,2025-03-11 16:01:00,26.1215628,-80.13737751
5313,2025-03-11 16:08:00,26.12291077,-80.13674765
5314,2025-03-11 16:15:00,26.1242342,-80.13644534
5315,2025-03-11 16:43:00,26.12377086,-80.13702391
5316,2025-03-11 17:05:00,26.09363051,-80.27758136
5317,2025-03-11 17:34:00,26.08380678,-80.17116102
5318,2025-03-11 17:43:00,26.09573559,-80.23888305
5319,2025-03-11 17:59:00,26.10134915,-80.18567288
5320,2025-03-11 18:24:00,26.08001698,-80.28126126
5321,2025-03-11 18:49:00,26.08240124,-80.27975045
5322,2025-03-11 19:13:00,26.08081508,-80.2781468
5323,2025-03-11 19:20:00,26.08171164,-80.28112306
5324,2025-03-11 19:28:00,26.08087515,-80.27815573
5325,2025-03-11 19:55:00,26.08197505,-80.2818303
5326,2025-03-11 20:06:00,26.10146068,-80.40006582
5327,2025-03-11 20:33:00,26.10166578,-80.40145848
5328,2025-03-11 20:43:00,26.09962087,-80.39928554
5329,2025-03-11 20:52:00,26.09904529,-80.39894454
5330,2025-03-11 20:58:00,26.09954144,-80.39827131
5331,2025-03-11 21:16:00,26.10214567,-80.40036577
5332,2025-03-11 21:28:00,26.10089606,-80.40010452
5333,2025-03-11 21:48:00,26.10152041,-80.4008861
5334,2025-03-11 22:04:00,26.10071618,-80.39879481
5335,2025-03-11 22:11:00,26.10229563,-80.39985142
5336,2025-03-11 22:26:00,26.09877147,-80.39941665
5337,2025-03-11 22:50:00,26.10170445,-80.4012707
5338,2025-03-11 23:00:00,26.10143702,-80.39994587
5339,2025-03-11 23:14:00,26.10080986,-80.40059092
5340,2025-03-11 23:24:00,26.10027915,-80.39982991
5341,2025-03-11 23:30:00,26.09884856,-80.39864052
5342,2025-03-11 23:51:00,26.10017364,-80.39831747
5343,2025-03-12 0:03:00,26.09993926,-80.39818382
5344,2025-03-12 0:13:00,26.10143704,-80.40105473
5345,2025-03-12 0:36:00,26.10232034,-80.39993634
5346,2025-03-12 1:00:00,26.1022065,-80.39860873
5347,2025-03-12 1:09:00,26.10215669,-80.40150387
5348,2025-03-12 1:27:00,26.09967349,-80.39807243
5349,2025-03-12 1:48:00,26.10089966,-80.40138027
5350,2025-03-12 1:57:00,26.09977715,-80.40109552
5351,2025-03-12 2:24:00,26.10166251,-80.40074724
5352,2025-03-12 2:36:00,26.10008503,-80.39907398
5353,2025-03-12 3:05:00,26.10112757,-80.40134172
5354,2025-03-12 3:17:00,25.18576117,-79.79797375
5355,2025-03-12 3:45:00,26.09991852,-80.40163725
5356,2025-03-12 3:54:00,26.09860405,-80.40104207
5357,2025-03-12 4:23:00,26.10155348,-80.39867914
5358,2025-03-12 4:30:00,26.10072924,-80.40081231
5359,2025-03-12 5:00:00,26.10125143,-80.39938709
5360,2025-03-12 5:05:00,26.10055159,-80.40045093
5361,2025-03-12 5:17:00,26.09999622,-80.39911605
5362,2025-03-12 5:30:00,26.10091003,-80.39993528
5363,2025-03-12 5:55:00,26.09975906,-80.39850934
5364,2025-03-12 6:18:00,26.09934613,-80.39781086
5365,2025-03-12 6:46:00,26.10234922,-80.39883112
5366,2025-03-12 7:00:00,26.10096894,-80.39994399
5367,2025-03-12 7:12:00,26.09991883,-80.39879765
5368,2025-03-12 7:21:00,26.09875251,-80.39923489
5369,2025-03-12 7:40:00,26.10238573,-80.39783066
5370,2025-03-12 7:53:00,26.10049526,-80.39942014
5371,2025-03-12 8:00:00,26.10748475,-80.32416441
5372,2025-03-12 8:19:00,26.11494237,-80.15954576
5373,2025-03-12 8:36:00,26.11717966,-80.21293559
5374,2025-03-12 8:45:00,26.11494237,-80.39535085
5375,2025-03-12 9:04:00,26.12380546,-80.13893112
5376,2025-03-12 9:20:00,26.12406366,-80.1392067
5377,2025-03-12 9:29:00,26.12337604,-80.13559146
5378,2025-03-12 9:48:00,26.12155063,-80.1374846
5379,2025-03-12 10:13:00,26.12203421,-80.13757215
5380,2025-03-12 10:21:00,26.12384206,-80.13629876
5381,2025-03-12 10:42:00,26.12284072,-80.13869509
5382,2025-03-12 10:58:00,26.12179085,-80.13545048
5383,2025-03-12 11:25:00,26.12075854,-80.13714464
5384,2025-03-12 11:51:00,26.12399794,-80.13572518
5385,2025-03-12 12:11:00,26.12261395,-80.13741064
5386,2025-03-12 12:37:00,26.1214168,-80.13824514
5387,2025-03-12 12:42:00,26.12056923,-80.1381174
5388,2025-03-12 13:02:00,26.12111023,-80.13816888
5389,2025-03-12 13:20:00,26.12358747,-80.13795649
5390,2025-03-12 13:45:00,26.1218139,-80.13670125
5391,2025-03-12 13:54:00,26.12300861,-80.13587162
5392,2025-03-12 14:03:00,26.12375017,-80.13832509
5393,2025-03-12 14:26:00,26.12117571,-80.13804731
5394,2025-03-12 14:53:00,26.12415904,-80.13549254
5395,2025-03-12 15:09:00,26.1240124,-80.13809245
5396,2025-03-12 15:35:00,26.12384802,-80.13775973
5397,2025-03-12 16:02:00,26.12148465,-80.13799137
5398,2025-03-12 16:28:00,26.12323349,-80.13601786
5399,2025-03-12 16:37:00,26.12377343,-80.13779999
5400,2025-03-12 16:53:00,26.12424358,-80.13628629
5401,2025-03-12 17:15:00,26.08380678,-80.16632373
5402,2025-03-12 17:30:00,26.09994576,-80.24130169
5403,2025-03-12 17:38:00,26.081,-80.15423051
5404,2025-03-12 17:49:00,26.11327797,-80.23404576
5405,2025-03-12 18:13:00,26.08134625,-80.28184016
5406,2025-03-12 18:36:00,26.08162937,-80.27955219
5407,2025-03-12 18:49:00,26.08132224,-80.28100704
5408,2025-03-12 19:04:00,26.07901484,-80.27860331
5409,2025-03-12 19:25:00,26.08068216,-80.28176244
5410,2025-03-12 19:42:00,26.08000593,-80.28125914
5411,2025-03-12 20:04:00,26.10024276,-80.39986114
5412,2025-03-12 20:10:00,26.10051789,-80.39827648
5413,2025-03-12 20:39:00,26.10237862,-80.39908528
5414,2025-03-12 20:58:00,26.09870999,-80.40159341
5415,2025-03-12 21:16:00,26.10206667,-80.39928145
5416,2025-03-12 21:30:00,26.09896081,-80.4001692
5417,2025-03-12 21:50:00,26.10162483,-80.39865259
5418,2025-03-12 22:15:00,26.10182231,-80.40129093
5419,2025-03-12 22:37:00,26.101465,-80.40039981
5420,2025-03-12 23:06:00,26.09851611,-80.40018581
5421,2025-03-12 23:16:00,25.44468173,-79.51576229
5422,2025-03-12 23:35:00,26.10218329,-80.40079422
5423,2025-03-12 23:52:00,26.10158101,-80.39902455
5424,2025-03-13 0:22:00,26.10137002,-80.39818749
5425,2025-03-13 0:42:00,26.1020633,-80.39812574
5426,2025-03-13 1:07:00,26.09841554,-80.4012549
5427,2025-03-13 1:31:00,26.10111673,-80.40129589
5428,2025-03-13 1:48:00,26.09974682,-80.39862392
5429,2025-03-13 2:10:00,26.10192691,-80.40005576
5430,2025-03-13 2:32:00,26.0995237,-80.39791849
5431,2025-03-13 2:41:00,26.09875105,-80.39906911
5432,2025-03-13 3:07:00,26.10016915,-80.4004079
5433,2025-03-13 3:20:00,26.09869619,-80.40148458
5434,2025-03-13 3:26:00,26.10101866,-80.39981873
5435,2025-03-13 3:53:00,26.10169193,-80.39787201
5436,2025-03-13 4:22:00,26.09952516,-80.39864119
5437,2025-03-13 4:27:00,26.10042051,-80.39890498
5438,2025-03-13 4:40:00,26.10059645,-80.40153736
5439,2025-03-13 5:10:00,26.10206846,-80.40149212
5440,2025-03-13 5:39:00,26.10180814,-80.39794245
5441,2025-03-13 5:45:00,26.09919942,-80.40110193
5442,2025-03-13 5:51:00,26.09852629,-80.40004667
5443,2025-03-13 6:03:00,26.10096515,-80.39989915
5444,2025-03-13 6:08:00,26.10108087,-80.39983606
5445,2025-03-13 6:38:00,26.09920583,-80.40114866
5446,2025-03-13 6:59:00,26.10107028,-80.39985361
5447,2025-03-13 7:16:00,26.09991878,-80.39838525
5448,2025-03-13 7:27:00,26.10099404,-80.39833454
5449,2025-03-13 7:54:00,26.09910319,-80.40053176
5450,2025-03-13 8:11:00,26.11792542,-80.19958814
5451,2025-03-13 8:21:00,26.11121356,-80.22628305
5452,2025-03-13 8:37:00,26.10189153,-80.25297797
5453,2025-03-13 8:45:00,26.1063661,-80.15064746
5454,2025-03-13 9:14:00,26.12361589,-80.13877618
5455,2025-03-13 9:42:00,26.12384959,-80.13621395
5456,2025-03-13 10:01:00,26.12137728,-80.13841003
5457,2025-03-13 10:20:00,26.12364942,-80.13828937
5458,2025-03-13 10:39:00,26.12342566,-80.13829143
5459,2025-03-13 10:47:00,26.12369604,-80.13596288
5460,2025-03-13 11:12:00,26.12209649,-80.13783454
5461,2025-03-13 11:18:00,26.12185139,-80.13752961
5462,2025-03-13 11:40:00,26.12298015,-80.13904868
5463,2025-03-13 11:59:00,26.12260487,-80.13570412
5464,2025-03-13 12:07:00,26.12109715,-80.13880725
5465,2025-03-13 12:30:00,26.12117305,-80.13767867
5466,2025-03-13 12:46:00,26.12166945,-80.13837621
5467,2025-03-13 13:09:00,26.12111737,-80.13634917
5468,2025-03-13 13:34:00,26.12153735,-80.1357081
5469,2025-03-13 13:42:00,26.12398299,-80.13579234
5470,2025-03-13 14:10:00,26.12178454,-80.13804381
5471,2025-03-13 14:17:00,26.12143094,-80.13620004
5472,2025-03-13 14:47:00,26.1230905,-80.13746604
5473,2025-03-13 15:10:00,26.12397421,-80.13863545
5474,2025-03-13 15:22:00,26.12379134,-80.13806896
5475,2025-03-13 15:45:00,26.4969124,-79.7462818
5476,2025-03-13 16:00:00,26.92602301,-79.91334438
5477,2025-03-13 16:22:00,26.12195745,-80.13711087
5478,2025-03-13 16:41:00,26.12373092,-80.13883302
5479,2025-03-13 16:49:00,26.12293086,-80.13918955
5480,2025-03-13 17:03:00,26.11257627,-80.27274407
5481,2025-03-13 17:23:00,26.10485763,-80.23888305
5482,2025-03-13 17:39:00,26.08521017,-80.16874237
5483,2025-03-13 18:02:00,26.08082039,-80.27916068
5484,2025-03-13 18:26:00,26.08063454,-80.2793933
5485,2025-03-13 18:39:00,26.08096475,-80.27990511
5486,2025-03-13 19:02:00,26.07970117,-80.27918646
5487,2025-03-13 19:13:00,26.08044163,-80.27972603
5488,2025-03-13 19:27:00,26.08174141,-80.27996369
5489,2025-03-13 19:34:00,26.08177368,-80.28193183
5490,2025-03-13 19:49:00,26.08118532,-80.28125756
5491,2025-03-13 19:55:00,26.07939193,-80.27859382
5492,2025-03-13 20:23:00,26.0994777,-80.39936918
5493,2025-03-13 20:46:00,26.10096772,-80.39838574
5494,2025-03-13 21:11:00,26.10068662,-80.39965915
5495,2025-03-13 21:38:00,26.09940683,-80.40164078
5496,2025-03-13 21:46:00,26.10077349,-80.40104511
5497,2025-03-13 22:01:00,26.10107922,-80.39808027
5498,2025-03-13 22:15:00,26.10115279,-80.40085743
5499,2025-03-13 22:35:00,26.10135365,-80.40029504
5500,2025-03-13 22:45:00,26.10142869,-80.40105008
5501,2025-03-13 22:54:00,26.10043736,-80.39862105
5502,2025-03-13 23:12:00,26.10215796,-80.39893817
5503,2025-03-13 23:38:00,26.10111416,-80.40105018
5504,2025-03-13 23:48:00,26.10003294,-80.3985264
5505,2025-03-13 23:53:00,26.09910368,-80.40110613
5506,2025-03-14 0:15:00,26.09926768,-80.39886929
5507,2025-03-14 0:42:00,26.10232874,-80.39859058
5508,2025-03-14 1:00:00,26.09970209,-80.39954157
5509,2025-03-14 1:25:00,26.09995294,-80.40098787
5510,2025-03-14 1:51:00,26.10155011,-80.39800142
5511,2025-03-14 2:19:00,26.10071801,-80.40023686
5512,2025-03-14 2:44:00,26.10065983,-80.39901177
5513,2025-03-14 3:07:00,26.09856241,-80.39799106
5514,2025-03-14 3:14:00,25.47858186,-80.4509783
5515,2025-03-14 3:34:00,26.19802357,-79.8115902
5516,2025-03-14 3:58:00,26.10151368,-80.40043573
5517,2025-03-14 4:05:00,26.10002527,-80.40176577
5518,2025-03-14 4:22:00,26.10119939,-80.40097617
5519,2025-03-14 4:42:00,27.02517698,-79.73326197
5520,2025-03-14 5:09:00,26.0989497,-80.40138866
5521,2025-03-14 5:21:00,26.10141963,-80.39910993
5522,2025-03-14 5:51:00,26.09912625,-80.39849671
5523,2025-03-14 6:02:00,26.09986136,-80.40117621
5524,2025-03-14 6:23:00,26.09921336,-80.39974231
5525,2025-03-14 6:37:00,26.10003931,-80.39969882
5526,2025-03-14 6:56:00,26.09952206,-80.40135139
5527,2025-03-14 7:23:00,26.10173328,-80.39797862
5528,2025-03-14 7:46:00,26.10001233,-80.3984959
5529,2025-03-14 8:11:00,26.12053559,-80.34641017
5530,2025-03-14 8:38:00,26.11158644,-80.19958814
5531,2025-03-14 8:53:00,26.11904407,-80.35085932
5532,2025-03-14 9:11:00,26.12187948,-80.13746804
5533,2025-03-14 9:16:00,26.12182864,-80.13857116
5534,2025-03-14 9:45:00,26.12136914,-80.13769898
5535,2025-03-14 10:01:00,26.12169,-80.13710656
5536,2025-03-14 10:21:00,26.12052357,-80.13660498
5537,2025-03-14 10:50:00,26.1240467,-80.13810792
5538,2025-03-14 11:09:00,26.12308384,-80.13887626
5539,2025-03-14 11:22:00,26.12084666,-80.13750405
5540,2025-03-14 11:41:00,26.12337012,-80.13929232
5541,2025-03-14 12:05:00,26.12083537,-80.138911
5542,2025-03-14 12:17:00,26.12120224,-80.13839542
5543,2025-03-14 12:36:00,26.12250004,-80.13608206
5544,2025-03-14 12:57:00,26.1215285,-80.13562128
5545,2025-03-14 13:16:00,26.1215252,-80.13550866
5546,2025-03-14 13:41:00,26.12366219,-80.13659469
5547,2025-03-14 13:56:00,26.12273876,-80.13722867
5548,2025-03-14 14:10:00,26.12280833,-80.13538353
5549,2025-03-14 14:30:00,26.12118652,-80.13608283
5550,2025-03-14 14:37:00,26.12213739,-80.13546816
5551,2025-03-14 14:42:00,25.47887334,-80.53399539
5552,2025-03-14 15:10:00,26.12151538,-80.13616605
5553,2025-03-14 15:17:00,26.12406338,-80.13887701
5554,2025-03-14 15:26:00,26.12123667,-80.13718279
5555,2025-03-14 15:44:00,26.12252018,-80.1370154
5556,2025-03-14 16:00:00,26.14320405,-81.01963304
5557,2025-03-14 16:10:00,26.12426915,-80.13541875
5558,2025-03-14 16:39:00,26.12111542,-80.13890872
5559,2025-03-14 17:00:00,26.10205085,-80.16148644
5560,2025-03-14 17:24:00,26.11327797,-80.19534746
5561,2025-03-14 17:45:00,26.09924407,-80.14455593
5562,2025-03-14 18:14:00,26.08170368,-80.28191167
5563,2025-03-14 18:20:00,26.0808124,-80.28092718
5564,2025-03-14 18:43:00,26.08083811,-80.28194212
5565,2025-03-14 19:07:00,26.08059385,-80.28116103
5566,2025-03-14 19:37:00,26.08160208,-80.27941815
5567,2025-03-14 19:59:00,26.07959265,-80.27995508
5568,2025-03-14 20:26:00,26.10212193,-80.40138804
5569,2025-03-14 20:56:00,26.10051587,-80.39882722
5570,2025-03-14 21:11:00,26.09869717,-80.39984529
5571,2025-03-14 21:25:00,26.09947853,-80.40103537
5572,2025-03-14 21:44:00,26.10022233,-80.39828037
5573,2025-03-14 21:59:00,26.10104287,-80.40051971
5574,2025-03-14 22:19:00,26.10226728,-80.39927326
5575,2025-03-14 22:26:00,26.10040038,-80.40022784
5576,2025-03-14 22:41:00,26.09844307,-80.40088719
5577,2025-03-14 23:06:00,26.10005011,-80.39842534
5578,2025-03-14 23:23:00,26.10039869,-80.400405
5579,2025-03-14 23:36:00,26.10005742,-80.3996618
5580,2025-03-15 0:00:00,26.10222557,-80.39956034
5581,2025-03-15 0:14:00,26.10197171,-80.39827283
5582,2025-03-15 0:29:00,26.10075199,-80.39984987
5583,2025-03-15 0:48:00,26.10195826,-80.39903461
5584,2025-03-15 0:57:00,26.10226726,-80.39834422
5585,2025-03-15 1:15:00,26.10215594,-80.39808371
5586,2025-03-15 1:42:00,26.10094414,-80.39986357
5587,2025-03-15 2:08:00,26.10232903,-80.39991863
5588,2025-03-15 2:15:00,26.0996094,-80.40017033
5589,2025-03-15 2:27:00,26.09867076,-80.40140486
5590,2025-03-15 2:47:00,26.10164849,-80.39979983
5591,2025-03-15 3:09:00,26.09899131,-80.39933278
5592,2025-03-15 3:22:00,26.09962199,-80.40100322
5593,2025-03-15 3:35:00,26.10157215,-80.40105963
5594,2025-03-15 3:58:00,26.10033201,-80.39924869
5595,2025-03-15 4:11:00,26.10231716,-80.39834496
5596,2025-03-15 4:17:00,26.10042799,-80.40144744
5597,2025-03-15 4:46:00,26.10237258,-80.39795135
5598,2025-03-15 4:52:00,26.09920754,-80.3998082
5599,2025-03-15 5:03:00,26.10207199,-80.39854822
5600,2025-03-15 5:30:00,26.10141423,-80.39844658
5601,2025-03-15 5:49:00,26.09896651,-80.398831
5602,2025-03-15 6:13:00,26.10223784,-80.39837197
5603,2025-03-15 6:24:00,26.10044528,-80.39933634
5604,2025-03-15 6:31:00,26.10239737,-80.39801607
5605,2025-03-15 6:52:00,26.10090903,-80.39961874
5606,2025-03-15 7:20:00,26.10137397,-80.40132218
5607,2025-03-15 7:41:00,26.10157588,-80.39916925
5608,2025-03-15 8:11:00,26.09856588,-80.39972882
5609,2025-03-15 8:29:00,26.10158047,-80.39997099
5610,2025-03-15 8:59:00,26.10081832,-80.40159685
5611,2025-03-15 9:23:00,26.09916722,-80.40084502
5612,2025-03-15 9:46:00,26.10159013,-80.40030027
5613,2025-03-15 10:11:00,26.07931945,-80.28080991
5614,2025-03-15 10:39:00,26.08113014,-80.28103824
5615,2025-03-15 11:03:00,26.08185617,-80.27939859
5616,2025-03-15 11:21:00,26.08134102,-80.28154501
5617,2025-03-15 11:47:00,26.08197932,-80.28120748
5618,2025-03-15 12:05:00,26.09868527,-80.40043041
5619,2025-03-15 12:11:00,26.10164238,-80.40126137
5620,2025-03-15 12:23:00,26.1008457,-80.40094422
5621,2025-03-15 12:47:00,26.52185952,-81.11096489
5622,2025-03-15 12:53:00,26.10225871,-80.40011034
5623,2025-03-15 13:06:00,26.09926519,-80.39852237
5624,2025-03-15 13:22:00,26.09866733,-80.39825793
5625,2025-03-15 13:35:00,26.09964101,-80.40161613
5626,2025-03-15 13:55:00,26.09889903,-80.39794367
5627,2025-03-15 14:17:00,26.09906086,-80.39857131
5628,2025-03-15 14:27:00,26.10149403,-80.40126293
5629,2025-03-15 14:33:00,26.10164524,-80.39895932
5630,2025-03-15 14:46:00,26.09903331,-80.39837803
5631,2025-03-15 15:10:00,26.10178382,-80.39781846
5632,2025-03-15 15:19:00,26.10168252,-80.39974236
5633,2025-03-15 15:35:00,26.09873767,-80.39976684
5634,2025-03-15 15:59:00,26.10192011,-80.39795626
5635,2025-03-15 16:29:00,26.10078206,-80.40054607
5636,2025-03-15 16:35:00,26.10168188,-80.39803106
5637,2025-03-15 17:05:00,26.10114502,-80.39817702
5638,2025-03-15 17:27:00,26.0984141,-80.40096004
5639,2025-03-15 17:49:00,26.10127423,-80.39815372
5640,2025-03-15 18:14:00,26.10103694,-80.39894846
5641,2025-03-15 18:39:00,26.09904794,-80.40032896
5642,2025-03-15 18:54:00,26.10195194,-80.39973096
5643,2025-03-15 19:07:00,26.1012157,-80.39994917
5644,2025-03-15 19:29:00,26.10086708,-80.40083387
5645,2025-03-15 19:51:00,26.10173666,-80.39940785
5646,2025-03-15 20:13:00,26.10170924,-80.39997956
5647,2025-03-15 20:25:00,26.09972236,-80.40120797
5648,2025-03-15 20:35:00,26.10217128,-80.39829211
5649,2025-03-15 20:58:00,26.10233725,-80.40017811
5650,2025-03-15 21:04:00,26.09883687,-80.40073765
5651,2025-03-15 21:18:00,26.10229434,-80.40042326
5652,2025-03-15 21:36:00,26.10108387,-80.39830477
5653,2025-03-15 22:02:00,26.10089986,-80.39839922
5654,2025-03-15 22:15:00,26.1014721,-80.40070034
5655,2025-03-15 22:33:00,26.09900991,-80.40160202
5656,2025-03-15 22:41:00,26.10081595,-80.39920961
5657,2025-03-15 22:57:00,26.09971918,-80.40122584
5658,2025-03-15 23:25:00,26.10129065,-80.3992557
5659,2025-03-15 23:41:00,26.10121514,-80.40045555
5660,2025-03-16 0:11:00,26.09910855,-80.40128403
5661,2025-03-16 0:22:00,26.10116068,-80.39839149
5662,2025-03-16 0:29:00,26.10184744,-80.40096909
5663,2025-03-16 0:43:00,26.10230031,-80.40126671
5664,2025-03-16 0:53:00,26.10098304,-80.3987889
5665,2025-03-16 1:13:00,26.10228807,-80.4013381
5666,2025-03-16 1:37:00,26.1001635,-80.39835319
5667,2025-03-16 1:56:00,26.09885595,-80.40123043
5668,2025-03-16 2:13:00,26.10093483,-80.40025721
5669,2025-03-16 2:23:00,26.10214362,-80.3998417
5670,2025-03-16 2:42:00,26.10216707,-80.40039798
5671,2025-03-16 2:53:00,26.09902877,-80.40045586
5672,2025-03-16 3:03:00,26.10024225,-80.39886667
5673,2025-03-16 3:23:00,26.1019047,-80.397933
5674,2025-03-16 3:38:00,26.10195858,-80.40108337
5675,2025-03-16 3:55:00,26.10026665,-80.40057585
5676,2025-03-16 4:04:00,26.09884097,-80.3987826
5677,2025-03-16 4:32:00,26.1005937,-80.4001288
5678,2025-03-16 4:41:00,26.09919657,-80.40111243
5679,2025-03-16 5:04:00,26.0998552,-80.40165156
5680,2025-03-16 5:18:00,26.10192711,-80.40053737
5681,2025-03-16 5:45:00,26.10146535,-80.40073295
5682,2025-03-16 5:52:00,26.10129163,-80.40161154
5683,2025-03-16 6:06:00,26.10196882,-80.40060351
5684,2025-03-16 6:33:00,26.09917409,-80.39847249
5685,2025-03-16 6:55:00,26.1021979,-80.40030281
5686,2025-03-16 7:25:00,26.1007634,-80.40162901
5687,2025-03-16 7:30:00,26.10230516,-80.39822868
5688,2025-03-16 7:52:00,26.09982957,-80.40074947
5689,2025-03-16 7:58:00,26.10159711,-80.39869669
5690,2025-03-16 8:07:00,26.10075764,-80.39991142
5691,2025-03-16 8:22:00,26.1012755,-80.39895735
5692,2025-03-16 8:37:00,26.101671,-80.39782428
5693,2025-03-16 8:56:00,26.09911363,-80.40017711
5694,2025-03-16 9:21:00,26.10055857,-80.40081777
5695,2025-03-16 9:45:00,26.09860406,-80.39857361
5696,2025-03-16 10:13:00,26.08203832,-80.28135313
5697,2025-03-16 10:20:00,25.41445067,-81.03005244
5698,2025-03-16 10:44:00,26.07966926,-80.28001803
5699,2025-03-16 10:57:00,26.08229833,-80.2795583
5700,2025-03-16 11:18:00,26.0806964,-80.28112221
5701,2025-03-16 11:40:00,26.08232504,-80.28078864
5702,2025-03-16 11:53:00,26.08019249,-80.28025645
5703,2025-03-16 12:08:00,26.10031587,-80.40045998
5704,2025-03-16 12:30:00,26.10137986,-80.40118887
5705,2025-03-16 12:53:00,26.10010361,-80.40015072
5706,2025-03-16 13:17:00,26.10121065,-80.401065
5707,2025-03-16 13:24:00,26.10141846,-80.3990797
5708,2025-03-16 13:31:00,26.09930311,-80.40029932
5709,2025-03-16 13:39:00,26.09868011,-80.40073978
5710,2025-03-16 13:44:00,26.098597,-80.39974424
5711,2025-03-16 14:13:00,26.10220919,-80.39932889
5712,2025-03-16 14:33:00,26.10035711,-80.4008467
5713,2025-03-16 14:40:00,26.10067775,-80.39827195
5714,2025-03-16 14:52:00,26.10201294,-80.40043851
5715,2025-03-16 15:00:00,26.09945698,-80.39821992
5716,2025-03-16 15:19:00,26.09854839,-80.40055037
5717,2025-03-16 15:36:00,26.09865796,-80.40029926
5718,2025-03-16 15:57:00,26.10045576,-80.39854746
5719,2025-03-16 16:24:00,26.09988961,-80.39780275
5720,2025-03-16 16:30:00,26.10135435,-80.39838632
5721,2025-03-16 16:38:00,26.09972625,-80.4012356
5722,2025-03-16 16:44:00,26.10085631,-80.39879677
5723,2025-03-16 16:50:00,26.10211242,-80.39904906
5724,2025-03-16 17:00:00,26.69690839,-80.91605615
5725,2025-03-16 17:24:00,26.09905729,-80.40083927
5726,2025-03-16 17:46:00,26.09993368,-80.39935895
5727,2025-03-16 18:11:00,26.099681,-80.39970258
5728,2025-03-16 18:38:00,26.10131045,-80.39964706
5729,2025-03-16 19:06:00,26.09935,-80.40056574
5730,2025-03-16 19:15:00,26.09972711,-80.39873594
5731,2025-03-16 19:26:00,26.10137203,-80.39832093
5732,2025-03-16 19:54:00,26.10194178,-80.39785017
5733,2025-03-16 20:13:00,26.10025919,-80.39962931
5734,2025-03-16 20:32:00,26.10113149,-80.40100958
5735,2025-03-16 20:47:00,26.09939046,-80.39822909
5736,2025-03-16 21:11:00,26.10227871,-80.39824918
5737,2025-03-16 21:29:00,26.09874123,-80.40064222
5738,2025-03-16 21:52:00,26.0992179,-80.40159322
5739,2025-03-16 22:01:00,26.10226372,-80.39900525
5740,2025-03-16 22:21:00,26.10000042,-80.39959907
5741,2025-03-16 22:27:00,26.1008458,-80.39923701
5742,2025-03-16 22:34:00,26.09864564,-80.39958971
5743,2025-03-16 22:44:00,26.10051391,-80.40127023
5744,2025-03-16 23:07:00,26.09864925,-80.40052517
5745,2025-03-16 23:25:00,26.10035697,-80.40011683
5746,2025-03-16 23:37:00,26.0994198,-80.39808482
5747,2025-03-16 23:54:00,26.09954942,-80.39804317
5748,2025-03-17 0:08:00,26.09845994,-80.39983744
5749,2025-03-17 0:33:00,26.09970902,-80.40091583
5750,2025-03-17 0:43:00,26.1017667,-80.39988348
5751,2025-03-17 1:10:00,26.09878217,-80.3978323
5752,2025-03-17 1:21:00,26.09975007,-80.39939795
5753,2025-03-17 1:41:00,26.10185934,-80.40075613
5754,2025-03-17 1:54:00,26.09903998,-80.39833481
5755,2025-03-17 2:04:00,26.10117241,-80.3988946
5756,2025-03-17 2:14:00,26.09891311,-80.39885687
5757,2025-03-17 2:20:00,26.09913633,-80.39912168
5758,2025-03-17 2:36:00,26.10144457,-80.4003074
5759,2025-03-17 2:45:00,26.09969285,-80.40037437
5760,2025-03-17 3:11:00,26.10119075,-80.40074743
5761,2025-03-17 3:41:00,26.10037697,-80.39790133
5762,2025-03-17 3:46:00,26.09861726,-80.40001765
5763,2025-03-17 4:07:00,26.09894536,-80.40136322
5764,2025-03-17 4:20:00,26.10059663,-80.39912309
5765,2025-03-17 4:44:00,26.10031711,-80.40114338
5766,2025-03-17 5:01:00,26.10206534,-80.39918175
5767,2025-03-17 5:20:00,26.10225189,-80.39783019
5768,2025-03-17 5:29:00,26.10162058,-80.40056984
5769,2025-03-17 5:55:00,26.1009252,-80.39927535
5770,2025-03-17 6:09:00,26.10162513,-80.39951329
5771,2025-03-17 6:19:00,26.1004884,-80.40151436
5772,2025-03-17 6:42:00,26.09951096,-80.3992202
5773,2025-03-17 7:10:00,26.10178951,-80.40086961
5774,2025-03-17 7:31:00,26.10033803,-80.39988579
5775,2025-03-17 7:45:00,26.10229977,-80.40163852
5776,2025-03-17 7:50:00,26.10107541,-80.40031809
5777,2025-03-17 7:56:00,26.10189197,-80.39965393
5778,2025-03-17 8:08:00,26.10114576,-80.24407966
5779,2025-03-17 8:28:00,26.12016271,-80.17289322
5780,2025-03-17 8:46:00,26.11867119,-80.18624068
5781,2025-03-17 8:52:00,26.11606102,-80.32416441
5782,2025-03-17 9:22:00,26.12121573,-80.13739179
5783,2025-03-17 9:27:00,26.1211715,-80.13554978
5784,2025-03-17 9:54:00,26.1233663,-80.13838995
5785,2025-03-17 10:20:00,26.12428581,-80.13777506
5786,2025-03-17 10:40:00,26.12214938,-80.1367986
5787,2025-03-17 11:08:00,26.12076117,-80.13838983
5788,2025-03-17 11:18:00,26.12118224,-80.13904949
5789,2025-03-17 11:37:00,26.12307636,-80.13661449
5790,2025-03-17 11:57:00,26.1234364,-80.13692116
5791,2025-03-17 12:18:00,26.12324939,-80.13646733
5792,2025-03-17 12:31:00,26.12383015,-80.13587644
5793,2025-03-17 12:55:00,26.12109069,-80.13551248
5794,2025-03-17 13:07:00,26.12260957,-80.13604079
5795,2025-03-17 13:17:00,26.12116058,-80.13636899
5796,2025-03-17 13:45:00,26.12078988,-80.13686982
5797,2025-03-17 14:03:00,26.12321995,-80.13900567
5798,2025-03-17 14:23:00,26.12382502,-80.138765
5799,2025-03-17 14:35:00,26.12306942,-80.13582699
5800,2025-03-17 14:48:00,26.12247908,-80.1392306
5801,2025-03-17 15:10:00,26.12244748,-80.13583838
5802,2025-03-17 15:21:00,26.12382546,-80.13873081
5803,2025-03-17 15:34:00,26.12202269,-80.13752003
5804,2025-03-17 15:56:00,26.12261622,-80.13798069
5805,2025-03-17 16:03:00,26.12434229,-80.13784513
5806,2025-03-17 16:16:00,26.12286223,-80.13586094
5807,2025-03-17 16:43:00,26.12232117,-80.13573395
5808,2025-03-17 16:50:00,26.12357891,-80.13618765
5809,2025-03-17 16:57:00,26.1243226,-80.13928064
5810,2025-03-17 17:07:00,26.11818983,-80.27274407
5811,2025-03-17 17:25:00,26.09713898,-80.19051017
5812,2025-03-17 17:53:00,26.09292881,-80.27758136
5813,2025-03-17 18:03:00,26.08299243,-80.28002601
5814,2025-03-17 18:11:00,26.08288889,-80.28164593
5815,2025-03-17 18:25:00,26.08136419,-80.28185873
5816,2025-03-17 18:46:00,26.0815484,-80.281165
5817,2025-03-17 19:04:00,26.08221492,-80.27840925
5818,2025-03-17 19:17:00,26.07973159,-80.27977155
5819,2025-03-17 19:47:00,26.08044072,-80.27843638
5820,2025-03-17 20:17:00,26.10024067,-80.40090144
5821,2025-03-17 20:42:00,26.09904069,-80.39797239
5822,2025-03-17 21:01:00,26.09882285,-80.40133663
5823,2025-03-17 21:24:00,26.09895799,-80.3992613
5824,2025-03-17 21:50:00,26.10119676,-80.40017914
5825,2025-03-17 22:04:00,26.10023201,-80.39952114
5826,2025-03-17 22:09:00,25.44264258,-80.44007555
5827,2025-03-17 22:14:00,26.09935515,-80.39861313
5828,2025-03-17 22:44:00,26.10185662,-80.39993772
5829,2025-03-17 23:09:00,26.10104171,-80.39956285
5830,2025-03-17 23:23:00,26.10102204,-80.39866146
5831,2025-03-17 23:30:00,26.10179397,-80.39894232
5832,2025-03-17 23:58:00,26.10087172,-80.40034809
5833,2025-03-18 0:27:00,26.098536,-80.40146915
5834,2025-03-18 0:56:00,26.10215789,-80.39808071
5835,2025-03-18 1:14:00,26.10163396,-80.40109652
5836,2025-03-18 1:19:00,26.10233014,-80.4004507
5837,2025-03-18 1:34:00,26.10222671,-80.40071052
5838,2025-03-18 1:47:00,26.09953838,-80.40031561
5839,2025-03-18 1:56:00,26.09939912,-80.39949072
5840,2025-03-18 2:26:00,26.09853808,-80.39855514
5841,2025-03-18 2:51:00,26.10141107,-80.40121388
5842,2025-03-18 2:59:00,26.10038708,-80.39896301
5843,2025-03-18 3:25:00,26.09975528,-80.40001513
5844,2025-03-18 3:33:00,26.09931856,-80.39960137
5845,2025-03-18 3:39:00,26.09956015,-80.39943034
5846,2025-03-18 4:03:00,26.10124541,-80.39914614
5847,2025-03-18 4:23:00,26.09927596,-80.4015825
5848,2025-03-18 4:33:00,25.20618681,-80.50860934
5849,2025-03-18 4:42:00,26.09980936,-80.40003986
5850,2025-03-18 4:57:00,26.10019404,-80.39879188
5851,2025-03-18 5:24:00,26.10070562,-80.40013409
5852,2025-03-18 5:30:00,26.10062147,-80.39830583
5853,2025-03-18 5:52:00,26.09889278,-80.3999591
5854,2025-03-18 6:13:00,26.10192509,-80.40118558
5855,2025-03-18 6:37:00,26.09924847,-80.40022818
5856,2025-03-18 6:57:00,26.1019847,-80.39837831
5857,2025-03-18 7:27:00,26.10128487,-80.4015276
5858,2025-03-18 7:37:00,26.09935151,-80.39790056
5859,2025-03-18 7:59:00,26.09992856,-80.40047792
5860,2025-03-18 8:09:00,26.11307797,-80.25742712
5861,2025-03-18 8:33:00,26.10599322,-80.28412203
5862,2025-03-18 8:39:00,26.11531525,-80.28412203
5863,2025-03-18 9:03:00,26.12257869,-80.13586494
5864,2025-03-18 9:09:00,26.12235373,-80.13732978
5865,2025-03-18 9:39:00,26.12129028,-80.13687651
5866,2025-03-18 9:45:00,26.12144494,-80.13650331
5867,2025-03-18 10:01:00,26.12083864,-80.13657514
5868,2025-03-18 10:14:00,26.12070479,-80.13610144
5869,2025-03-18 10:19:00,26.12239,-80.13749905
5870,2025-03-18 10:32:00,26.12304566,-80.13764846
5871,2025-03-18 10:56:00,26.1223393,-80.13855785
5872,2025-03-18 11:26:00,26.12155831,-80.13714915
5873,2025-03-18 11:33:00,26.12312932,-80.13836644
5874,2025-03-18 11:59:00,26.1214397,-80.13706523
5875,2025-03-18 12:14:00,26.12193821,-80.13796153
5876,2025-03-18 12:35:00,26.12303675,-80.13627296
5877,2025-03-18 12:40:00,26.12176291,-80.13603398
5878,2025-03-18 12:54:00,26.12322495,-80.13559717
5879,2025-03-18 13:10:00,26.12372006,-80.13783795
5880,2025-03-18 13:20:00,26.12170208,-80.13673675
5881,2025-03-18 13:49:00,26.12156721,-80.13684133
5882,2025-03-18 13:56:00,26.12427317,-80.13818062
5883,2025-03-18 14:20:00,26.12086657,-80.13845795
5884,2025-03-18 14:39:00,26.12354743,-80.13817455
5885,2025-03-18 14:45:00,26.12044174,-80.1369425
5886,2025-03-18 15:03:00,26.12149738,-80.13894827
5887,2025-03-18 15:22:00,26.12385249,-80.13792393
5888,2025-03-18 15:48:00,26.12211625,-80.13619131
5889,2025-03-18 15:56:00,26.12204083,-80.13745487
5890,2025-03-18 16:07:00,26.12064947,-80.13820785
5891,2025-03-18 16:25:00,26.1220581,-80.13917453
5892,2025-03-18 16:41:00,26.12057095,-80.13543026
5893,2025-03-18 17:06:00,26.12029492,-80.23162712
5894,2025-03-18 17:23:00,26.08591186,-80.18083559
5895,2025-03-18 17:39:00,26.09643729,-80.14939322
5896,2025-03-18 17:52:00,26.11327797,-80.26790678
5897,2025-03-18 18:17:00,26.08121309,-80.28062342
5898,2025-03-18 18:24:00,26.08231428,-80.28046227
5899,2025-03-18 18:45:00,26.08265126,-80.28149018
5900,2025-03-18 18:58:00,26.08219798,-80.28061317
5901,2025-03-18 19:19:00,26.08272383,-80.28012781
5902,2025-03-18 19:35:00,26.07943221,-80.28060437
5903,2025-03-18 19:43:00,26.08009135,-80.2801651
5904,2025-03-18 19:52:00,26.08017153,-80.27972097
5905,2025-03-18 20:13:00,26.10193808,-80.39876307
5906,2025-03-18 20:19:00,26.0990764,-80.39919488
5907,2025-03-18 20:24:00,25.75312988,-79.54009569
5908,2025-03-18 20:41:00,26.10162403,-80.39904291
5909,2025-03-18 21:09:00,26.09891956,-80.39891496
5910,2025-03-18 21:33:00,26.1002146,-80.39858908
5911,2025-03-18 21:41:00,26.10114569,-80.39860837
5912,2025-03-18 21:48:00,26.10114636,-80.40107072
5913,2025-03-18 22:05:00,26.09953122,-80.40075924
5914,2025-03-18 22:32:00,26.10017073,-80.39985937
5915,2025-03-18 22:59:00,26.09867443,-80.40141586
5916,2025-03-18 23:16:00,26.10032753,-80.39912724
5917,2025-03-18 23:44:00,26.09996098,-80.40036729
5918,2025-03-19 0:11:00,26.09919325,-80.39953452
5919,2025-03-19 0:30:00,26.10150072,-80.39968079
5920,2025-03-19 0:38:00,26.09941299,-80.4017377
5921,2025-03-19 0:57:00,26.0993334,-80.40132513
5922,2025-03-19 1:05:00,26.10111893,-80.4008746
5923,2025-03-19 1:35:00,26.10148264,-80.40152039
5924,2025-03-19 1:46:00,26.10040777,-80.40150933
5925,2025-03-19 2:14:00,26.10144703,-80.39848298
5926,2025-03-19 2:33:00,26.09897257,-80.3999308
5927,2025-03-19 2:49:00,26.09945006,-80.40066935
5928,2025-03-19 3:09:00,26.10080066,-80.3983358
5929,2025-03-19 3:21:00,26.10111476,-80.39938004
5930,2025-03-19 3:46:00,26.10184538,-80.39799656
5931,2025-03-19 4:06:00,26.10184613,-80.3984392
5932,2025-03-19 4:12:00,26.10097044,-80.39985499
5933,2025-03-19 4:18:00,26.10053691,-80.39822452
5934,2025-03-19 4:25:00,26.09845479,-80.40024317
5935,2025-03-19 4:48:00,26.09862539,-80.39924253
5936,2025-03-19 5:17:00,26.10014737,-80.39918955
5937,2025-03-19 5:45:00,26.10046536,-80.39790361
5938,2025-03-19 5:56:00,26.10197225,-80.39977663
5939,2025-03-19 6:10:00,26.10112041,-80.4009703
5940,2025-03-19 6:26:00,26.10089127,-80.39908943
5941,2025-03-19 6:47:00,26.09874089,-80.40081215
5942,2025-03-19 7:00:00,26.09853601,-80.40105292
5943,2025-03-19 7:27:00,26.09848272,-80.39818103
5944,2025-03-19 7:34:00,26.09868562,-80.40089945
5945,2025-03-19 7:56:00,26.10026793,-80.40031756
5946,2025-03-19 8:19:00,26.11307797,-80.34196102
5947,2025-03-19 8:48:00,26.11867119,-80.20403729
5948,2025-03-19 9:03:00,26.1209043,-80.13817618
5949,2025-03-19 9:15:00,26.12079331,-80.13536608
5950,2025-03-19 9:34:00,26.12151514,-80.13841993
5951,2025-03-19 9:46:00,26.12207863,-80.1367507
5952,2025-03-19 10:13:00,26.24056704,-80.19947745
5953,2025-03-19 10:26:00,26.12098516,-80.1361886
5954,2025-03-19 10:56:00,26.12043852,-80.13578586
5955,2025-03-19 11:15:00,26.12055648,-80.13636279
5956,2025-03-19 11:26:00,26.12215667,-80.1370744
5957,2025-03-19 11:34:00,26.1239578,-80.13739195
5958,2025-03-19 11:45:00,26.12429982,-80.13907319
5959,2025-03-19 12:15:00,26.12295602,-80.13540435
5960,2025-03-19 12:39:00,26.12428664,-80.13706954
5961,2025-03-19 12:45:00,26.1243421,-80.13700041
5962,2025-03-19 13:10:00,26.12425389,-80.13864961
5963,2025-03-19 13:35:00,26.12424562,-80.13907982
5964,2025-03-19 13:48:00,26.12424784,-80.13546072
5965,2025-03-19 14:10:00,26.12288701,-80.13609234
5966,2025-03-19 14:17:00,26.12042072,-80.13644127
5967,2025-03-19 14:47:00,26.12261153,-80.1389344
5968,2025-03-19 15:06:00,26.12051938,-80.13870885
5969,2025-03-19 15:20:00,26.12220666,-80.1391648
5970,2025-03-19 15:49:00,26.12115373,-80.13576587
5971,2025-03-19 16:01:00,26.12191314,-80.13752562
5972,2025-03-19 16:25:00,26.12403227,-80.13692366
5973,2025-03-19 16:51:00,26.12187701,-80.1365343
5974,2025-03-19 17:00:00,26.09924407,-80.23646441
5975,2025-03-19 17:17:00,26.08310508,-80.16148644
5976,2025-03-19 17:32:00,26.08240339,-80.15664915
5977,2025-03-19 17:37:00,26.10555932,-80.22678983
5978,2025-03-19 17:42:00,26.09854237,-80.1977661
5979,2025-03-19 18:11:00,26.08064138,-80.27943416
5980,2025-03-19 18:39:00,26.08268602,-80.27969439
5981,2025-03-19 19:05:00,26.08166615,-80.27840497
5982,2025-03-19 19:18:00,26.08019273,-80.27933531
5983,2025-03-19 19:39:00,26.08224268,-80.27809752
5984,2025-03-19 20:06:00,26.10060941,-80.39840571
5985,2025-03-19 20:11:00,26.09888758,-80.40066785
5986,2025-03-19 20:30:00,26.09984278,-80.39990952
5987,2025-03-19 20:41:00,26.09923586,-80.39998636
5988,2025-03-19 21:09:00,26.09966204,-80.400995
5989,2025-03-19 21:37:00,26.09885825,-80.40016504
5990,2025-03-19 22:03:00,26.10110692,-80.39799947
5991,2025-03-19 22:27:00,26.10128025,-80.3985863
5992,2025-03-19 22:43:00,26.10136011,-80.4010488
5993,2025-03-19 22:50:00,26.09853001,-80.39874682
5994,2025-03-19 22:58:00,26.10227958,-80.39918791
5995,2025-03-19 23:24:00,26.09960682,-80.4005066
5996,2025-03-19 23:30:00,26.10163056,-80.39995478
5997,2025-03-19 23:52:00,26.09850153,-80.39895002
5998,2025-03-19 23:58:00,26.10133147,-80.39825698
5999,2025-03-20 0:25:00,26.09994708,-80.39978931
6000,2025-03-20 0:38:00,26.10160152,-80.39909598
6001,2025-03-20 0:50:00,26.10018699,-80.40090611
6002,2025-03-20 1:07:00,26.10076173,-80.40153665
6003,2025-03-20 1:24:00,26.09995724,-80.40074309
6004,2025-03-20 1:48:00,26.09907978,-80.39848617
6005,2025-03-20 2:01:00,26.10089077,-80.40040399
6006,2025-03-20 2:07:00,26.10014572,-80.40165204
6007,2025-03-20 2:33:00,26.10224367,-80.39845542
6008,2025-03-20 2:53:00,26.09924244,-80.39803017
6009,2025-03-20 3:22:00,26.10120752,-80.40101768
6010,2025-03-20 3:44:00,26.10081197,-80.39930327
6011,2025-03-20 3:52:00,26.10013509,-80.40077755
6012,2025-03-20 4:15:00,26.10195848,-80.40029765
6013,2025-03-20 4:32:00,26.09908934,-80.39836804
6014,2025-03-20 4:41:00,26.10028618,-80.4008276
6015,2025-03-20 5:08:00,26.10020921,-80.3979955
6016,2025-03-20 5:24:00,26.09942996,-80.40124769
6017,2025-03-20 5:50:00,26.10163473,-80.40067879
6018,2025-03-20 6:18:00,26.09946967,-80.40144345
6019,2025-03-20 6:25:00,26.09905337,-80.40051116
6020,2025-03-20 6:43:00,26.10082322,-80.39974781
6021,2025-03-20 7:08:00,26.10221944,-80.40164327
6022,2025-03-20 7:32:00,26.10168771,-80.40174904
6023,2025-03-20 7:55:00,26.10034069,-80.3990201
6024,2025-03-20 8:20:00,26.10114576,-80.25742712
6025,2025-03-20 8:31:00,26.10934915,-80.22628305
6026,2025-03-20 8:41:00,26.10077288,-80.24407966
6027,2025-03-20 8:52:00,26.1224,-80.15954576
6028,2025-03-20 9:18:00,26.1230913,-80.13865818
6029,2025-03-20 9:23:00,26.12106712,-80.13916296
6030,2025-03-20 9:41:00,26.12410293,-80.13873906
6031,2025-03-20 9:50:00,26.12070033,-80.13728244
6032,2025-03-20 10:06:00,26.12426791,-80.13569779
6033,2025-03-20 10:20:00,26.12340386,-80.13744439
6034,2025-03-20 10:39:00,26.1210956,-80.13548558
6035,2025-03-20 10:52:00,26.12435318,-80.13625462
6036,2025-03-20 10:58:00,26.12154431,-80.13593826
6037,2025-03-20 11:26:00,26.12149247,-80.13741035
6038,2025-03-20 11:51:00,26.12265344,-80.13531364
6039,2025-03-20 12:21:00,26.12218034,-80.13721885
6040,2025-03-20 12:40:00,26.12383916,-80.13608799
6041,2025-03-20 12:45:00,26.12355002,-80.13812826
6042,2025-03-20 13:06:00,26.12118657,-80.13688881
6043,2025-03-20 13:19:00,26.12339,-80.13561273
6044,2025-03-20 13:39:00,26.12200754,-80.13643084
6045,2025-03-20 14:07:00,26.12043347,-80.13813261
6046,2025-03-20 14:13:00,26.12089569,-80.13664768
6047,2025-03-20 14:38:00,26.12378508,-80.13711402
6048,2025-03-20 15:08:00,26.12422959,-80.13630092
6049,2025-03-20 15:14:00,26.12237743,-80.13881833
6050,2025-03-20 15:20:00,26.12139547,-80.13898974
6051,2025-03-20 15:39:00,26.12399286,-80.13580836
6052,2025-03-20 16:07:00,26.12120079,-80.13694407
6053,2025-03-20 16:26:00,26.12337186,-80.13572628
6054,2025-03-20 16:53:00,26.86925949,-79.64507483
6055,2025-03-20 17:16:00,26.10134915,-80.20985932
6056,2025-03-20 17:37:00,26.08942034,-80.27274407
6057,2025-03-20 17:44:00,26.11608475,-80.26548814
6058,2025-03-20 18:06:00,26.08230717,-80.28173835
6059,2025-03-20 18:12:00,26.08014211,-80.28039499
6060,2025-03-20 18:23:00,26.08285916,-80.28065978
6061,2025-03-20 18:32:00,26.0804465,-80.27924976
6062,2025-03-20 18:48:00,26.08036287,-80.27908963
6063,2025-03-20 19:05:00,26.08276428,-80.27976018
6064,2025-03-20 19:22:00,26.07987939,-80.28069723
6065,2025-03-20 19:47:00,26.08157603,-80.27895165
6066,2025-03-20 20:16:00,26.10086841,-80.40028028
6067,2025-03-20 20:45:00,26.0995508,-80.39831523
6068,2025-03-20 21:02:00,26.09944916,-80.3981955
6069,2025-03-20 21:09:00,26.10065826,-80.40155766
6070,2025-03-20 21:16:00,26.10086851,-80.40162737
6071,2025-03-20 21:26:00,26.099327,-80.39893391
6072,2025-03-20 21:34:00,26.09899658,-80.40089191
6073,2025-03-20 21:43:00,26.09985525,-80.39918074
6074,2025-03-20 22:10:00,26.09976046,-80.3997758
6075,2025-03-20 22:37:00,26.09943978,-80.39947189
6076,2025-03-20 23:03:00,26.10016966,-80.39807051
6077,2025-03-20 23:15:00,26.09852627,-80.39917555
6078,2025-03-20 23:43:00,26.10146208,-80.39875011
6079,2025-03-20 23:50:00,26.09998088,-80.39967343
6080,2025-03-20 23:56:00,26.10047748,-80.40093227
6081,2025-03-21 0:06:00,26.10203128,-80.40081107
6082,2025-03-21 0:24:00,26.10114276,-80.39917802
6083,2025-03-21 0:53:00,26.09999852,-80.39997775
6084,2025-03-21 1:02:00,26.10203335,-80.39796976
6085,2025-03-21 1:15:00,26.0993475,-80.39947042
6086,2025-03-21 1:24:00,26.10033361,-80.39911264
6087,2025-03-21 1:48:00,26.09988802,-80.39782138
6088,2025-03-21 2:17:00,26.09842169,-80.40043303
6089,2025-03-21 2:32:00,26.10091915,-80.40066195
6090,2025-03-21 2:51:00,26.09910813,-80.3987507
6091,2025-03-21 3:08:00,26.10048015,-80.39955251
6092,2025-03-21 3:27:00,26.10166539,-80.40037069
6093,2025-03-21 3:32:00,26.10128993,-80.38259243
6094,2025-03-21 3:55:00,26.10153246,-80.39927403
6095,2025-03-21 4:05:00,26.09902951,-80.40128027
6096,2025-03-21 4:18:00,26.10025066,-80.40156422
6097,2025-03-21 4:34:00,26.09961803,-80.40081171
6098,2025-03-21 4:48:00,26.10239381,-80.39901481
6099,2025-03-21 4:58:00,26.0989324,-80.39970594
6100,2025-03-21 5:10:00,26.10012951,-80.39909681
6101,2025-03-21 5:29:00,26.10039016,-80.39844483
6102,2025-03-21 5:44:00,26.09960193,-80.39925115
6103,2025-03-21 6:14:00,26.10116342,-80.39811508
6104,2025-03-21 6:29:00,26.10097863,-80.40000411
6105,2025-03-21 6:37:00,26.10092935,-80.39930964
6106,2025-03-21 6:42:00,26.10214906,-80.39895358
6107,2025-03-21 6:53:00,26.09976121,-80.3981414
6108,2025-03-21 7:03:00,26.10161256,-80.40162543
6109,2025-03-21 7:15:00,26.09873543,-80.39808873
6110,2025-03-21 7:41:00,26.10119284,-80.40112479
6111,2025-03-21 7:48:00,26.10148585,-80.40024162
6112,2025-03-21 7:57:00,26.10180894,-80.39848287
6113,2025-03-21 8:03:00,26.10860339,-80.35975763
6114,2025-03-21 8:15:00,26.10114576,-80.22628305
6115,2025-03-21 8:41:00,26.11717966,-80.25297797
6116,2025-03-21 8:58:00,26.10562034,-80.28412203
6117,2025-03-21 9:26:00,26.12135514,-80.13821602
6118,2025-03-21 9:52:00,26.12347763,-80.1354359
6119,2025-03-21 10:09:00,26.12391006,-80.13713801
6120,2025-03-21 10:35:00,26.12409774,-80.13640054
6121,2025-03-21 10:52:00,26.12181447,-80.13850754
6122,2025-03-21 11:01:00,26.12173607,-80.13797876
6123,2025-03-21 11:23:00,26.12157151,-80.13723059
6124,2025-03-21 11:32:00,26.1213842,-80.13704079
6125,2025-03-21 11:47:00,26.122664,-80.13814586
6126,2025-03-21 12:02:00,26.12377332,-80.13664842
6127,2025-03-21 12:14:00,26.1227305,-80.13909797
6128,2025-03-21 12:30:00,26.12165437,-80.13711639
6129,2025-03-21 12:45:00,26.12265342,-80.13854102
6130,2025-03-21 13:06:00,26.12363626,-80.13628849
6131,2025-03-21 13:23:00,26.12132161,-80.1391367
6132,2025-03-21 13:46:00,26.1229709,-80.13643308
6133,2025-03-21 14:14:00,26.12047928,-80.13543508
6134,2025-03-21 14:39:00,26.12118943,-80.13746997
6135,2025-03-21 15:03:00,26.12069714,-80.13675293
6136,2025-03-21 15:14:00,26.12189366,-80.1355869
6137,2025-03-21 15:22:00,26.12324553,-80.13673329
6138,2025-03-21 15:28:00,26.12328533,-80.13628859
6139,2025-03-21 15:41:00,26.12090772,-80.13590473
6140,2025-03-21 16:00:00,26.12040606,-80.13693081
6141,2025-03-21 16:16:00,26.12077311,-80.13723849
6142,2025-03-21 16:26:00,26.12095772,-80.1383957
6143,2025-03-21 16:38:00,26.12173372,-80.1377665
6144,2025-03-21 17:05:00,26.08240339,-80.18567288
6145,2025-03-21 17:27:00,26.11187458,-80.18325424
6146,2025-03-21 17:52:00,26.11959322,-80.13971864
6147,2025-03-21 18:01:00,26.08267358,-80.28015297
6148,2025-03-21 18:29:00,26.08171627,-80.28189254
6149,2025-03-21 18:43:00,26.07946413,-80.27919971
6150,2025-03-21 19:09:00,26.07905241,-80.28161015
6151,2025-03-21 19:24:00,26.0812802,-80.28061056
6152,2025-03-21 19:45:00,26.0824503,-80.27810475
6153,2025-03-21 19:51:00,26.07990984,-80.27900183
6154,2025-03-21 20:11:00,26.09935128,-80.39789784
6155,2025-03-21 20:16:00,26.09927044,-80.3987532
6156,2025-03-21 20:39:00,26.09995974,-80.40013279
6157,2025-03-21 20:55:00,26.10121414,-80.39823217
6158,2025-03-21 21:20:00,26.10111892,-80.40061561
6159,2025-03-21 21:47:00,26.09976758,-80.40042101
6160,2025-03-21 22:07:00,26.09879732,-80.40125819
6161,2025-03-21 22:31:00,26.09964355,-80.39882912
6162,2025-03-21 22:55:00,26.10162571,-80.39964855
6163,2025-03-21 23:17:00,26.1005748,-80.3981801
6164,2025-03-21 23:22:00,26.0993327,-80.39879308
6165,2025-03-21 23:49:00,26.10199014,-80.39786499
6166,2025-03-21 23:58:00,26.0994052,-80.40017631
6167,2025-03-22 0:23:00,26.10091805,-80.39995015
6168,2025-03-22 0:50:00,26.10078786,-80.40085285
6169,2025-03-22 1:09:00,26.10109241,-80.40074609
6170,2025-03-22 1:27:00,26.10068641,-80.4010183
6171,2025-03-22 1:49:00,26.1002963,-80.39984292
6172,2025-03-22 2:13:00,26.10125676,-80.4009257
6173,2025-03-22 2:23:00,26.09906707,-80.39956513
6174,2025-03-22 2:31:00,26.09840432,-80.39814818
6175,2025-03-22 3:00:00,26.1015186,-80.40044814
6176,2025-03-22 3:24:00,26.0997001,-80.39822405
6177,2025-03-22 3:38:00,26.09965071,-80.40022745
6178,2025-03-22 4:01:00,26.10179187,-80.40135391
6179,2025-03-22 4:12:00,26.10102103,-80.40050117
6180,2025-03-22 4:33:00,26.09998094,-80.3993818
6181,2025-03-22 4:44:00,26.10182598,-80.40021325
6182,2025-03-22 4:49:00,26.09883011,-80.39782955
6183,2025-03-22 5:10:00,26.10026499,-80.39835455
6184,2025-03-22 5:19:00,26.10192918,-80.39898056
6185,2025-03-22 5:38:00,26.10209682,-80.401443
6186,2025-03-22 6:01:00,26.09923043,-80.4013039
6187,2025-03-22 6:11:00,26.10023097,-80.3998454
6188,2025-03-22 6:30:00,26.10174566,-80.40053966
6189,2025-03-22 6:36:00,26.09893764,-80.40117574
6190,2025-03-22 6:46:00,26.10001135,-80.40134825
6191,2025-03-22 6:51:00,26.09877101,-80.39848967
6192,2025-03-22 7:19:00,26.09883548,-80.40040038
6193,2025-03-22 7:37:00,26.10180428,-80.39991016
6194,2025-03-22 7:57:00,26.10112286,-80.39923768
6195,2025-03-22 8:14:00,26.10095012,-80.39947707
6196,2025-03-22 8:33:00,26.10207392,-80.40083687
6197,2025-03-22 8:47:00,26.09990421,-80.39894609
6198,2025-03-22 9:08:00,26.1022039,-80.40044565
6199,2025-03-22 9:15:00,25.97390891,-79.71946598
6200,2025-03-22 9:35:00,26.09843291,-80.3982952
6201,2025-03-22 9:55:00,26.10081816,-80.40095318
6202,2025-03-22 10:09:00,26.07966926,-80.2807256
6203,2025-03-22 10:23:00,26.08009374,-80.28110698
6204,2025-03-22 10:39:00,26.08034748,-80.27919523
6205,2025-03-22 10:55:00,26.08215521,-80.28118877
6206,2025-03-22 11:18:00,26.07994741,-80.27972914
6207,2025-03-22 11:37:00,26.08072533,-80.28044528
6208,2025-03-22 12:04:00,26.09974466,-80.40076674
6209,2025-03-22 12:20:00,26.10184515,-80.40070675
6210,2025-03-22 12:50:00,26.10087339,-80.40124423
6211,2025-03-22 12:57:00,26.10018391,-80.4002615
6212,2025-03-22 13:20:00,26.10190368,-80.3986872
6213,2025-03-22 13:45:00,26.09868361,-80.39916084
6214,2025-03-22 14:03:00,26.09969522,-80.40011006
6215,2025-03-22 14:19:00,26.10219397,-80.39907713
6216,2025-03-22 14:39:00,26.10123488,-80.40157801
6217,2025-03-22 15:02:00,26.09971179,-80.40129572
6218,2025-03-22 15:30:00,26.09892026,-80.40171425
6219,2025-03-22 15:46:00,26.10205621,-80.39832496
6220,2025-03-22 15:51:00,26.10198179,-80.39921883
6221,2025-03-22 16:13:00,26.09978036,-80.4016374
6222,2025-03-22 16:31:00,26.09921149,-80.39815212
6223,2025-03-22 16:50:00,26.10224001,-80.40123729
6224,2025-03-22 17:17:00,26.09933379,-80.40169226
6225,2025-03-22 17:22:00,26.10236351,-80.39924284
6226,2025-03-22 17:36:00,26.09914103,-80.39885516
6227,2025-03-22 17:53:00,26.09965218,-80.39856453
6228,2025-03-22 18:01:00,26.10112531,-80.40120993
6229,2025-03-22 18:30:00,26.0994021,-80.40157304
6230,2025-03-22 18:50:00,26.10074443,-80.39815141
6231,2025-03-22 19:00:00,26.1001318,-80.40159481
6232,2025-03-22 19:27:00,26.1015987,-80.39926223
6233,2025-03-22 19:47:00,26.10187109,-80.40128744
6234,2025-03-22 20:15:00,26.10173939,-80.39958168
6235,2025-03-22 20:30:00,26.100946,-80.40011015
6236,2025-03-22 20:59:00,26.10218473,-80.40041294
6237,2025-03-22 21:05:00,26.1003529,-80.39885234
6238,2025-03-22 21:21:00,26.09966945,-80.39942247
6239,2025-03-22 21:36:00,26.10233053,-80.40104498
6240,2025-03-22 22:01:00,26.10050707,-80.39881704
6241,2025-03-22 22:10:00,26.10162713,-80.39875219
6242,2025-03-22 22:26:00,26.10048401,-80.40065526
6243,2025-03-22 22:49:00,26.09883725,-80.40066552
6244,2025-03-22 23:18:00,26.10205672,-80.39787492
6245,2025-03-22 23:26:00,26.10175943,-80.39880561
6246,2025-03-22 23:33:00,26.09910957,-80.39792581
6247,2025-03-22 23:38:00,26.10105974,-80.40105035
6248,2025-03-22 23:48:00,26.10100126,-80.39938935
6249,2025-03-23 0:00:00,26.10145636,-80.39968519
6250,2025-03-23 0:28:00,26.09916346,-80.40081757
6251,2025-03-23 0:37:00,26.10220184,-80.39781806
6252,2025-03-23 0:43:00,26.09943303,-80.39794529
6253,2025-03-23 0:49:00,26.10049441,-80.39867702
6254,2025-03-23 1:06:00,26.09988308,-80.3979195
6255,2025-03-23 1:12:00,26.09847894,-80.40122752
6256,2025-03-23 1:27:00,26.0991561,-80.40129163
6257,2025-03-23 1:51:00,26.10140019,-80.40109746
6258,2025-03-23 1:59:00,26.10156243,-80.39898824
6259,2025-03-23 2:10:00,26.10165168,-80.40134887
6260,2025-03-23 2:21:00,26.10026671,-80.39880561
6261,2025-03-23 2:35:00,26.1011823,-80.40158381
6262,2025-03-23 2:49:00,26.10218788,-80.39867091
6263,2025-03-23 3:19:00,26.10096238,-80.40045782
6264,2025-03-23 3:39:00,26.09906736,-80.39852315
6265,2025-03-23 3:55:00,26.10115843,-80.40025216
6266,2025-03-23 4:16:00,26.1016757,-80.40023482
6267,2025-03-23 4:43:00,26.10174238,-80.40121346
6268,2025-03-23 5:10:00,26.10223986,-80.39917225
6269,2025-03-23 5:28:00,26.09904881,-80.40098367
6270,2025-03-23 5:50:00,26.09987438,-80.39958231
6271,2025-03-23 6:16:00,26.10091641,-80.40176421
6272,2025-03-23 6:42:00,26.10027889,-80.39871825
6273,2025-03-23 7:10:00,26.10209553,-80.40060586
6274,2025-03-23 7:26:00,26.10055865,-80.3997907
6275,2025-03-23 7:31:00,26.1019653,-80.39857273
6276,2025-03-23 7:52:00,26.0993556,-80.39782758
6277,2025-03-23 8:00:00,26.0996162,-80.40160376
6278,2025-03-23 8:13:00,26.0988925,-80.40172358
6279,2025-03-23 8:37:00,26.10073011,-80.39781183
6280,2025-03-23 8:53:00,26.09989251,-80.4015549
6281,2025-03-23 9:02:00,26.09925832,-80.39829761
6282,2025-03-23 9:13:00,26.09966189,-80.40085407
6283,2025-03-23 9:41:00,26.10094445,-80.40124793
6284,2025-03-23 9:52:00,26.10101845,-80.39988405
6285,2025-03-23 10:02:00,26.16108627,-80.4866395
6286,2025-03-23 10:09:00,26.0826842,-80.28191329
6287,2025-03-23 10:19:00,26.07960628,-80.27986217
6288,2025-03-23 10:30:00,26.08202331,-80.27995349
6289,2025-03-23 10:50:00,26.08112409,-80.28146156
6290,2025-03-23 11:20:00,26.0790755,-80.27832691
6291,2025-03-23 11:50:00,26.08249794,-80.28150201
6292,2025-03-23 12:12:00,26.1002412,-80.39862396
6293,2025-03-23 12:33:00,26.10057615,-80.4016311
6294,2025-03-23 12:53:00,26.10137181,-80.40090893
6295,2025-03-23 13:10:00,26.10080023,-80.39792182
6296,2025-03-23 13:32:00,26.10084338,-80.39992707
6297,2025-03-23 13:43:00,26.10065038,-80.40028481
6298,2025-03-23 13:53:00,26.09878646,-80.39783244
6299,2025-03-23 14:14:00,26.10220481,-80.3991791
6300,2025-03-23 14:44:00,26.0986252,-80.40179474
6301,2025-03-23 15:14:00,26.10178208,-80.4003898
6302,2025-03-23 15:40:00,26.099332,-80.3984757
6303,2025-03-23 16:10:00,26.10082957,-80.39795537
6304,2025-03-23 16:29:00,26.1021726,-80.40168266
6305,2025-03-23 16:35:00,26.10113707,-80.39991078
6306,2025-03-23 16:46:00,26.0999659,-80.39964886
6307,2025-03-23 17:14:00,26.09864402,-80.39824538
6308,2025-03-23 17:40:00,26.10171463,-80.40104821
6309,2025-03-23 18:08:00,26.10212333,-80.40046892
6310,2025-03-23 18:38:00,26.10207397,-80.40072775
6311,2025-03-23 18:54:00,26.10141439,-80.39846136
6312,2025-03-23 19:09:00,26.10012169,-80.39959721
6313,2025-03-23 19:30:00,26.10026142,-80.39968993
6314,2025-03-23 19:51:00,26.09917008,-80.40111666
6315,2025-03-23 20:03:00,26.10039985,-80.40163676
6316,2025-03-23 20:19:00,26.0991626,-80.39888715
6317,2025-03-23 20:45:00,26.09854595,-80.39934026
6318,2025-03-23 21:12:00,26.10235371,-80.39823574
6319,2025-03-23 21:38:00,26.10097845,-80.39962816
6320,2025-03-23 21:57:00,26.09972418,-80.39872272
6321,2025-03-23 22:19:00,26.09840424,-80.40107392
6322,2025-03-23 22:27:00,26.10144353,-80.40045816
6323,2025-03-23 22:54:00,26.09896305,-80.40119966
6324,2025-03-23 22:59:00,26.10060969,-80.39921359
6325,2025-03-23 23:27:00,26.10011309,-80.39865717
6326,2025-03-23 23:48:00,26.09999298,-80.39826673
6327,2025-03-24 0:05:00,26.09871361,-80.40174867
6328,2025-03-24 0:15:00,26.10121201,-80.40158467
6329,2025-03-24 0:29:00,26.10126159,-80.39886719
6330,2025-03-24 0:56:00,26.1011768,-80.40113787
6331,2025-03-24 1:09:00,26.09847866,-80.40161276
6332,2025-03-24 1:37:00,26.09857999,-80.39972758
6333,2025-03-24 2:05:00,26.10181078,-80.39868366
6334,2025-03-24 2:24:00,26.09961014,-80.40137001
6335,2025-03-24 2:41:00,26.09865614,-80.40085069
6336,2025-03-24 3:10:00,26.10053363,-80.40027437
6337,2025-03-24 3:27:00,26.09926277,-80.40033313
6338,2025-03-24 3:42:00,26.10087948,-80.39844474
6339,2025-03-24 3:58:00,26.10193542,-80.4013352
6340,2025-03-24 4:08:00,26.09951352,-80.40071333
6341,2025-03-24 4:38:00,26.1015439,-80.39944224
6342,2025-03-24 4:51:00,26.09983034,-80.40008827
6343,2025-03-24 5:21:00,26.10038458,-80.40167691
6344,2025-03-24 5:35:00,26.10029077,-80.40169903
6345,2025-03-24 5:55:00,26.10097196,-80.39933713
6346,2025-03-24 6:01:00,26.10033791,-80.40021516
6347,2025-03-24 6:29:00,26.09947819,-80.40151854
6348,2025-03-24 6:39:00,26.09993016,-80.39885271
6349,2025-03-24 6:49:00,25.98654185,-80.48063401
6350,2025-03-24 7:08:00,26.10149275,-80.39958591
6351,2025-03-24 7:16:00,26.09848615,-80.39996712
6352,2025-03-24 7:45:00,26.09869074,-80.40090106
6353,2025-03-24 8:09:00,26.11680678,-80.19068983
6354,2025-03-24 8:35:00,26.12165424,-80.36865593
6355,2025-03-24 8:51:00,26.12202712,-80.39090169
6356,2025-03-24 9:13:00,26.12384087,-80.13586535
6357,2025-03-24 9:32:00,26.12084102,-80.13731984
6358,2025-03-24 9:52:00,26.12270246,-80.13783605
6359,2025-03-24 10:07:00,26.12193982,-80.13758
6360,2025-03-24 10:23:00,26.12342063,-80.13703691
6361,2025-03-24 10:53:00,26.12412556,-80.13890065
6362,2025-03-24 11:13:00,26.12354966,-80.13627039
6363,2025-03-24 11:19:00,26.12335997,-80.13691723
6364,2025-03-24 11:36:00,26.12329746,-80.13802898
6365,2025-03-24 12:04:00,26.12378183,-80.13563502
6366,2025-03-24 12:19:00,26.12046351,-80.13594902
6367,2025-03-24 12:48:00,26.12158384,-80.13818733
6368,2025-03-24 13:17:00,26.12377661,-80.13601796
6369,2025-03-24 13:40:00,26.12057767,-80.13627549
6370,2025-03-24 13:54:00,26.12100402,-80.13690136
6371,2025-03-24 14:06:00,26.12141222,-80.13570482
6372,2025-03-24 14:26:00,26.12416229,-80.13741375
6373,2025-03-24 14:52:00,26.12401741,-80.13580428
6374,2025-03-24 15:03:00,26.12144411,-80.13832676
6375,2025-03-24 15:16:00,26.12288763,-80.1382129
6376,2025-03-24 15:30:00,26.12264358,-80.13831602
6377,2025-03-24 15:59:00,26.12237206,-80.1361368
6378,2025-03-24 16:22:00,26.12301592,-80.13599886
6379,2025-03-24 16:42:00,26.12390485,-80.13594403
6380,2025-03-24 16:53:00,26.12212096,-80.13536353
6381,2025-03-24 17:07:00,26.0943322,-80.14939322
6382,2025-03-24 17:20:00,26.08801695,-80.27032542
6383,2025-03-24 17:50:00,26.09643729,-80.1373
6384,2025-03-24 18:15:00,26.07950849,-80.27837727
6385,2025-03-24 18:33:00,26.08181495,-80.28005793
6386,2025-03-24 18:52:00,26.08106945,-80.27831191
6387,2025-03-24 19:13:00,26.07922363,-80.27962352
6388,2025-03-24 19:43:00,26.08185677,-80.27821003
6389,2025-03-24 19:54:00,26.08268993,-80.27864603
6390,2025-03-24 20:01:00,26.10194646,-80.39948396
6391,2025-03-24 20:18:00,26.09974726,-80.40158776
6392,2025-03-24 20:28:00,26.10065859,-80.40096816
6393,2025-03-24 20:57:00,26.10132738,-80.40020714
6394,2025-03-24 21:18:00,26.09986953,-80.40136319
6395,2025-03-24 21:48:00,26.10057777,-80.40014305
6396,2025-03-24 22:07:00,26.09857481,-80.40058704
6397,2025-03-24 22:37:00,26.09910927,-80.39839525
6398,2025-03-24 23:00:00,26.0990639,-80.40110503
6399,2025-03-24 23:26:00,26.10155574,-80.3982791
6400,2025-03-24 23:47:00,26.09951451,-80.39927506
6401,2025-03-25 0:05:00,26.09899381,-80.39963475
6402,2025-03-25 0:31:00,26.10009407,-80.39888765
6403,2025-03-25 0:40:00,26.10042766,-80.40122555
6404,2025-03-25 1:04:00,26.09892784,-80.39920406
6405,2025-03-25 1:11:00,26.10145046,-80.40017561
6406,2025-03-25 1:37:00,26.10077198,-80.39855599
6407,2025-03-25 1:54:00,26.10040842,-80.40131469
6408,2025-03-25 2:14:00,26.10087572,-80.40042768
6409,2025-03-25 2:33:00,26.10102374,-80.40039935
6410,2025-03-25 2:45:00,26.10157114,-80.39977803
6411,2025-03-25 2:52:00,26.10094449,-80.40106933
6412,2025-03-25 3:17:00,26.09854097,-80.39972341
6413,2025-03-25 3:23:00,26.10095654,-80.40068449
6414,2025-03-25 3:29:00,26.10045663,-80.40130569
6415,2025-03-25 3:43:00,26.10193033,-80.40080829
6416,2025-03-25 3:59:00,26.10042193,-80.39825968
6417,2025-03-25 4:26:00,26.10194371,-80.40013918
6418,2025-03-25 4:49:00,26.10126687,-80.39959849
6419,2025-03-25 5:16:00,26.10142567,-80.39892728
6420,2025-03-25 5:21:00,26.09989385,-80.39904005
6421,2025-03-25 5:28:00,26.09878622,-80.39845502
6422,2025-03-25 5:54:00,26.10202984,-80.39854974
6423,2025-03-25 6:17:00,26.10122896,-80.39790074
6424,2025-03-25 6:46:00,26.09891972,-80.39864053
6425,2025-03-25 6:52:00,26.09948068,-80.40044693
6426,2025-03-25 7:19:00,26.10030809,-80.40177477
6427,2025-03-25 7:42:00,26.10068099,-80.40161144
6428,2025-03-25 8:12:00,25.75752106,-79.70715481
6429,2025-03-25 8:27:00,26.11456949,-80.19958814
6430,2025-03-25 8:55:00,26.10450169,-80.27077458
6431,2025-03-25 9:23:00,26.12169389,-80.13620415
6432,2025-03-25 9:32:00,26.12244118,-80.13920625
6433,2025-03-25 9:56:00,26.12058987,-80.13922079
6434,2025-03-25 10:03:00,26.1238537,-80.1356186
6435,2025-03-25 10:08:00,26.12240523,-80.13608185
6436,2025-03-25 10:20:00,26.12412447,-80.13726562
6437,2025-03-25 10:48:00,26.12380878,-80.1369197
6438,2025-03-25 11:11:00,26.12156346,-80.13630664
6439,2025-03-25 11:38:00,26.12297776,-80.13848451
6440,2025-03-25 12:05:00,26.12221764,-80.13625375
6441,2025-03-25 12:15:00,26.12381986,-80.13874117
6442,2025-03-25 12:41:00,26.12322426,-80.13648116
6443,2025-03-25 12:56:00,26.80667072,-80.21428224
6444,2025-03-25 13:22:00,26.12186206,-80.1371414
6445,2025-03-25 13:48:00,26.12289783,-80.13661206
6446,2025-03-25 14:02:00,26.12141851,-80.13891504
6447,2025-03-25 14:22:00,26.12184669,-80.13710271
6448,2025-03-25 14:50:00,26.12299247,-80.13764972
6449,2025-03-25 15:18:00,26.12104751,-80.13577016
6450,2025-03-25 15:44:00,26.12396361,-80.13911386
6451,2025-03-25 16:00:00,26.12226855,-80.13766675
6452,2025-03-25 16:23:00,25.45920976,-80.32387687
6453,2025-03-25 16:32:00,26.12248813,-80.1392954
6454,2025-03-25 16:38:00,26.12427381,-80.13817641
6455,2025-03-25 16:59:00,26.12161326,-80.13627966
6456,2025-03-25 17:21:00,26.081,-80.20744068
6457,2025-03-25 17:41:00,26.09363051,-80.20744068
6458,2025-03-25 17:47:00,26.08871864,-80.19051017
6459,2025-03-25 18:15:00,26.08075385,-80.27916522
6460,2025-03-25 18:25:00,26.08272311,-80.2816364
6461,2025-03-25 18:44:00,26.08034789,-80.28192899
6462,2025-03-25 19:08:00,26.08189175,-80.27973479
6463,2025-03-25 19:23:00,26.07963566,-80.27924053
6464,2025-03-25 19:47:00,26.08251766,-80.28100447
6465,2025-03-25 20:06:00,26.09981077,-80.39931384
6466,2025-03-25 20:20:00,26.1019974,-80.40045112
6467,2025-03-25 20:32:00,26.09914465,-80.39965079
6468,2025-03-25 20:56:00,26.09868734,-80.39957994
6469,2025-03-25 21:09:00,26.09961419,-80.39869443
6470,2025-03-25 21:26:00,26.10017953,-80.39866176
6471,2025-03-25 21:56:00,26.10047427,-80.40133418
6472,2025-03-25 22:21:00,26.10096278,-80.40046215
6473,2025-03-25 22:44:00,26.10221525,-80.39788721
6474,2025-03-25 23:14:00,26.10172381,-80.40090408
6475,2025-03-25 23:33:00,26.10132893,-80.39976384
6476,2025-03-25 23:42:00,26.1010176,-80.39978405
6477,2025-03-25 23:55:00,26.10030001,-80.39941522
6478,2025-03-26 0:11:00,26.10033423,-80.39813813
6479,2025-03-26 0:40:00,26.10102448,-80.39833462
6480,2025-03-26 0:58:00,26.10185356,-80.40149552
6481,2025-03-26 1:25:00,26.10071506,-80.3990713
6482,2025-03-26 1:55:00,26.09866457,-80.39820284
6483,2025-03-26 2:19:00,26.09844789,-80.40058751
6484,2025-03-26 2:44:00,26.10131365,-80.39884493
6485,2025-03-26 3:08:00,26.09906936,-80.40138317
6486,2025-03-26 3:34:00,26.10081196,-80.40154939
6487,2025-03-26 3:39:00,26.10197912,-80.39815047
6488,2025-03-26 3:58:00,26.1006805,-80.39880168
6489,2025-03-26 4:11:00,26.09880196,-80.39935654
6490,2025-03-26 4:29:00,26.10162233,-80.40036167
6491,2025-03-26 4:57:00,26.09867101,-80.40099858
6492,2025-03-26 5:26:00,26.10158414,-80.40072359
6493,2025-03-26 5:33:00,26.10195317,-80.39925928
6494,2025-03-26 5:51:00,26.09990258,-80.40023515
6495,2025-03-26 6:20:00,25.88815045,-81.24840525
6496,2025-03-26 6:35:00,26.10192372,-80.40052346
6497,2025-03-26 7:04:00,26.99949827,-80.73142082
6498,2025-03-26 7:30:00,26.10059061,-80.39805365
6499,2025-03-26 7:54:00,26.09998888,-80.39855174
6500,2025-03-26 8:03:00,26.11009492,-80.19513898
6501,2025-03-26 8:17:00,26.11084068,-80.20848644
6502,2025-03-26 8:29:00,26.10189153,-80.39535085
6503,2025-03-26 8:42:00,26.11531525,-80.16844407
6504,2025-03-26 9:08:00,25.24206219,-80.01727869
6505,2025-03-26 9:24:00,26.12385624,-80.13755451
6506,2025-03-26 9:54:00,26.12313844,-80.1373382
6507,2025-03-26 10:18:00,26.12364368,-80.13911286
6508,2025-03-26 10:45:00,26.12228668,-80.1380357
6509,2025-03-26 11:04:00,26.12133681,-80.13912302
6510,2025-03-26 11:31:00,26.12394847,-80.1355623
6511,2025-03-26 11:56:00,26.1214214,-80.13580755
6512,2025-03-26 12:24:00,26.12109948,-80.13682355
6513,2025-03-26 12:37:00,26.12234258,-80.13778085
6514,2025-03-26 13:01:00,26.12198513,-80.13918967
6515,2025-03-26 13:20:00,26.12125176,-80.13851731
6516,2025-03-26 13:25:00,26.12215751,-80.1383311
6517,2025-03-26 13:35:00,26.12192133,-80.13542059
6518,2025-03-26 13:47:00,26.12263563,-80.13802893
6519,2025-03-26 14:04:00,26.12397243,-80.13799232
6520,2025-03-26 14:13:00,26.12317999,-80.13836882
6521,2025-03-26 14:20:00,26.1216747,-80.1384357
6522,2025-03-26 14:45:00,26.1221455,-80.1370489
6523,2025-03-26 14:50:00,26.12090236,-80.13558764
6524,2025-03-26 15:08:00,26.1212848,-80.13888862
6525,2025-03-26 15:15:00,26.1242014,-80.13905494
6526,2025-03-26 15:30:00,26.12067848,-80.13695071
6527,2025-03-26 15:53:00,26.12206959,-80.13651415
6528,2025-03-26 16:06:00,26.1207011,-80.13748403
6529,2025-03-26 16:28:00,26.12321405,-80.13900537
6530,2025-03-26 16:35:00,26.12118446,-80.13925431
6531,2025-03-26 16:56:00,26.12287666,-80.13869556
6532,2025-03-26 17:07:00,26.0943322,-80.22678983
6533,2025-03-26 17:25:00,26.0943322,-80.21227797
6534,2025-03-26 17:44:00,26.11187458,-80.15664915
6535,2025-03-26 18:00:00,26.08107768,-80.27823906
6536,2025-03-26 18:17:00,26.0793668,-80.27814943
6537,2025-03-26 18:47:00,26.08058853,-80.27941231
6538,2025-03-26 19:11:00,26.08103331,-80.28117548
6539,2025-03-26 19:41:00,26.08081019,-80.27986151
6540,2025-03-26 19:52:00,25.39119142,-80.37173709
6541,2025-03-26 20:05:00,26.0991177,-80.3996881
6542,2025-03-26 20:33:00,26.09952751,-80.39887708
6543,2025-03-26 21:00:00,26.09859535,-80.39935067
6544,2025-03-26 21:07:00,26.1000842,-80.39886795
6545,2025-03-26 21:19:00,26.09993991,-80.40110059
6546,2025-03-26 21:46:00,26.10177281,-80.40019415
6547,2025-03-26 21:52:00,26.09847946,-80.39854238
6548,2025-03-26 22:13:00,26.10137436,-80.40120975
6549,2025-03-26 22:29:00,26.10078202,-80.40053645
6550,2025-03-26 22:40:00,26.09991716,-80.39898236
6551,2025-03-26 23:07:00,26.09898192,-80.39805733
6552,2025-03-26 23:35:00,26.1000758,-80.40024477
6553,2025-03-26 23:48:00,26.10229184,-80.39854008
6554,2025-03-27 0:02:00,26.0989001,-80.40074158
6555,2025-03-27 0:22:00,26.0991788,-80.40143633
6556,2025-03-27 0:36:00,26.10179376,-80.40177612
6557,2025-03-27 0:58:00,26.09966976,-80.39929987
6558,2025-03-27 1:10:00,26.0995566,-80.40131349
6559,2025-03-27 1:15:00,26.09985745,-80.40177787
6560,2025-03-27 1:37:00,26.10145556,-80.40011551
6561,2025-03-27 2:00:00,26.10204942,-80.39896594
6562,2025-03-27 2:26:00,26.10021481,-80.40177989
6563,2025-03-27 2:40:00,26.09996208,-80.39910746
6564,2025-03-27 2:59:00,26.10136296,-80.39888643
6565,2025-03-27 3:23:00,26.09885769,-80.400626
6566,2025-03-27 3:48:00,26.10056941,-80.39805398
6567,2025-03-27 4:05:00,26.10136726,-80.39900587
6568,2025-03-27 4:17:00,26.10059219,-80.39948298
6569,2025-03-27 4:43:00,26.10123206,-80.39987484
6570,2025-03-27 4:57:00,26.09960723,-80.40017208
6571,2025-03-27 5:17:00,26.10036599,-80.39848964
6572,2025-03-27 5:33:00,26.10073155,-80.40073379
6573,2025-03-27 5:47:00,26.10168256,-80.39855074
6574,2025-03-27 6:13:00,26.10216482,-80.39940534
6575,2025-03-27 6:21:00,26.09988186,-80.39817974
6576,2025-03-27 6:28:00,26.10013913,-80.40136749
6577,2025-03-27 6:48:00,26.09868464,-80.40144666
6578,2025-03-27 7:00:00,26.10084008,-80.40148712
6579,2025-03-27 7:12:00,26.10090612,-80.39935205
6580,2025-03-27 7:37:00,26.10134868,-80.39797345
6581,2025-03-27 8:02:00,26.11717966,-80.20848644
6582,2025-03-27 8:22:00,26.11606102,-80.3152661
6583,2025-03-27 8:47:00,26.11494237,-80.28857119
6584,2025-03-27 8:59:00,26.1224,-80.1373
6585,2025-03-27 9:28:00,26.12431128,-80.13640419
6586,2025-03-27 9:53:00,26.1212496,-80.13789435
6587,2025-03-27 10:13:00,26.12087299,-80.13647685
6588,2025-03-27 10:23:00,26.12103302,-80.13798194
6589,2025-03-27 10:47:00,26.12318585,-80.13687717
6590,2025-03-27 10:56:00,26.12150951,-80.13820902
6591,2025-03-27 11:04:00,26.1229266,-80.13928828
6592,2025-03-27 11:19:00,26.12216009,-80.13539261
6593,2025-03-27 11:39:00,26.12329225,-80.13670891
6594,2025-03-27 12:07:00,26.12134634,-80.13895528
6595,2025-03-27 12:36:00,26.12115975,-80.1390161
6596,2025-03-27 12:44:00,26.12241472,-80.13659046
6597,2025-03-27 13:05:00,26.12241463,-80.13743707
6598,2025-03-27 13:12:00,26.12106861,-80.13781612
6599,2025-03-27 13:25:00,26.12291011,-80.13771487
6600,2025-03-27 13:44:00,26.12089822,-80.13756584
6601,2025-03-27 14:09:00,26.12328485,-80.13584297
6602,2025-03-27 14:29:00,26.12428991,-80.1382742
6603,2025-03-27 14:35:00,26.12364507,-80.13815268
6604,2025-03-27 14:59:00,26.12248065,-80.13708184
6605,2025-03-27 15:24:00,26.12056285,-80.13785905
6606,2025-03-27 15:31:00,26.12295424,-80.13629046
6607,2025-03-27 15:44:00,26.12197394,-80.13923407
6608,2025-03-27 16:01:00,26.12339641,-80.13793867
6609,2025-03-27 16:30:00,26.12156958,-80.13639902
6610,2025-03-27 16:42:00,26.12096682,-80.13791913
6611,2025-03-27 16:51:00,26.1233133,-80.13744097
6612,2025-03-27 17:18:00,26.09573559,-80.27274407
6613,2025-03-27 17:26:00,26.11889153,-80.23646441
6614,2025-03-27 17:40:00,26.11538305,-80.17116102
6615,2025-03-27 17:55:00,26.11397966,-80.23888305
6616,2025-03-27 18:13:00,26.07930628,-80.27993941
6617,2025-03-27 18:27:00,26.08116977,-80.2808705
6618,2025-03-27 18:38:00,26.08012917,-80.28051953
6619,2025-03-27 19:00:00,26.0812499,-80.28125999
6620,2025-03-27 19:18:00,26.07975313,-80.28020057
6621,2025-03-27 19:32:00,26.08206106,-80.27821663
6622,2025-03-27 19:54:00,26.08205803,-80.27939668
6623,2025-03-27 20:13:00,26.10215006,-80.39908106
6624,2025-03-27 20:22:00,26.10102896,-80.39868549
6625,2025-03-27 20:39:00,26.09931969,-80.39872587
6626,2025-03-27 20:54:00,26.10237609,-80.40051022
6627,2025-03-27 21:16:00,26.09970182,-80.40073828
6628,2025-03-27 21:43:00,26.10237986,-80.39824515
6629,2025-03-27 22:00:00,26.09959573,-80.39982155
6630,2025-03-27 22:13:00,26.10100641,-80.39861685
6631,2025-03-27 22:35:00,26.10113972,-80.40092829
6632,2025-03-27 23:03:00,26.10055427,-80.40023427
6633,2025-03-27 23:09:00,26.10044332,-80.40033267
6634,2025-03-27 23:31:00,26.10013905,-80.40113878
6635,2025-03-27 23:59:00,26.09954284,-80.39851873
6636,2025-03-28 0:08:00,26.09969593,-80.40082507
6637,2025-03-28 0:33:00,26.1023072,-80.39781494
6638,2025-03-28 0:43:00,26.10071613,-80.40177641
6639,2025-03-28 0:53:00,26.10131314,-80.39874647
6640,2025-03-28 1:15:00,26.10034802,-80.40109148
6641,2025-03-28 1:30:00,26.10169444,-80.39885931
6642,2025-03-28 1:49:00,26.10088889,-80.39807649
6643,2025-03-28 1:55:00,26.10081282,-80.39987577
6644,2025-03-28 2:21:00,26.09991804,-80.39968627
6645,2025-03-28 2:47:00,26.09939739,-80.40009055
6646,2025-03-28 2:52:00,26.10146165,-80.40139281
6647,2025-03-28 3:20:00,26.09977408,-80.39912335
6648,2025-03-28 3:36:00,26.09971711,-80.39810055
6649,2025-03-28 3:51:00,26.10159523,-80.4004198
6650,2025-03-28 4:08:00,26.09895068,-80.40144244
6651,2025-03-28 4:37:00,26.10030981,-80.39972149
6652,2025-03-28 5:06:00,26.10214949,-80.39875561
6653,2025-03-28 5:21:00,26.09950693,-80.39918044
6654,2025-03-28 5:48:00,26.09917464,-80.3983266
6655,2025-03-28 6:18:00,26.10033978,-80.4002095
6656,2025-03-28 6:26:00,26.10068827,-80.39798673
6657,2025-03-28 6:34:00,26.09868059,-80.40162491
6658,2025-03-28 6:47:00,26.10210145,-80.39823786
6659,2025-03-28 7:07:00,26.09874846,-80.40102191
6660,2025-03-28 7:19:00,26.09984015,-80.39785652
6661,2025-03-28 7:35:00,26.099046,-80.40133789
6662,2025-03-28 8:05:00,26.12165424,-80.39535085
6663,2025-03-28 8:35:00,26.11755254,-80.28412203
6664,2025-03-28 8:59:00,26.1224,-80.16844407
6665,2025-03-28 9:26:00,26.1243013,-80.13551313
6666,2025-03-28 9:42:00,26.12388788,-80.13571859
6667,2025-03-28 10:06:00,26.12115454,-80.13600767
6668,2025-03-28 10:25:00,26.12278689,-80.137203
6669,2025-03-28 10:53:00,26.12110629,-80.13744395
6670,2025-03-28 11:14:00,26.12245472,-80.13714812
6671,2025-03-28 11:25:00,26.12335274,-80.13560836
6672,2025-03-28 11:33:00,26.12184572,-80.13859438
6673,2025-03-28 11:57:00,26.1231603,-80.13658779
6674,2025-03-28 12:09:00,26.12199489,-80.1359086
6675,2025-03-28 12:24:00,26.12174701,-80.13697815
6676,2025-03-28 12:39:00,26.12199027,-80.13646147
6677,2025-03-28 13:00:00,26.12150001,-80.13929308
6678,2025-03-28 13:09:00,26.12166779,-80.13701937
6679,2025-03-28 13:37:00,26.12356885,-80.1367857
6680,2025-03-28 13:49:00,26.12169794,-80.1380259
6681,2025-03-28 13:54:00,26.12118214,-80.13631138
6682,2025-03-28 14:13:00,26.12430266,-80.13927776
6683,2025-03-28 14:37:00,26.12181034,-80.13776679
6684,2025-03-28 15:04:00,26.12239417,-80.13884935
6685,2025-03-28 15:29:00,26.12243093,-80.13820156
6686,2025-03-28 15:49:00,26.12170003,-80.13855061
6687,2025-03-28 16:18:00,26.12120056,-80.13820866
6688,2025-03-28 16:40:00,26.12267549,-80.13744116
6689,2025-03-28 17:01:00,26.09924407,-80.25097627
6690,2025-03-28 17:08:00,26.10064746,-80.14455593
6691,2025-03-28 17:27:00,26.0950339,-80.17116102
6692,2025-03-28 17:39:00,26.11047119,-80.24613898
6693,2025-03-28 17:51:00,26.11117288,-80.18083559
6694,2025-03-28 18:09:00,26.0795909,-80.28194369
6695,2025-03-28 18:30:00,26.08187427,-80.27831586
6696,2025-03-28 18:36:00,26.08202121,-80.28141221
6697,2025-03-28 18:56:00,26.07939903,-80.27964554
6698,2025-03-28 19:06:00,26.0825139,-80.28056057
6699,2025-03-28 19:32:00,26.08212675,-80.27880869
6700,2025-03-28 19:49:00,26.08198451,-80.28144182
6701,2025-03-28 20:00:00,26.09905515,-80.39833865
6702,2025-03-28 20:26:00,26.10126136,-80.40107106
6703,2025-03-28 20:37:00,26.10067603,-80.40046677
6704,2025-03-28 20:56:00,26.09882785,-80.40008931
6705,2025-03-28 21:09:00,26.10051111,-80.40065893
6706,2025-03-28 21:34:00,26.10092476,-80.39983552
6707,2025-03-28 21:44:00,26.10012103,-80.39964868
6708,2025-03-28 22:09:00,26.10148716,-80.39832716
6709,2025-03-28 22:37:00,26.10068965,-80.40024788
6710,2025-03-28 22:46:00,26.09882897,-80.39986931
6711,2025-03-28 23:11:00,26.09877231,-80.40101295
6712,2025-03-28 23:24:00,26.0994336,-80.40159069
6713,2025-03-28 23:44:00,26.10048135,-80.39881792
6714,2025-03-28 23:57:00,26.10158839,-80.40159083
6715,2025-03-29 0:23:00,26.10054932,-80.40025522
6716,2025-03-29 0:49:00,26.10184807,-80.40014274
6717,2025-03-29 0:55:00,26.10141933,-80.40121664
6718,2025-03-29 1:08:00,26.09935338,-80.40045701
6719,2025-03-29 1:25:00,26.09906758,-80.40031234
6720,2025-03-29 1:34:00,26.10098201,-80.40173242
6721,2025-03-29 1:58:00,26.10022908,-80.39841356
6722,2025-03-29 2:28:00,26.10062848,-80.39882694
6723,2025-03-29 2:55:00,26.1008031,-80.39793443
6724,2025-03-29 3:08:00,26.1023819,-80.40104329
6725,2025-03-29 3:29:00,26.10107214,-80.4
6726,2025-03-29 3:48:00,26.10095571,-80.39863227
6727,2025-03-29 3:53:00,26.10116209,-80.39794422
6728,2025-03-29 4:04:00,26.09853012,-80.40071811
6729,2025-03-29 4:10:00,26.10202369,-80.39938489
6730,2025-03-29 4:16:00,26.0985419,-80.39838485
6731,2025-03-29 4:35:00,26.10162029,-80.39995784
6732,2025-03-29 4:49:00,26.10210417,-80.39883031
6733,2025-03-29 5:08:00,26.10206342,-80.3978715
6734,2025-03-29 5:26:00,26.10237089,-80.39804465
6735,2025-03-29 5:36:00,26.10098528,-80.39795453
6736,2025-03-29 5:44:00,26.10002374,-80.40130999
6737,2025-03-29 5:55:00,26.10142613,-80.39808769
6738,2025-03-29 6:15:00,26.10196571,-80.39786276
6739,2025-03-29 6:23:00,26.10110085,-80.39782733
6740,2025-03-29 6:33:00,26.09867008,-80.39933734
6741,2025-03-29 6:50:00,26.1011146,-80.40135974
6742,2025-03-29 7:18:00,26.09983346,-80.40108687
6743,2025-03-29 7:28:00,26.09845674,-80.40151553
6744,2025-03-29 7:36:00,26.0995785,-80.40088958
6745,2025-03-29 8:00:00,26.10072074,-80.40046427
6746,2025-03-29 8:17:00,26.10128502,-80.39918954
6747,2025-03-29 8:30:00,26.52478669,-80.71293858
6748,2025-03-29 8:50:00,26.10150427,-80.39817313
6749,2025-03-29 9:06:00,26.09844231,-80.4000794
6750,2025-03-29 9:12:00,26.10029478,-80.40028831
6751,2025-03-29 9:29:00,26.09972249,-80.39809522
6752,2025-03-29 9:37:00,26.10194266,-80.39801997
6753,2025-03-29 9:57:00,26.09922077,-80.40118861
6754,2025-03-29 10:09:00,26.08155061,-80.27978519
6755,2025-03-29 10:31:00,26.08137813,-80.2808636
6756,2025-03-29 10:39:00,26.08166051,-80.2788622
6757,2025-03-29 11:03:00,26.08136475,-80.27987254
6758,2025-03-29 11:22:00,26.08030011,-80.28112822
6759,2025-03-29 11:27:00,26.08187609,-80.28040929
6760,2025-03-29 11:40:00,26.08098239,-80.28061692
6761,2025-03-29 11:52:00,25.82545439,-81.05564525
6762,2025-03-29 12:04:00,26.09880523,-80.39808238
6763,2025-03-29 12:12:00,26.09968466,-80.39836501
6764,2025-03-29 12:25:00,26.10230883,-80.40114772
6765,2025-03-29 12:38:00,26.10163126,-80.40162816
6766,2025-03-29 12:54:00,26.1023688,-80.39987722
6767,2025-03-29 13:12:00,26.10166699,-80.40090171
6768,2025-03-29 13:33:00,26.10211668,-80.40178067
6769,2025-03-29 13:56:00,26.10017878,-80.400272
6770,2025-03-29 14:12:00,26.09939949,-80.39877419
6771,2025-03-29 14:35:00,26.09996578,-80.39829104
6772,2025-03-29 14:56:00,26.1015322,-80.39914979
6773,2025-03-29 15:09:00,26.10131178,-80.40144141
6774,2025-03-29 15:33:00,26.09928014,-80.39792404
6775,2025-03-29 16:03:00,26.09874614,-80.40009481
6776,2025-03-29 16:30:00,26.10090972,-80.40128283
6777,2025-03-29 16:52:00,26.1019768,-80.39928439
6778,2025-03-29 17:04:00,26.10007857,-80.39889361
6779,2025-03-29 17:30:00,26.10110163,-80.39873132
6780,2025-03-29 17:53:00,26.10118373,-80.40157314
6781,2025-03-29 18:02:00,26.09951347,-80.40000097
6782,2025-03-29 18:22:00,26.0993002,-80.39815616
6783,2025-03-29 18:40:00,26.09913909,-80.40027694
6784,2025-03-29 18:51:00,26.10184636,-80.39847216
6785,2025-03-29 19:00:00,26.10183025,-80.39985855
6786,2025-03-29 19:09:00,26.098603,-80.40123081
6787,2025-03-29 19:35:00,26.09900009,-80.40162193
6788,2025-03-29 20:03:00,26.10188738,-80.40005243
6789,2025-03-29 20:10:00,26.09922768,-80.39862294
6790,2025-03-29 20:15:00,26.1010756,-80.40054332
6791,2025-03-29 20:28:00,26.09872793,-80.40116146
6792,2025-03-29 20:38:00,26.09890483,-80.39921305
6793,2025-03-29 20:59:00,26.09887657,-80.39903241
6794,2025-03-29 21:29:00,26.10117905,-80.40009664
6795,2025-03-29 21:57:00,26.10091362,-80.4006787
6796,2025-03-29 22:16:00,26.10208528,-80.3997905
6797,2025-03-29 22:46:00,26.09936237,-80.40121364
6798,2025-03-29 23:05:00,26.10080062,-80.39860088
6799,2025-03-29 23:22:00,26.10181507,-80.39849041
6800,2025-03-29 23:38:00,26.10217187,-80.3997414
6801,2025-03-30 0:06:00,26.09991439,-80.39916977
6802,2025-03-30 0:26:00,26.10236891,-80.39878866
6803,2025-03-30 0:48:00,26.10233975,-80.39960327
6804,2025-03-30 1:08:00,26.09954493,-80.39800746
6805,2025-03-30 1:34:00,26.09999303,-80.40134915
6806,2025-03-30 2:01:00,26.10135797,-80.39928758
6807,2025-03-30 2:07:00,26.10193158,-80.39995407
6808,2025-03-30 2:18:00,26.10228282,-80.3979708
6809,2025-03-30 2:25:00,26.09956786,-80.39801786
6810,2025-03-30 2:55:00,26.09919629,-80.39962038
6811,2025-03-30 3:00:00,26.10027044,-80.39889558
6812,2025-03-30 3:24:00,26.10126701,-80.39989417
6813,2025-03-30 3:45:00,26.10134861,-80.40137139
6814,2025-03-30 4:05:00,26.09988247,-80.40121351
6815,2025-03-30 4:33:00,26.10221417,-80.39976469
6816,2025-03-30 4:54:00,26.10047018,-80.39963137
6817,2025-03-30 5:03:00,26.09870115,-80.39948203
6818,2025-03-30 5:13:00,26.10005197,-80.39796285
6819,2025-03-30 5:24:00,26.10043305,-80.39895287
6820,2025-03-30 5:48:00,26.09925241,-80.39875113
6821,2025-03-30 5:55:00,26.09865101,-80.40039361
6822,2025-03-30 6:08:00,26.09884014,-80.39974335
6823,2025-03-30 6:20:00,26.10098814,-80.39948153
6824,2025-03-30 6:39:00,26.10173198,-80.40034001
6825,2025-03-30 7:07:00,26.09943609,-80.40058321
6826,2025-03-30 7:37:00,26.10034805,-80.40053128
6827,2025-03-30 8:03:00,26.10083083,-80.39839275
6828,2025-03-30 8:28:00,26.10190282,-80.40174995
6829,2025-03-30 8:47:00,26.10149081,-80.40157217
6830,2025-03-30 9:09:00,26.10163511,-80.40054226
6831,2025-03-30 9:15:00,26.09878688,-80.39786404
6832,2025-03-30 9:39:00,26.1014894,-80.40104354
6833,2025-03-30 9:49:00,26.09965696,-80.39973169
6834,2025-03-30 10:06:00,26.08232661,-80.27965675
6835,2025-03-30 10:27:00,26.08023147,-80.28190106
6836,2025-03-30 10:41:00,26.0805144,-80.28166567
6837,2025-03-30 11:01:00,26.08299617,-80.28031522
6838,2025-03-30 11:18:00,26.07972517,-80.28051028
6839,2025-03-30 11:25:00,26.07943088,-80.28054093
6840,2025-03-30 11:35:00,26.07926916,-80.28029288
6841,2025-03-30 11:51:00,26.08004031,-80.28174511
6842,2025-03-30 11:58:00,26.0817298,-80.28009501
6843,2025-03-30 12:26:00,26.10185788,-80.39891309
6844,2025-03-30 12:47:00,26.09849823,-80.40058898
6845,2025-03-30 12:52:00,26.10014125,-80.39790457
6846,2025-03-30 13:02:00,26.09881835,-80.40179178
6847,2025-03-30 13:08:00,26.10094067,-80.4002871
6848,2025-03-30 13:28:00,26.10109417,-80.39850112
6849,2025-03-30 13:40:00,26.0995746,-80.40163012
6850,2025-03-30 13:54:00,26.09850049,-80.40037564
6851,2025-03-30 14:19:00,26.09990268,-80.39806326
6852,2025-03-30 14:25:00,26.10208501,-80.39818157
6853,2025-03-30 14:33:00,26.10159797,-80.40164983
6854,2025-03-30 14:40:00,26.10118033,-80.39890661
6855,2025-03-30 14:57:00,26.10173256,-80.39851523
6856,2025-03-30 15:17:00,26.102156,-80.39943757
6857,2025-03-30 15:26:00,26.0984246,-80.4015775
6858,2025-03-30 15:31:00,26.09985715,-80.40166107
6859,2025-03-30 15:41:00,26.10047763,-80.40134347
6860,2025-03-30 16:11:00,26.09916358,-80.39923716
6861,2025-03-30 16:36:00,26.10195623,-80.40014018
6862,2025-03-30 16:49:00,26.10172027,-80.39812985
6863,2025-03-30 17:10:00,26.10061637,-80.40141883
6864,2025-03-30 17:16:00,26.10015874,-80.40081705
6865,2025-03-30 17:24:00,26.0986066,-80.39887225
6866,2025-03-30 17:38:00,26.10101887,-80.39890211
6867,2025-03-30 18:06:00,26.10055559,-80.40079738
6868,2025-03-30 18:22:00,26.10089898,-80.39820864
6869,2025-03-30 18:51:00,26.09996065,-80.39894183
6870,2025-03-30 19:11:00,26.10049436,-80.4003178
6871,2025-03-30 19:16:00,26.10231082,-80.40069174
6872,2025-03-30 19:32:00,26.10068709,-80.40126798
6873,2025-03-30 19:53:00,26.10134935,-80.39885808
6874,2025-03-30 20:08:00,26.09949806,-80.39805817
6875,2025-03-30 20:30:00,26.40795699,-81.32272686
6876,2025-03-30 20:53:00,26.10023891,-80.40170175
6877,2025-03-30 21:15:00,26.09935188,-80.39787467
6878,2025-03-30 21:30:00,26.09941638,-80.40055797
6879,2025-03-30 21:58:00,26.10121184,-80.39851009
6880,2025-03-30 22:22:00,26.10028824,-80.40088819
6881,2025-03-30 22:46:00,26.09980649,-80.39957342
6882,2025-03-30 23:09:00,26.09929906,-80.39834909
6883,2025-03-30 23:17:00,26.10088355,-80.39911177
6884,2025-03-30 23:42:00,26.09983959,-80.40064599
6885,2025-03-30 23:50:00,26.09963685,-80.39863566
6886,2025-03-31 0:05:00,26.09856597,-80.39906754
6887,2025-03-31 0:24:00,26.10129459,-80.40174938
6888,2025-03-31 0:45:00,26.10005994,-80.39838636
6889,2025-03-31 0:50:00,26.09936844,-80.39869436
6890,2025-03-31 1:13:00,26.10175503,-80.40114927
6891,2025-03-31 1:35:00,26.09853803,-80.39984533
6892,2025-03-31 1:56:00,26.10185208,-80.39853231
6893,2025-03-31 2:18:00,25.45058858,-79.98910628
6894,2025-03-31 2:36:00,26.10138454,-80.39873885
6895,2025-03-31 2:46:00,26.10065165,-80.39964583
6896,2025-03-31 3:03:00,26.10112353,-80.39925723
6897,2025-03-31 3:10:00,26.09907469,-80.40060378
6898,2025-03-31 3:25:00,26.1003038,-80.40040768
6899,2025-03-31 3:44:00,26.10078966,-80.3981041
6900,2025-03-31 4:03:00,26.100957,-80.40098643
6901,2025-03-31 4:13:00,26.21511452,-79.43514309
6902,2025-03-31 4:26:00,26.10236815,-80.39843878
6903,2025-03-31 4:41:00,26.10237219,-80.40173344
6904,2025-03-31 5:04:00,26.10127473,-80.39941337
6905,2025-03-31 5:18:00,26.09863479,-80.40101969
6906,2025-03-31 5:25:00,26.10075508,-80.40153493
6907,2025-03-31 5:52:00,26.09925532,-80.40050545
6908,2025-03-31 6:05:00,26.10019713,-80.40079226
6909,2025-03-31 6:30:00,26.09935644,-80.39940516
6910,2025-03-31 6:37:00,26.10159538,-80.3996554
6911,2025-03-31 6:47:00,26.09944487,-80.39928675
6912,2025-03-31 7:11:00,26.10020627,-80.39827403
6913,2025-03-31 7:18:00,26.10196752,-80.39798499
6914,2025-03-31 7:46:00,26.09974785,-80.39988732
6915,2025-03-31 7:57:00,26.10154242,-80.40007081
6916,2025-03-31 8:20:00,26.12202712,-80.33306271
6917,2025-03-31 8:26:00,26.11084068,-80.17289322
6918,2025-03-31 8:33:00,26.10301017,-80.14174915
6919,2025-03-31 9:03:00,26.12050266,-80.13790838
6920,2025-03-31 9:32:00,26.12372268,-80.13686355
6921,2025-03-31 9:42:00,26.1240623,-80.1391451
6922,2025-03-31 9:49:00,26.12342611,-80.13848754
6923,2025-03-31 10:12:00,26.12281715,-80.13872099
6924,2025-03-31 10:26:00,26.1218431,-80.13703503
6925,2025-03-31 10:50:00,26.12242127,-80.1390034
6926,2025-03-31 11:13:00,26.12334445,-80.13876593
6927,2025-03-31 11:35:00,26.12376858,-80.1390342
6928,2025-03-31 11:56:00,26.12325789,-80.13816991
6929,2025-03-31 12:07:00,26.12291254,-80.1360701
6930,2025-03-31 12:14:00,26.1222338,-80.13853544
6931,2025-03-31 12:30:00,26.1207114,-80.1374858
6932,2025-03-31 12:48:00,26.12041149,-80.13740399
6933,2025-03-31 13:12:00,26.12263759,-80.13796005
6934,2025-03-31 13:42:00,26.12118734,-80.13571691
6935,2025-03-31 14:03:00,26.12090928,-80.13713749
6936,2025-03-31 14:29:00,26.12065803,-80.13705592
6937,2025-03-31 14:58:00,26.12100667,-80.13625884
6938,2025-03-31 15:07:00,26.12346958,-80.1383184
6939,2025-03-31 15:29:00,26.12348785,-80.13763513
6940,2025-03-31 15:42:00,26.1204979,-80.13707888
6941,2025-03-31 16:03:00,26.12146381,-80.13737549
6942,2025-03-31 16:28:00,26.12245801,-80.13664867
6943,2025-03-31 16:41:00,26.12239603,-80.13801091
6944,2025-03-31 16:54:00,26.12297967,-80.13542259
6945,2025-03-31 17:21:00,26.08661356,-80.24372034
6946,2025-03-31 17:27:00,26.11257627,-80.16148644
6947,2025-03-31 17:53:00,26.11117288,-80.18809153
6948,2025-03-31 17:58:00,26.12099661,-80.15423051
6949,2025-03-31 18:10:00,26.08003443,-80.28003954
6950,2025-03-31 18:24:00,26.08183541,-80.28196767
6951,2025-03-31 18:48:00,26.08197374,-80.28080847
6952,2025-03-31 19:17:00,26.08188572,-80.281755
6953,2025-03-31 19:36:00,26.08065792,-80.27851432
6954,2025-03-31 19:42:00,26.08210869,-80.27930075
6955,2025-03-31 20:06:00,26.10188766,-80.40050253
6956,2025-03-31 20:25:00,26.10001902,-80.39854735
6957,2025-03-31 20:49:00,26.09924163,-80.40132925
6958,2025-03-31 21:11:00,26.10118373,-80.40034363
6959,2025-03-31 21:20:00,26.10036858,-80.39998546
6960,2025-03-31 21:39:00,26.09929508,-80.40137896
6961,2025-03-31 21:48:00,26.10096617,-80.39811743
6962,2025-03-31 21:57:00,26.09948646,-80.40165385
6963,2025-03-31 22:04:00,26.09963975,-80.4012145
6964,2025-03-31 22:25:00,26.10199765,-80.39857683
6965,2025-03-31 22:32:00,26.10064778,-80.39881954
6966,2025-03-31 22:45:00,26.10227352,-80.39823316
6967,2025-03-31 23:10:00,26.09978108,-80.39907943
6968,2025-03-31 23:32:00,26.10224113,-80.40027196
6969,2025-03-31 23:49:00,26.10137832,-80.39947711
6970,2025-04-01 0:15:00,26.10192049,-80.40052551
6971,2025-04-01 0:23:00,26.1002905,-80.4002835
6972,2025-04-01 0:53:00,26.10215171,-80.40090736
6973,2025-04-01 1:07:00,26.10173768,-80.39969656
6974,2025-04-01 1:19:00,26.0986929,-80.39943148
6975,2025-04-01 1:43:00,26.10144791,-80.400136
6976,2025-04-01 2:03:00,26.10107259,-80.40027412
6977,2025-04-01 2:12:00,26.10038492,-80.39879835
6978,2025-04-01 2:31:00,26.09982194,-80.39828503
6979,2025-04-01 2:37:00,26.09851584,-80.39891374
6980,2025-04-01 2:58:00,26.10119951,-80.40175028
6981,2025-04-01 3:09:00,26.09876536,-80.39795787
6982,2025-04-01 3:25:00,26.1017207,-80.40079834
6983,2025-04-01 3:30:00,26.10136895,-80.39790605
6984,2025-04-01 3:54:00,26.09904543,-80.39971123
6985,2025-04-01 4:13:00,26.10104466,-80.39979919
6986,2025-04-01 4:18:00,26.09985204,-80.39930409
6987,2025-04-01 4:38:00,26.10220101,-80.40034419
6988,2025-04-01 4:45:00,26.09862462,-80.40135658
6989,2025-04-01 5:11:00,26.09939147,-80.40090639
6990,2025-04-01 5:26:00,26.10182281,-80.39840336
6991,2025-04-01 5:32:00,26.09924207,-80.39896074
6992,2025-04-01 5:52:00,26.10106107,-80.39812049
6993,2025-04-01 5:59:00,26.1001265,-80.40060907
6994,2025-04-01 6:25:00,26.09953008,-80.39795583
6995,2025-04-01 6:41:00,26.10157801,-80.39827865
6996,2025-04-01 7:05:00,26.10202137,-80.40025615
6997,2025-04-01 7:30:00,26.10074031,-80.39948574
6998,2025-04-01 7:59:00,26.09920814,-80.39922903
6999,2025-04-01 8:26:00,26.12165424,-80.25297797
7000,2025-04-01 8:35:00,26.11606102,-80.26187627
7001,2025-04-01 8:40:00,26.11867119,-80.31081695
7002,2025-04-01 8:56:00,26.10562034,-80.19068983
7003,2025-04-01 9:18:00,26.12311233,-80.13860704
7004,2025-04-01 9:38:00,26.12219326,-80.13536333
7005,2025-04-01 9:52:00,26.12375783,-80.13925653
7006,2025-04-01 10:11:00,26.12284053,-80.1362781
7007,2025-04-01 10:31:00,26.1229218,-80.13761824
7008,2025-04-01 10:46:00,26.12439432,-80.13682819
7009,2025-04-01 10:54:00,26.12416845,-80.13879766
7010,2025-04-01 11:22:00,26.12075348,-80.13812897
7011,2025-04-01 11:27:00,26.12207839,-80.1390965
7012,2025-04-01 11:41:00,26.1231761,-80.13659108
7013,2025-04-01 11:46:00,26.12061397,-80.13919832
7014,2025-04-01 12:16:00,26.12175302,-80.13802858
7015,2025-04-01 12:32:00,26.12207759,-80.13873276
7016,2025-04-01 12:46:00,26.12318493,-80.13596693
7017,2025-04-01 13:00:00,26.12175052,-80.13542695
7018,2025-04-01 13:19:00,26.12260586,-80.13920535
7019,2025-04-01 13:26:00,26.12216832,-80.13902814
7020,2025-04-01 13:48:00,26.12157288,-80.13576943
7021,2025-04-01 14:11:00,26.12109755,-80.1378985
7022,2025-04-01 14:16:00,26.12360601,-80.13900884
7023,2025-04-01 14:32:00,26.12265776,-80.13869712
7024,2025-04-01 14:43:00,26.12379432,-80.13832087
7025,2025-04-01 14:54:00,26.12431933,-80.13557752
7026,2025-04-01 15:01:00,26.12411595,-80.13637899
7027,2025-04-01 15:28:00,26.12280736,-80.13530261
7028,2025-04-01 15:44:00,26.12090549,-80.13664537
7029,2025-04-01 16:02:00,26.12434158,-80.13593757
7030,2025-04-01 16:24:00,26.1236886,-80.13845298
7031,2025-04-01 16:43:00,26.12110685,-80.13634271
7032,2025-04-01 17:08:00,26.08591186,-80.24613898
7033,2025-04-01 17:30:00,26.11889153,-80.25339492
7034,2025-04-01 17:40:00,26.10415593,-80.27274407
7035,2025-04-01 17:49:00,26.10696271,-80.20744068
7036,2025-04-01 18:14:00,26.08208369,-80.27864387
7037,2025-04-01 18:26:00,26.08069442,-80.27939216
7038,2025-04-01 18:52:00,26.08165743,-80.27974422
7039,2025-04-01 19:15:00,26.08104146,-80.28152755
7040,2025-04-01 19:37:00,26.08285523,-80.28000231
7041,2025-04-01 20:00:00,25.60139136,-80.93635078
7042,2025-04-01 20:22:00,26.09903682,-80.40101994
7043,2025-04-01 20:30:00,26.1021083,-80.40030521
7044,2025-04-01 20:39:00,26.10236097,-80.39965527
7045,2025-04-01 21:05:00,26.10137848,-80.39876265
7046,2025-04-01 21:16:00,26.31502198,-80.61730902
7047,2025-04-01 21:27:00,26.10015548,-80.4010284
7048,2025-04-01 21:54:00,26.10142728,-80.40085143
7049,2025-04-01 22:16:00,26.10212938,-80.39796121
7050,2025-04-01 22:38:00,26.1021989,-80.39890734
7051,2025-04-01 22:47:00,26.10127422,-80.40081121
7052,2025-04-01 22:53:00,26.09889891,-80.3996973
7053,2025-04-01 23:01:00,26.10045584,-80.39962828
7054,2025-04-01 23:17:00,26.09971382,-80.40064881
7055,2025-04-01 23:29:00,26.10087772,-80.39915229
7056,2025-04-01 23:48:00,26.10093528,-80.400757
7057,2025-04-02 0:02:00,26.09917728,-80.40060032
7058,2025-04-02 0:29:00,26.10014207,-80.39808611
7059,2025-04-02 0:34:00,26.1005991,-80.39944963
7060,2025-04-02 0:54:00,26.10192201,-80.39929957
7061,2025-04-02 1:06:00,26.10147113,-80.39947648
7062,2025-04-02 1:11:00,26.10125937,-80.39805319
7063,2025-04-02 1:22:00,26.09913117,-80.39809928
7064,2025-04-02 1:33:00,26.10030956,-80.40021288
7065,2025-04-02 1:39:00,26.09927408,-80.39806073
7066,2025-04-02 2:09:00,26.10106163,-80.39838454
7067,2025-04-02 2:21:00,26.10037433,-80.39910303
7068,2025-04-02 2:44:00,26.09844848,-80.39972776
7069,2025-04-02 3:06:00,26.10069492,-80.39915342
7070,2025-04-02 3:20:00,26.10050054,-80.39835213
7071,2025-04-02 3:31:00,26.09845724,-80.40002298
7072,2025-04-02 3:58:00,26.09938414,-80.39976925
7073,2025-04-02 4:11:00,26.09881823,-80.39990168
7074,2025-04-02 4:31:00,26.10012398,-80.39879089
7075,2025-04-02 4:43:00,26.10030418,-80.40081722
7076,2025-04-02 4:55:00,26.10065263,-80.40033788
7077,2025-04-02 5:09:00,26.13224805,-79.47726303
7078,2025-04-02 5:23:00,26.0991249,-80.40053622
7079,2025-04-02 5:35:00,26.10018101,-80.40037649
7080,2025-04-02 5:41:00,26.09847941,-80.39804584
7081,2025-04-02 5:53:00,26.09919275,-80.39894038
7082,2025-04-02 5:58:00,26.10112719,-80.39873597
7083,2025-04-02 6:26:00,26.09935698,-80.40024726
7084,2025-04-02 6:35:00,26.0991127,-80.40094866
7085,2025-04-02 6:54:00,26.09902986,-80.40144301
7086,2025-04-02 7:21:00,26.10099027,-80.39880446
7087,2025-04-02 7:42:00,26.10233987,-80.4003883
7088,2025-04-02 8:01:00,26.10562034,-80.23518136
7089,2025-04-02 8:26:00,26.11606102,-80.31081695
7090,2025-04-02 8:55:00,26.10338305,-80.37310508
7091,2025-04-02 9:15:00,26.12415339,-80.13549974
7092,2025-04-02 9:34:00,26.12113515,-80.13738789
7093,2025-04-02 9:48:00,26.12091289,-80.13889816
7094,2025-04-02 10:02:00,26.1216332,-80.13682188
7095,2025-04-02 10:24:00,26.12326578,-80.13785426
7096,2025-04-02 10:54:00,26.12288617,-80.13735532
7097,2025-04-02 11:06:00,26.12348401,-80.13723277
7098,2025-04-02 11:33:00,26.12061575,-80.13672651
7099,2025-04-02 11:53:00,26.12055921,-80.13717314
7100,2025-04-02 12:09:00,26.12166393,-80.13616328
7101,2025-04-02 12:15:00,26.12279115,-80.13541039
7102,2025-04-02 12:43:00,26.12344602,-80.13905724
7103,2025-04-02 12:54:00,26.12424802,-80.13810654
7104,2025-04-02 13:08:00,26.12170405,-80.13542717
7105,2025-04-02 13:37:00,26.12348358,-80.13649487
7106,2025-04-02 14:04:00,26.12129116,-80.13681766
7107,2025-04-02 14:24:00,26.12202495,-80.13605701
7108,2025-04-02 14:48:00,26.12118544,-80.13543773
7109,2025-04-02 15:00:00,26.1221185,-80.13748013
7110,2025-04-02 15:29:00,26.12135267,-80.13574035
7111,2025-04-02 15:55:00,26.1208567,-80.13855915
7112,2025-04-02 16:05:00,26.12253457,-80.13888357
7113,2025-04-02 16:17:00,26.12110922,-80.13755291
7114,2025-04-02 16:28:00,26.12101575,-80.13616989
7115,2025-04-02 16:40:00,26.12138092,-80.13538385
7116,2025-04-02 17:01:00,26.11959322,-80.25581356
7117,2025-04-02 17:15:00,26.10555932,-80.15664915
7118,2025-04-02 17:42:00,26.1083661,-80.20502203
7119,2025-04-02 17:50:00,26.11959322,-80.19534746
7120,2025-04-02 18:06:00,26.07949623,-80.27815288
7121,2025-04-02 18:29:00,26.08187388,-80.27993952
7122,2025-04-02 18:50:00,26.07953831,-80.27838732
7123,2025-04-02 19:13:00,26.08299449,-80.27879142
7124,2025-04-02 19:35:00,26.08135418,-80.28163919
7125,2025-04-02 20:04:00,26.10082657,-80.39891599
7126,2025-04-02 20:10:00,26.09876815,-80.40087477
7127,2025-04-02 20:24:00,26.1018386,-80.39795516
7128,2025-04-02 20:48:00,26.0985063,-80.39883859
7129,2025-04-02 21:01:00,26.10002653,-80.39856391
7130,2025-04-02 21:28:00,26.09956352,-80.40049211
7131,2025-04-02 21:55:00,26.09941999,-80.39809083
7132,2025-04-02 22:12:00,26.09955876,-80.39861149
7133,2025-04-02 22:41:00,26.10005649,-80.39809651
7134,2025-04-02 22:54:00,26.10217287,-80.40013371
7135,2025-04-02 23:16:00,26.10201064,-80.40128613
7136,2025-04-02 23:41:00,26.10012559,-80.39974058
7137,2025-04-03 0:08:00,26.10149679,-80.39890801
7138,2025-04-03 0:26:00,26.10112748,-80.39868916
7139,2025-04-03 0:51:00,26.10034807,-80.40038483
7140,2025-04-03 0:56:00,26.10232397,-80.39828142
7141,2025-04-03 1:10:00,26.10141823,-80.40141934
7142,2025-04-03 1:31:00,26.10002138,-80.39896343
7143,2025-04-03 2:01:00,26.10086599,-80.40052486
7144,2025-04-03 2:26:00,26.1001993,-80.40152132
7145,2025-04-03 2:55:00,26.09966935,-80.39968109
7146,2025-04-03 3:07:00,26.10112562,-80.40082437
7147,2025-04-03 3:23:00,26.09857867,-80.39847449
7148,2025-04-03 3:39:00,26.09936085,-80.40106404
7149,2025-04-03 3:59:00,26.09871482,-80.40161032
7150,2025-04-03 4:23:00,26.09896403,-80.39911527
7151,2025-04-03 4:47:00,26.10136709,-80.40170695
7152,2025-04-03 4:57:00,26.10122736,-80.39797292
7153,2025-04-03 5:19:00,26.09887149,-80.4013201
7154,2025-04-03 5:47:00,26.09999451,-80.39944815
7155,2025-04-03 6:03:00,26.10068964,-80.4011471
7156,2025-04-03 6:25:00,26.10114075,-80.39899914
7157,2025-04-03 6:40:00,26.09941183,-80.39821263
7158,2025-04-03 6:57:00,26.10089912,-80.40173699
7159,2025-04-03 7:24:00,26.10043631,-80.39820605
7160,2025-04-03 7:49:00,26.09910246,-80.39847861
7161,2025-04-03 8:11:00,26.11531525,-80.28857119
7162,2025-04-03 8:36:00,26.11531525,-80.29302034
7163,2025-04-03 9:06:00,26.1242882,-80.13747937
7164,2025-04-03 9:33:00,26.12367511,-80.13919714
7165,2025-04-03 9:54:00,26.1225533,-80.13865847
7166,2025-04-03 10:04:00,26.12418729,-80.13827858
7167,2025-04-03 10:11:00,26.12393416,-80.13610554
7168,2025-04-03 10:41:00,26.12125092,-80.13811184
7169,2025-04-03 10:57:00,26.12296061,-80.13929634
7170,2025-04-03 11:07:00,26.12249721,-80.13572458
7171,2025-04-03 11:28:00,26.12341575,-80.13572652
7172,2025-04-03 11:34:00,26.12327655,-80.13604034
7173,2025-04-03 11:56:00,26.12235464,-80.13784483
7174,2025-04-03 12:07:00,26.12212148,-80.1369123
7175,2025-04-03 12:13:00,26.12097384,-80.13921269
7176,2025-04-03 12:25:00,26.12175713,-80.13727897
7177,2025-04-03 12:33:00,26.12204139,-80.13737792
7178,2025-04-03 12:42:00,26.12041965,-80.1375216
7179,2025-04-03 13:05:00,26.12054745,-80.13703811
7180,2025-04-03 13:14:00,26.12397464,-80.1374318
7181,2025-04-03 13:33:00,26.12249882,-80.13839282
7182,2025-04-03 13:47:00,26.12356107,-80.13893626
7183,2025-04-03 13:56:00,26.12322973,-80.13720771
7184,2025-04-03 14:05:00,26.12178825,-80.13824532
7185,2025-04-03 14:28:00,26.65437393,-80.75214132
7186,2025-04-03 14:58:00,25.52132017,-79.99093217
7187,2025-04-03 15:18:00,26.12040593,-80.13860526
7188,2025-04-03 15:46:00,26.1242603,-80.13648484
7189,2025-04-03 16:01:00,26.1236417,-80.13904732
7190,2025-04-03 16:21:00,26.12168142,-80.13694622
7191,2025-04-03 16:30:00,25.92106869,-80.66056028
7192,2025-04-03 16:45:00,26.12332015,-80.13789105
7193,2025-04-03 17:09:00,26.11538305,-80.1373
7194,2025-04-03 17:24:00,26.08871864,-80.19051017
7195,2025-04-03 17:46:00,26.11257627,-80.18325424
7196,2025-04-03 18:01:00,26.08135827,-80.27849954
7197,2025-04-03 18:25:00,26.08087701,-80.28037332
7198,2025-04-03 18:36:00,26.0792075,-80.28002418
7199,2025-04-03 18:54:00,26.08283899,-80.27997239
7200,2025-04-03 19:06:00,26.08164614,-80.28125655
7201,2025-04-03 19:15:00,26.08104912,-80.28039072
7202,2025-04-03 19:35:00,26.08206987,-80.2794018
7203,2025-04-03 20:02:00,26.10054654,-80.3996492
7204,2025-04-03 20:31:00,26.10155077,-80.39856826
7205,2025-04-03 20:50:00,26.09914381,-80.40134651
7206,2025-04-03 21:14:00,26.10074832,-80.39782344
7207,2025-04-03 21:19:00,26.09998118,-80.3995003
7208,2025-04-03 21:49:00,26.09876725,-80.39873156
7209,2025-04-03 21:55:00,26.10000224,-80.40179019
7210,2025-04-03 22:24:00,26.10033101,-80.39798733
7211,2025-04-03 22:53:00,26.10162755,-80.40140507
7212,2025-04-03 23:05:00,26.10220781,-80.39896559
7213,2025-04-03 23:31:00,26.09871492,-80.39829896
7214,2025-04-03 23:37:00,26.09966903,-80.39922886
7215,2025-04-04 0:07:00,26.10177597,-80.39840364
7216,2025-04-04 0:19:00,26.10232101,-80.40111331
7217,2025-04-04 0:39:00,26.09960372,-80.3991047
7218,2025-04-04 0:56:00,26.10193652,-80.39815099
7219,2025-04-04 1:16:00,26.09934329,-80.39968543
7220,2025-04-04 1:32:00,26.10009177,-80.39817044
7221,2025-04-04 1:47:00,26.10191659,-80.39892434
7222,2025-04-04 2:17:00,26.09901755,-80.39935526
7223,2025-04-04 2:42:00,26.10063846,-80.40077621
7224,2025-04-04 3:12:00,26.09918269,-80.39802205
7225,2025-04-04 3:33:00,26.10235322,-80.40030839
7226,2025-04-04 3:45:00,26.10160642,-80.39995629
7227,2025-04-04 3:57:00,26.09963109,-80.40128489
7228,2025-04-04 4:21:00,26.10223913,-80.40177659
7229,2025-04-04 4:26:00,26.10061329,-80.40024617
7230,2025-04-04 4:56:00,26.10216151,-80.40089209
7231,2025-04-04 5:05:00,26.09959894,-80.40061225
7232,2025-04-04 5:25:00,26.10025797,-80.4004835
7233,2025-04-04 5:46:00,26.0985308,-80.39935302
7234,2025-04-04 6:06:00,26.10032655,-80.39991193
7235,2025-04-04 6:14:00,26.10196218,-80.40164995
7236,2025-04-04 6:33:00,26.10098899,-80.40019875
7237,2025-04-04 6:59:00,26.10120217,-80.3995169
7238,2025-04-04 7:24:00,26.10114804,-80.4014335
7239,2025-04-04 7:42:00,26.09924012,-80.39909796
7240,2025-04-04 8:07:00,26.1004,-80.23518136
7241,2025-04-04 8:20:00,26.10934915,-80.39535085
7242,2025-04-04 8:43:00,26.10338305,-80.19513898
7243,2025-04-04 8:50:00,26.10972203,-80.19513898
7244,2025-04-04 9:19:00,26.12409817,-80.13892186
7245,2025-04-04 9:35:00,26.12157745,-80.13881494
7246,2025-04-04 9:55:00,26.12346692,-80.13916948
7247,2025-04-04 10:16:00,26.12228682,-80.13662437
7248,2025-04-04 10:23:00,26.12396277,-80.13540863
7249,2025-04-04 10:53:00,26.12426647,-80.13838305
7250,2025-04-04 11:10:00,26.12368564,-80.13779138
7251,2025-04-04 11:38:00,26.12402653,-80.13531321
7252,2025-04-04 12:08:00,26.12170965,-80.13659851
7253,2025-04-04 12:32:00,26.12432843,-80.13821855
7254,2025-04-04 12:52:00,26.12248511,-80.13831398
7255,2025-04-04 13:04:00,26.12398413,-80.13673875
7256,2025-04-04 13:20:00,26.12135979,-80.13591036
7257,2025-04-04 13:37:00,26.12211105,-80.13743963
7258,2025-04-04 13:49:00,26.12112323,-80.13555134
7259,2025-04-04 14:06:00,26.12272518,-80.13754528
7260,2025-04-04 14:26:00,26.12392971,-80.1356304
7261,2025-04-04 14:52:00,26.12411077,-80.13582341
7262,2025-04-04 15:21:00,26.1218192,-80.1380252
7263,2025-04-04 15:35:00,26.1242038,-80.13914126
7264,2025-04-04 15:56:00,26.12110268,-80.13806665
7265,2025-04-04 16:09:00,26.12302375,-80.13583993
7266,2025-04-04 16:17:00,26.1239781,-80.13808669
7267,2025-04-04 16:44:00,26.12336502,-80.13582096
7268,2025-04-04 16:53:00,26.12394789,-80.13789103
7269,2025-04-04 17:15:00,26.08661356,-80.19292881
7270,2025-04-04 17:33:00,26.08871864,-80.23888305
7271,2025-04-04 17:52:00,26.08380678,-80.26790678
7272,2025-04-04 18:14:00,26.08102674,-80.27976862
7273,2025-04-04 18:43:00,26.08109415,-80.28125432
7274,2025-04-04 19:03:00,26.08135849,-80.27924809
7275,2025-04-04 19:18:00,26.08232349,-80.27963088
7276,2025-04-04 19:45:00,26.08098907,-80.27824528
7277,2025-04-04 20:01:00,26.10201774,-80.400384
7278,2025-04-04 20:25:00,25.2774468,-80.05128805
7279,2025-04-04 20:46:00,26.10078376,-80.40140116
7280,2025-04-04 21:02:00,26.09843462,-80.40028709
7281,2025-04-04 21:27:00,26.09878153,-80.39918349
7282,2025-04-04 21:48:00,26.10141742,-80.39836769
7283,2025-04-04 22:07:00,26.09922516,-80.40050642
7284,2025-04-04 22:25:00,26.09996634,-80.40081198
7285,2025-04-04 22:54:00,26.10077708,-80.39825216
7286,2025-04-04 23:19:00,26.09924646,-80.40169382
7287,2025-04-04 23:49:00,26.10175549,-80.39993594
7288,2025-04-05 0:06:00,26.1011211,-80.4008968
7289,2025-04-05 0:31:00,26.09957473,-80.39957234
7290,2025-04-05 0:56:00,26.97982001,-81.37915664
7291,2025-04-05 1:06:00,26.09925727,-80.39780298
7292,2025-04-05 1:15:00,26.10058459,-80.39961421
7293,2025-04-05 1:39:00,26.10116571,-80.40158431
7294,2025-04-05 1:53:00,26.09994305,-80.39884735
7295,2025-04-05 2:01:00,26.10015565,-80.39861957
7296,2025-04-05 2:14:00,26.09920168,-80.40101556
7297,2025-04-05 2:29:00,26.09955225,-80.40171882
7298,2025-04-05 2:59:00,26.10126071,-80.39881169
7299,2025-04-05 3:15:00,26.09878971,-80.40117164
7300,2025-04-05 3:26:00,26.09852891,-80.40055868
7301,2025-04-05 3:35:00,26.10007513,-80.39997359
7302,2025-04-05 3:40:00,26.09876046,-80.40131939
7303,2025-04-05 3:47:00,26.10128658,-80.39807971
7304,2025-04-05 4:09:00,26.10038139,-80.40031875
7305,2025-04-05 4:18:00,26.09980449,-80.40116946
7306,2025-04-05 4:30:00,26.10098372,-80.40046798
7307,2025-04-05 4:45:00,26.09858249,-80.3997964
7308,2025-04-05 4:57:00,26.10165095,-80.40008805
7309,2025-04-05 5:21:00,26.10001905,-80.39897934
7310,2025-04-05 5:29:00,26.09949323,-80.40165738
7311,2025-04-05 5:51:00,26.10056734,-80.4009915
7312,2025-04-05 5:56:00,26.09875187,-80.40014196
7313,2025-04-05 6:22:00,26.10129327,-80.39780864
7314,2025-04-05 6:33:00,26.10112991,-80.39987399
7315,2025-04-05 6:40:00,26.10091067,-80.40139275
7316,2025-04-05 6:56:00,26.09925,-80.39831131
7317,2025-04-05 7:12:00,26.10003416,-80.39910681
7318,2025-04-05 7:39:00,26.0993101,-80.40003628
7319,2025-04-05 7:48:00,26.10150759,-80.39895893
7320,2025-04-05 8:00:00,26.67035732,-80.17680138
7321,2025-04-05 8:25:00,26.10071345,-80.39888651
7322,2025-04-05 8:35:00,26.10109625,-80.40174392
7323,2025-04-05 8:52:00,26.1022611,-80.39796704
7324,2025-04-05 9:16:00,26.10138031,-80.40004839
7325,2025-04-05 9:28:00,26.10161191,-80.39995085
7326,2025-04-05 9:42:00,26.09847359,-80.40042127
7327,2025-04-05 9:53:00,26.10114554,-80.39782525
7328,2025-04-05 10:03:00,26.08271118,-80.27935685
7329,2025-04-05 10:12:00,26.08269497,-80.2809643
7330,2025-04-05 10:28:00,26.07906618,-80.27989942
7331,2025-04-05 10:41:00,26.08278643,-80.27946527
7332,2025-04-05 10:53:00,26.08125617,-80.28180365
7333,2025-04-05 11:17:00,26.07962406,-80.27928442
7334,2025-04-05 11:41:00,26.079094,-80.28018499
7335,2025-04-05 11:55:00,26.0792613,-80.27974861
7336,2025-04-05 12:12:00,26.09907049,-80.40129638
7337,2025-04-05 12:41:00,25.93313909,-80.9558381
7338,2025-04-05 13:05:00,26.09928874,-80.39907407
7339,2025-04-05 13:35:00,26.10131962,-80.40097343
7340,2025-04-05 14:02:00,26.1008084,-80.39923333
7341,2025-04-05 14:10:00,26.10016458,-80.3990234
7342,2025-04-05 14:22:00,26.09917718,-80.40120208
7343,2025-04-05 14:28:00,25.45720435,-79.91272382
7344,2025-04-05 14:54:00,26.10179185,-80.40112443
7345,2025-04-05 15:05:00,26.09933422,-80.40070838
7346,2025-04-05 15:27:00,26.09934113,-80.40118016
7347,2025-04-05 15:54:00,26.10222909,-80.39850309
7348,2025-04-05 16:21:00,26.10074146,-80.40027299
7349,2025-04-05 16:27:00,26.09931017,-80.40023719
7350,2025-04-05 16:50:00,26.10127278,-80.40018294
7351,2025-04-05 17:05:00,26.09844419,-80.39997929
7352,2025-04-05 17:24:00,26.10130013,-80.39918831
7353,2025-04-05 17:48:00,26.10122539,-80.40141775
7354,2025-04-05 18:11:00,26.09858862,-80.39850157
7355,2025-04-05 18:38:00,26.0987445,-80.40136246
7356,2025-04-05 18:46:00,26.0990384,-80.40101337
7357,2025-04-05 19:16:00,26.10116992,-80.39971016
7358,2025-04-05 19:42:00,26.09904435,-80.40021893
7359,2025-04-05 19:49:00,26.09906964,-80.3980551
7360,2025-04-05 20:13:00,26.10130743,-80.40145169
7361,2025-04-05 20:22:00,26.10016708,-80.40046207
7362,2025-04-05 20:50:00,26.10095046,-80.40039715
7363,2025-04-05 21:20:00,26.09841566,-80.40071153
7364,2025-04-05 21:41:00,26.09984962,-80.40107181
7365,2025-04-05 21:59:00,26.1022612,-80.39967005
7366,2025-04-05 22:14:00,26.10105019,-80.40004213
7367,2025-04-05 22:27:00,26.10102737,-80.39983434
7368,2025-04-05 22:34:00,26.09888629,-80.40148075
7369,2025-04-05 22:43:00,26.10109063,-80.40104447
7370,2025-04-05 23:02:00,26.1007017,-80.40113512
7371,2025-04-05 23:13:00,26.09975068,-80.3992575
7372,2025-04-05 23:29:00,26.09845266,-80.39944652
7373,2025-04-05 23:52:00,26.09919945,-80.39813493
7374,2025-04-06 0:00:00,26.10025492,-80.39863771
7375,2025-04-06 0:16:00,26.09862699,-80.40035172
7376,2025-04-06 0:44:00,26.101702,-80.40141019
7377,2025-04-06 1:04:00,26.099448,-80.39914249
7378,2025-04-06 1:32:00,26.10186311,-80.40090184
7379,2025-04-06 1:49:00,26.09869096,-80.39877039
7380,2025-04-06 2:13:00,26.09859901,-80.39998171
7381,2025-04-06 2:35:00,26.10063502,-80.401419
7382,2025-04-06 3:03:00,26.10022413,-80.40117272
7383,2025-04-06 3:22:00,26.10153941,-80.40063064
7384,2025-04-06 3:32:00,26.1007498,-80.39942315
7385,2025-04-06 3:50:00,26.10194835,-80.40042967
7386,2025-04-06 4:01:00,26.10098778,-80.39978337
7387,2025-04-06 4:22:00,26.09840072,-80.39842388
7388,2025-04-06 4:42:00,26.10038339,-80.39838688
7389,2025-04-06 4:47:00,26.09960688,-80.40162948
7390,2025-04-06 5:02:00,26.10115722,-80.39780707
7391,2025-04-06 5:11:00,26.09882144,-80.40125205
7392,2025-04-06 5:37:00,26.10195189,-80.39929353
7393,2025-04-06 6:01:00,26.09958244,-80.40078427
7394,2025-04-06 6:18:00,26.09992382,-80.40015738
7395,2025-04-06 6:30:00,26.09869679,-80.40002728
7396,2025-04-06 6:46:00,26.09917825,-80.39933664
7397,2025-04-06 6:55:00,26.10222412,-80.40001576
7398,2025-04-06 7:11:00,26.10174524,-80.40150765
7399,2025-04-06 7:29:00,26.1021245,-80.40090739
7400,2025-04-06 7:52:00,26.09938762,-80.40079845
7401,2025-04-06 8:02:00,26.10074179,-80.4002726
7402,2025-04-06 8:17:00,26.09962934,-80.39832206
7403,2025-04-06 8:41:00,26.09863929,-80.39888319
7404,2025-04-06 8:59:00,26.09960105,-80.39795679
7405,2025-04-06 9:11:00,26.10072124,-80.39876468
7406,2025-04-06 9:34:00,26.09978828,-80.40143346
7407,2025-04-06 9:45:00,26.10077886,-80.400267
7408,2025-04-06 10:02:00,26.08152491,-80.2797323
7409,2025-04-06 10:31:00,26.08282903,-80.28089146
7410,2025-04-06 10:52:00,26.08058101,-80.27908615
7411,2025-04-06 11:05:00,26.08187105,-80.28073722
7412,2025-04-06 11:22:00,26.08036855,-80.27984208
7413,2025-04-06 11:42:00,26.08044023,-80.27940382
7414,2025-04-06 12:04:00,26.10028271,-80.40122169
7415,2025-04-06 12:27:00,26.1019599,-80.39993703
7416,2025-04-06 12:52:00,26.0994504,-80.39989172
7417,2025-04-06 13:13:00,26.1014326,-80.40062766
7418,2025-04-06 13:26:00,26.09983326,-80.40098457
7419,2025-04-06 13:42:00,26.10044884,-80.39956165
7420,2025-04-06 13:59:00,26.10089196,-80.40128294
7421,2025-04-06 14:10:00,26.10131345,-80.39939998
7422,2025-04-06 14:30:00,26.09872588,-80.40145885
7423,2025-04-06 14:59:00,26.09850362,-80.40165126
7424,2025-04-06 15:19:00,26.0991825,-80.39850505
7425,2025-04-06 15:36:00,26.10088145,-80.39931329
7426,2025-04-06 15:41:00,26.09945548,-80.40061972
7427,2025-04-06 16:03:00,26.09905828,-80.39891637
7428,2025-04-06 16:26:00,26.09983415,-80.39834852
7429,2025-04-06 16:34:00,26.10160924,-80.40106753
7430,2025-04-06 16:56:00,26.10212262,-80.39821351
7431,2025-04-06 17:14:00,26.09916576,-80.40152432
7432,2025-04-06 17:19:00,26.10199798,-80.40176503
7433,2025-04-06 17:31:00,26.10231041,-80.40012439
7434,2025-04-06 17:36:00,26.09972142,-80.39896363
7435,2025-04-06 17:44:00,26.10215124,-80.39868835
7436,2025-04-06 18:09:00,26.10195937,-80.39784776
7437,2025-04-06 18:27:00,26.10064039,-80.40065244
7438,2025-04-06 18:32:00,26.10179075,-80.4011317
7439,2025-04-06 18:52:00,26.09895225,-80.39981324
7440,2025-04-06 18:58:00,26.09910126,-80.39944376
7441,2025-04-06 19:06:00,26.09950468,-80.40039568
7442,2025-04-06 19:26:00,26.09860731,-80.40001176
7443,2025-04-06 19:48:00,26.10137777,-80.39799118
7444,2025-04-06 20:04:00,26.09842325,-80.40158135
7445,2025-04-06 20:34:00,26.10153933,-80.39879752
7446,2025-04-06 20:49:00,26.1020582,-80.39983515
7447,2025-04-06 21:00:00,26.09920697,-80.39892428
7448,2025-04-06 21:15:00,26.16247461,-79.95407888
7449,2025-04-06 21:37:00,26.10120624,-80.39973347
7450,2025-04-06 21:59:00,26.09971193,-80.39946299
7451,2025-04-06 22:05:00,26.10115017,-80.40072871
7452,2025-04-06 22:26:00,26.09884771,-80.39926345
7453,2025-04-06 22:37:00,26.09866702,-80.40050479
7454,2025-04-06 23:04:00,26.09904179,-80.39915187
7455,2025-04-06 23:15:00,26.10079349,-80.40009656
7456,2025-04-06 23:22:00,26.10108597,-80.39875763
7457,2025-04-06 23:32:00,26.10022809,-80.40136595
7458,2025-04-06 23:57:00,26.10189828,-80.39808053
7459,2025-04-07 0:20:00,26.09864406,-80.39957239
7460,2025-04-07 0:46:00,26.10225805,-80.39817393
7461,2025-04-07 1:13:00,26.09941586,-80.40142723
7462,2025-04-07 1:30:00,26.10053819,-80.39853745
7463,2025-04-07 1:45:00,26.09883709,-80.4007649
7464,2025-04-07 1:53:00,26.0990095,-80.39792946
7465,2025-04-07 1:58:00,26.09874535,-80.39828151
7466,2025-04-07 2:03:00,26.10171305,-80.39938311
7467,2025-04-07 2:16:00,26.09901332,-80.39914023
7468,2025-04-07 2:33:00,26.10237491,-80.40014543
7469,2025-04-07 2:41:00,26.10135157,-80.39865375
7470,2025-04-07 2:47:00,26.09872623,-80.4013661
7471,2025-04-07 3:00:00,26.10016047,-80.40162697
7472,2025-04-07 3:09:00,26.0991023,-80.40036523
7473,2025-04-07 3:36:00,26.10136816,-80.40030896
7474,2025-04-07 4:05:00,26.10226438,-80.40046174
7475,2025-04-07 4:10:00,26.1008883,-80.39993313
7476,2025-04-07 4:34:00,26.09863876,-80.39810827
7477,2025-04-07 5:04:00,26.10123211,-80.39895067
7478,2025-04-07 5:23:00,26.10214033,-80.39812029
7479,2025-04-07 5:38:00,26.10119382,-80.39873533
7480,2025-04-07 6:01:00,26.09893284,-80.40071062
7481,2025-04-07 6:22:00,26.09906726,-80.40022252
7482,2025-04-07 6:51:00,26.10027918,-80.40143589
7483,2025-04-07 7:18:00,26.09874025,-80.39920434
7484,2025-04-07 7:30:00,26.09883137,-80.40143847
7485,2025-04-07 7:50:00,26.1001926,-80.39935659
7486,2025-04-07 8:17:00,26.10897627,-80.37755424
7487,2025-04-07 8:31:00,26.91198758,-79.39581013
7488,2025-04-07 8:40:00,26.10487458,-80.29746949
7489,2025-04-07 8:58:00,26.1123322,-80.29746949
7490,2025-04-07 9:26:00,26.12071211,-80.13776012
7491,2025-04-07 9:55:00,26.12071661,-80.13626966
7492,2025-04-07 10:24:00,26.12429617,-80.13752591
7493,2025-04-07 10:34:00,26.12067861,-80.13748577
7494,2025-04-07 10:42:00,26.12218257,-80.13542295
7495,2025-04-07 11:00:00,26.12439994,-80.13928712
7496,2025-04-07 11:28:00,26.12384512,-80.13843318
7497,2025-04-07 11:55:00,26.12272234,-80.13889529
7498,2025-04-07 12:04:00,26.12316934,-80.13808349
7499,2025-04-07 12:27:00,26.1240754,-80.13915395
7500,2025-04-07 12:43:00,26.12357509,-80.13757484
7501,2025-04-07 13:11:00,26.12425039,-80.13653135
7502,2025-04-07 13:37:00,26.12082379,-80.13648673
7503,2025-04-07 14:01:00,26.12284842,-80.1381346
7504,2025-04-07 14:31:00,26.12224248,-80.1369384
7505,2025-04-07 14:51:00,26.12068723,-80.13846373
7506,2025-04-07 15:01:00,26.12396848,-80.13743632
7507,2025-04-07 15:07:00,26.12373948,-80.13686984
7508,2025-04-07 15:14:00,26.12368416,-80.1362273
7509,2025-04-07 15:41:00,26.12227987,-80.13630569
7510,2025-04-07 16:04:00,26.12260041,-80.13615358
7511,2025-04-07 16:16:00,26.08181637,-80.32402807
7512,2025-04-07 16:23:00,26.1233313,-80.136661
7513,2025-04-07 16:46:00,26.12116256,-80.13710817
7514,2025-04-07 17:14:00,26.08661356,-80.2195339
7515,2025-04-07 17:37:00,26.09152542,-80.27758136
7516,2025-04-07 17:53:00,26.08450847,-80.20502203
7517,2025-04-07 18:09:00,26.0821747,-80.27894429
7518,2025-04-07 18:35:00,26.08011188,-80.28005397
7519,2025-04-07 18:53:00,26.08276944,-80.27872683
7520,2025-04-07 19:05:00,26.08126901,-80.27818089
7521,2025-04-07 19:15:00,26.08084151,-80.27879173
7522,2025-04-07 19:44:00,26.08223474,-80.2785758
7523,2025-04-07 19:49:00,26.08205758,-80.27951417
7524,2025-04-07 20:09:00,26.09880931,-80.39832452
7525,2025-04-07 20:21:00,26.10212736,-80.39921261
7526,2025-04-07 20:35:00,26.10037035,-80.40034616
7527,2025-04-07 21:00:00,26.10000497,-80.40033681
7528,2025-04-07 21:23:00,26.10162485,-80.40117902
7529,2025-04-07 21:44:00,26.10085555,-80.40144199
7530,2025-04-07 22:02:00,26.09952472,-80.40010457
7531,2025-04-07 22:25:00,26.10085316,-80.40021914
7532,2025-04-07 22:50:00,26.10234147,-80.40112387
7533,2025-04-07 22:55:00,26.09985132,-80.39880256
7534,2025-04-07 23:07:00,26.09966996,-80.40134038
7535,2025-04-07 23:23:00,26.09916064,-80.39967294
7536,2025-04-07 23:48:00,26.10056426,-80.40042776
7537,2025-04-08 0:00:00,26.10009145,-80.39827136
7538,2025-04-08 0:21:00,26.09846687,-80.3990862
7539,2025-04-08 0:36:00,26.10100884,-80.40167352
7540,2025-04-08 0:50:00,26.099663,-80.39812453
7541,2025-04-08 1:07:00,26.10177534,-80.39828016
7542,2025-04-08 1:22:00,26.10201062,-80.3996868
7543,2025-04-08 1:49:00,26.10005714,-80.4005969
7544,2025-04-08 2:19:00,26.09848613,-80.40039168
7545,2025-04-08 2:46:00,26.09928645,-80.39811671
7546,2025-04-08 3:00:00,26.0998951,-80.39963931
7547,2025-04-08 3:20:00,26.10219532,-80.39940506
7548,2025-04-08 3:44:00,26.10012523,-80.39965571
7549,2025-04-08 3:56:00,26.09979646,-80.39916041
7550,2025-04-08 4:03:00,26.09908394,-80.39883505
7551,2025-04-08 4:11:00,26.1001335,-80.40130793
7552,2025-04-08 4:25:00,26.09890905,-80.39888647
7553,2025-04-08 4:31:00,26.09986204,-80.39933829
7554,2025-04-08 5:01:00,26.10044614,-80.40083767
7555,2025-04-08 5:14:00,26.10150565,-80.39901036
7556,2025-04-08 5:20:00,26.1002554,-80.4015801
7557,2025-04-08 5:26:00,26.10226168,-80.40121144
7558,2025-04-08 5:38:00,26.10037799,-80.39782512
7559,2025-04-08 6:00:00,26.09975154,-80.39820236
7560,2025-04-08 6:25:00,26.09846626,-80.39902354
7561,2025-04-08 6:37:00,26.10033385,-80.39841542
7562,2025-04-08 6:43:00,26.0989132,-80.39905412
7563,2025-04-08 7:05:00,26.10113872,-80.39805
7564,2025-04-08 7:25:00,26.10133481,-80.3995942
7565,2025-04-08 7:45:00,26.09844539,-80.40103259
7566,2025-04-08 8:12:00,26.10226441,-80.27522373
7567,2025-04-08 8:26:00,26.11792542,-80.27077458
7568,2025-04-08 8:53:00,26.10487458,-80.35975763
7569,2025-04-08 9:02:00,26.12140774,-80.13600678
7570,2025-04-08 9:17:00,26.12203535,-80.13803116
7571,2025-04-08 9:23:00,26.12186357,-80.13719194
7572,2025-04-08 9:45:00,26.1227542,-80.13850545
7573,2025-04-08 9:57:00,26.12351312,-80.13910939
7574,2025-04-08 10:22:00,26.12279808,-80.13811648
7575,2025-04-08 10:33:00,26.12149688,-80.13618427
7576,2025-04-08 10:57:00,26.12134984,-80.13864984
7577,2025-04-08 11:02:00,26.12290093,-80.13535715
7578,2025-04-08 11:18:00,26.12171569,-80.13698764
7579,2025-04-08 11:34:00,26.12335761,-80.13822689
7580,2025-04-08 11:55:00,26.12307197,-80.13659847
7581,2025-04-08 12:16:00,26.12089971,-80.13702354
7582,2025-04-08 12:44:00,26.12391439,-80.13760237
7583,2025-04-08 13:04:00,26.12114056,-80.13551942
7584,2025-04-08 13:11:00,26.12248423,-80.13652731
7585,2025-04-08 13:17:00,26.12377532,-80.13870954
7586,2025-04-08 13:39:00,26.12119667,-80.138665
7587,2025-04-08 13:56:00,26.12077446,-80.13554941
7588,2025-04-08 14:17:00,26.12297432,-80.13650247
7589,2025-04-08 14:37:00,26.1227347,-80.13903189
7590,2025-04-08 15:01:00,26.12358716,-80.13630265
7591,2025-04-08 15:06:00,26.12439931,-80.13823649
7592,2025-04-08 15:27:00,26.12363883,-80.13564003
7593,2025-04-08 15:49:00,26.12156476,-80.13895197
7594,2025-04-08 15:59:00,26.12261825,-80.13645986
7595,2025-04-08 16:13:00,26.12191762,-80.13547995
7596,2025-04-08 16:20:00,26.12266352,-80.13788382
7597,2025-04-08 16:33:00,26.12108166,-80.13925067
7598,2025-04-08 16:55:00,26.12432396,-80.13547403
7599,2025-04-08 17:02:00,26.0950339,-80.18325424
7600,2025-04-08 17:15:00,26.08240339,-80.25339492
7601,2025-04-08 17:35:00,26.08170169,-80.16632373
7602,2025-04-08 17:52:00,26.10696271,-80.15664915
7603,2025-04-08 18:21:00,26.0801656,-80.28163764
7604,2025-04-08 18:39:00,26.08024727,-80.28133305
7605,2025-04-08 18:52:00,26.08267337,-80.27939696
7606,2025-04-08 19:17:00,26.0824641,-80.27957612
7607,2025-04-08 19:43:00,26.08170309,-80.28098134
7608,2025-04-08 20:00:00,26.10203038,-80.40056228
7609,2025-04-08 20:26:00,26.09990954,-80.40079115
7610,2025-04-08 20:37:00,26.100678,-80.40123512
7611,2025-04-08 21:06:00,26.10085835,-80.39904
7612,2025-04-08 21:25:00,26.10067406,-80.39863819
7613,2025-04-08 21:42:00,26.09907482,-80.40123236
7614,2025-04-08 22:03:00,26.10069576,-80.40132276
7615,2025-04-08 22:12:00,26.10095714,-80.39865787
7616,2025-04-08 22:40:00,26.10018132,-80.39854468
7617,2025-04-08 22:48:00,26.1007374,-80.39950122
7618,2025-04-08 23:17:00,26.09956749,-80.39955255
7619,2025-04-08 23:30:00,26.09861651,-80.39831415
7620,2025-04-08 23:53:00,26.10052487,-80.39963831
7621,2025-04-09 0:11:00,26.09974498,-80.39966207
7622,2025-04-09 0:16:00,26.10052651,-80.40046086
7623,2025-04-09 0:22:00,26.09877604,-80.40149997
7624,2025-04-09 0:36:00,26.09927938,-80.40075843
7625,2025-04-09 0:45:00,26.10018647,-80.3982181
7626,2025-04-09 1:13:00,26.09898988,-80.39949875
7627,2025-04-09 1:20:00,26.09999787,-80.39847885
7628,2025-04-09 1:33:00,26.10158364,-80.40055748
7629,2025-04-09 1:47:00,26.10016334,-80.40027656
7630,2025-04-09 1:53:00,26.09908064,-80.39876658
7631,2025-04-09 2:12:00,26.10194831,-80.39927163
7632,2025-04-09 2:20:00,26.10110502,-80.39891852
7633,2025-04-09 2:28:00,26.10007027,-80.40036643
7634,2025-04-09 2:54:00,26.09930452,-80.40115308
7635,2025-04-09 3:02:00,26.09998878,-80.40026162
7636,2025-04-09 3:19:00,26.10041284,-80.39787915
7637,2025-04-09 3:32:00,26.09865281,-80.39987487
7638,2025-04-09 4:00:00,26.09862019,-80.39869974
7639,2025-04-09 4:13:00,26.10076195,-80.4014419
7640,2025-04-09 4:23:00,26.09894931,-80.39897034
7641,2025-04-09 4:28:00,26.10184079,-80.40079867
7642,2025-04-09 4:35:00,26.09877476,-80.39948896
7643,2025-04-09 5:04:00,26.09942877,-80.40064488
7644,2025-04-09 5:25:00,26.09848933,-80.40163199
7645,2025-04-09 5:44:00,26.09873246,-80.40108117
7646,2025-04-09 6:04:00,26.10057303,-80.39962818
7647,2025-04-09 6:29:00,26.10235354,-80.39790751
7648,2025-04-09 6:36:00,26.1006419,-80.39871979
7649,2025-04-09 6:54:00,26.10036863,-80.40067665
7650,2025-04-09 7:10:00,26.09948479,-80.3983636
7651,2025-04-09 7:40:00,26.10017278,-80.40139273
7652,2025-04-09 7:48:00,26.09929727,-80.39856913
7653,2025-04-09 8:16:00,26.10785763,-80.29302034
7654,2025-04-09 8:31:00,26.11158644,-80.38645254
7655,2025-04-09 8:51:00,26.11606102,-80.20403729
7656,2025-04-09 9:14:00,26.12375911,-80.13919975
7657,2025-04-09 9:20:00,26.12277531,-80.13798876
7658,2025-04-09 9:25:00,26.12282771,-80.13695991
7659,2025-04-09 9:42:00,26.12202089,-80.13655785
7660,2025-04-09 10:04:00,26.12313414,-80.13735672
7661,2025-04-09 10:20:00,26.12118558,-80.13707883
7662,2025-04-09 10:31:00,26.12388781,-80.13576062
7663,2025-04-09 10:39:00,26.82542118,-80.37610746
7664,2025-04-09 10:52:00,26.12301312,-80.1366996
7665,2025-04-09 11:20:00,26.12373299,-80.13619989
7666,2025-04-09 11:42:00,26.12364642,-80.13862518
7667,2025-04-09 11:54:00,26.12129248,-80.13872001
7668,2025-04-09 12:03:00,26.12149085,-80.13539356
7669,2025-04-09 12:20:00,26.12103637,-80.1384455
7670,2025-04-09 12:39:00,26.12385334,-80.13790969
7671,2025-04-09 13:09:00,26.12079478,-80.1392047
7672,2025-04-09 13:37:00,26.12062338,-80.13770046
7673,2025-04-09 14:07:00,26.12186014,-80.13535836
7674,2025-04-09 14:25:00,26.1239133,-80.13910945
7675,2025-04-09 14:35:00,26.12402404,-80.13566526
7676,2025-04-09 14:52:00,26.12088758,-80.13885881
7677,2025-04-09 15:07:00,26.12335963,-80.13761801
7678,2025-04-09 15:16:00,26.12097902,-80.13735266
7679,2025-04-09 15:32:00,26.1228057,-80.13598326
7680,2025-04-09 15:45:00,26.12410806,-80.13714282
7681,2025-04-09 16:07:00,26.12274772,-80.13698499
7682,2025-04-09 16:24:00,26.12048731,-80.13666553
7683,2025-04-09 16:46:00,26.12224985,-80.13630023
7684,2025-04-09 17:02:00,26.08240339,-80.20744068
7685,2025-04-09 17:16:00,26.11187458,-80.14455593
7686,2025-04-09 17:21:00,26.09222712,-80.19292881
7687,2025-04-09 17:46:00,26.09994576,-80.15181186
7688,2025-04-09 18:04:00,26.07910737,-80.28085554
7689,2025-04-09 18:31:00,26.08199601,-80.28152192
7690,2025-04-09 18:51:00,26.07991961,-80.27999624
7691,2025-04-09 19:18:00,26.07947878,-80.28155521
7692,2025-04-09 19:36:00,26.08102266,-80.27826341
7693,2025-04-09 19:42:00,26.0806067,-80.28014037
7694,2025-04-09 20:00:00,26.09944267,-80.39785698
7695,2025-04-09 20:28:00,26.10075927,-80.39983285
7696,2025-04-09 20:52:00,26.09892931,-80.39945439
7697,2025-04-09 20:58:00,26.0989764,-80.3980964
7698,2025-04-09 21:26:00,26.10095855,-80.4003776
7699,2025-04-09 21:42:00,26.10109591,-80.39786364
7700,2025-04-09 22:02:00,26.1023421,-80.40091989
7701,2025-04-09 22:10:00,26.10151558,-80.40122382
7702,2025-04-09 22:29:00,26.10013622,-80.39865558
7703,2025-04-09 22:41:00,26.10225965,-80.39976362
7704,2025-04-09 23:09:00,26.09978368,-80.39991619
7705,2025-04-09 23:17:00,26.10228931,-80.39828537
7706,2025-04-09 23:43:00,26.10035872,-80.39911814
7707,2025-04-10 0:11:00,26.10032767,-80.40085338
7708,2025-04-10 0:23:00,26.10160167,-80.40089115
7709,2025-04-10 0:30:00,26.09955904,-80.39801704
7710,2025-04-10 0:49:00,26.09949939,-80.40144788
7711,2025-04-10 1:19:00,26.09918842,-80.40041743
7712,2025-04-10 1:45:00,26.09993579,-80.40024719
7713,2025-04-10 1:57:00,26.10163604,-80.39845686
7714,2025-04-10 2:13:00,26.10004379,-80.39892521
7715,2025-04-10 2:36:00,26.10051699,-80.4004802
7716,2025-04-10 2:52:00,26.10230782,-80.40058587
7717,2025-04-10 3:05:00,26.09869925,-80.39910281
7718,2025-04-10 3:21:00,25.54627358,-79.95116887
7719,2025-04-10 3:42:00,26.10074982,-80.39854774
7720,2025-04-10 3:59:00,26.1016555,-80.40179642
7721,2025-04-10 4:26:00,26.09936318,-80.40020326
7722,2025-04-10 4:31:00,26.10167615,-80.40160311
7723,2025-04-10 4:55:00,26.09859688,-80.40118567
7724,2025-04-10 5:01:00,26.10221819,-80.40114353
7725,2025-04-10 5:24:00,26.10229969,-80.40144165
7726,2025-04-10 5:47:00,26.09949135,-80.39868712
7727,2025-04-10 6:07:00,26.09955885,-80.39812239
7728,2025-04-10 6:13:00,26.09856659,-80.40124244
7729,2025-04-10 6:32:00,26.10061345,-80.40166773
7730,2025-04-10 6:59:00,26.09953794,-80.40127171
7731,2025-04-10 7:13:00,26.10076442,-80.40071981
7732,2025-04-10 7:28:00,26.09852351,-80.40019786
7733,2025-04-10 7:41:00,26.09979923,-80.40044948
7734,2025-04-10 8:02:00,26.10189153,-80.16399492
7735,2025-04-10 8:27:00,26.10599322,-80.21293559
7736,2025-04-10 8:50:00,26.1104678,-80.22628305
7737,2025-04-10 9:18:00,26.12170101,-80.13650079
7738,2025-04-10 9:46:00,26.12101943,-80.13555663
7739,2025-04-10 10:15:00,26.12245823,-80.13748369
7740,2025-04-10 10:26:00,26.12402657,-80.13718101
7741,2025-04-10 10:55:00,26.1232816,-80.13705076
7742,2025-04-10 11:25:00,26.12154245,-80.13915895
7743,2025-04-10 11:53:00,26.12364929,-80.13897567
7744,2025-04-10 12:13:00,26.12299655,-80.13855554
7745,2025-04-10 12:18:00,26.12243193,-80.13581985
7746,2025-04-10 12:48:00,26.12045635,-80.13800981
7747,2025-04-10 12:55:00,26.12230739,-80.13891395
7748,2025-04-10 13:22:00,26.1239867,-80.13850444
7749,2025-04-10 13:36:00,26.12233774,-80.13601511
7750,2025-04-10 13:53:00,26.12284743,-80.13612186
7751,2025-04-10 14:12:00,26.12057731,-80.13848155
7752,2025-04-10 14:27:00,26.12280025,-80.13662931
7753,2025-04-10 14:35:00,26.12428768,-80.13707605
7754,2025-04-10 15:05:00,26.1239797,-80.1377588
7755,2025-04-10 15:21:00,26.12381207,-80.13646688
7756,2025-04-10 15:47:00,26.12077408,-80.13733354
7757,2025-04-10 16:05:00,26.12135735,-80.13632792
7758,2025-04-10 16:23:00,26.12291399,-80.13670172
7759,2025-04-10 16:32:00,26.1215398,-80.13603794
7760,2025-04-10 16:52:00,26.12060313,-80.13843521
7761,2025-04-10 16:58:00,26.12229676,-80.13735214
7762,2025-04-10 17:09:00,26.11818983,-80.24372034
7763,2025-04-10 17:28:00,26.11748814,-80.18083559
7764,2025-04-10 17:44:00,26.09994576,-80.24372034
7765,2025-04-10 18:03:00,26.07988898,-80.28021703
7766,2025-04-10 18:26:00,26.08043024,-80.27934414
7767,2025-04-10 18:45:00,26.08075126,-80.27878066
7768,2025-04-10 18:57:00,26.0804001,-80.28159076
7769,2025-04-10 19:08:00,26.08238134,-80.27849809
7770,2025-04-10 19:38:00,26.08055673,-80.2803225
7771,2025-04-10 19:48:00,26.08252231,-80.28030008
7772,2025-04-10 20:11:00,26.10127594,-80.40015267
7773,2025-04-10 20:16:00,26.10049556,-80.39896021
7774,2025-04-10 20:30:00,26.09963357,-80.39839831
7775,2025-04-10 20:41:00,26.10095605,-80.39810058
7776,2025-04-10 20:47:00,26.09968469,-80.40001399
7777,2025-04-10 21:03:00,26.09881309,-80.3987143
7778,2025-04-10 21:09:00,26.09863772,-80.40009252
7779,2025-04-10 21:33:00,26.09904223,-80.39826728
7780,2025-04-10 21:59:00,26.09866929,-80.39947679
7781,2025-04-10 22:20:00,26.09988119,-80.39955316
7782,2025-04-10 22:48:00,26.10160417,-80.39993988
7783,2025-04-10 23:16:00,26.09898399,-80.40031298
7784,2025-04-10 23:25:00,26.10110871,-80.39784453
7785,2025-04-10 23:54:00,26.09857131,-80.39915056
7786,2025-04-11 0:19:00,26.100763,-80.40067713
7787,2025-04-11 0:26:00,26.10090742,-80.40122917
7788,2025-04-11 0:50:00,26.10035645,-80.39877843
7789,2025-04-11 1:00:00,26.09996354,-80.40122174
7790,2025-04-11 1:11:00,26.09871506,-80.39987307
7791,2025-04-11 1:17:00,26.10150706,-80.40085179
7792,2025-04-11 1:39:00,26.10008018,-80.39839887
7793,2025-04-11 1:46:00,26.10087921,-80.40100372
7794,2025-04-11 2:12:00,26.09887928,-80.3980933
7795,2025-04-11 2:22:00,26.10185689,-80.40096353
7796,2025-04-11 2:47:00,26.09890294,-80.39784685
7797,2025-04-11 3:03:00,26.10034911,-80.40172787
7798,2025-04-11 3:10:00,26.10035042,-80.39886747
7799,2025-04-11 3:27:00,26.09864302,-80.40122447
7800,2025-04-11 3:42:00,26.10196518,-80.40121901
7801,2025-04-11 4:12:00,26.10061878,-80.40178485
7802,2025-04-11 4:31:00,26.10013711,-80.39887562
7803,2025-04-11 4:52:00,26.10000789,-80.39839529
7804,2025-04-11 5:14:00,26.10132379,-80.39782094
7805,2025-04-11 5:25:00,26.09983874,-80.39979879
7806,2025-04-11 5:32:00,26.09948878,-80.39966935
7807,2025-04-11 5:41:00,26.10061462,-80.3988992
7808,2025-04-11 5:47:00,26.10177818,-80.39938725
7809,2025-04-11 6:00:00,26.10064091,-80.39931857
7810,2025-04-11 6:08:00,26.10202053,-80.40031292
7811,2025-04-11 6:20:00,26.09976561,-80.39908356
7812,2025-04-11 6:25:00,26.09934027,-80.40113686
7813,2025-04-11 6:51:00,26.10002444,-80.39833925
7814,2025-04-11 7:09:00,26.10092535,-80.39803289
7815,2025-04-11 7:37:00,26.09885921,-80.3992127
7816,2025-04-11 7:55:00,26.1016317,-80.40073541
7817,2025-04-11 8:13:00,26.10972203,-80.34641017
7818,2025-04-11 8:35:00,26.12202712,-80.29302034
7819,2025-04-11 8:48:00,26.10114576,-80.25742712
7820,2025-04-11 8:54:00,26.12128136,-80.1373
7821,2025-04-11 9:11:00,26.12164876,-80.13711744
7822,2025-04-11 9:38:00,26.12155994,-80.13540107
7823,2025-04-11 10:01:00,26.12396728,-80.13729482
7824,2025-04-11 10:20:00,26.12079442,-80.1360574
7825,2025-04-11 10:26:00,26.12339038,-80.13725892
7826,2025-04-11 10:41:00,26.12265652,-80.13618919
7827,2025-04-11 11:08:00,26.12337057,-80.13637299
7828,2025-04-11 11:28:00,26.12373315,-80.13656763
7829,2025-04-11 11:51:00,26.12088362,-80.13667988
7830,2025-04-11 11:59:00,26.12242107,-80.13852999
7831,2025-04-11 12:17:00,26.12368831,-80.13805303
7832,2025-04-11 12:43:00,26.12181955,-80.13920681
7833,2025-04-11 13:13:00,26.12057923,-80.13620338
7834,2025-04-11 13:28:00,26.12243712,-80.1384786
7835,2025-04-11 13:40:00,26.12303407,-80.13728043
7836,2025-04-11 13:57:00,26.12425964,-80.13783314
7837,2025-04-11 14:09:00,26.1241894,-80.13821239
7838,2025-04-11 14:26:00,26.12344923,-80.13734527
7839,2025-04-11 14:35:00,26.12375448,-80.1356854
7840,2025-04-11 14:47:00,26.12232551,-80.13904794
7841,2025-04-11 14:53:00,26.12198079,-80.13696609
7842,2025-04-11 15:23:00,26.12066786,-80.13797288
7843,2025-04-11 15:36:00,26.12260026,-80.13773255
7844,2025-04-11 15:44:00,26.12137907,-80.13663615
7845,2025-04-11 16:10:00,26.12070171,-80.13619202
7846,2025-04-11 16:18:00,26.12156944,-80.13566674
7847,2025-04-11 16:28:00,26.12042897,-80.13593799
7848,2025-04-11 16:36:00,26.12204056,-80.13847077
7849,2025-04-11 16:50:00,26.12351885,-80.13825495
7850,2025-04-11 17:01:00,26.11187458,-80.18083559
7851,2025-04-11 17:26:00,26.11047119,-80.19292881
7852,2025-04-11 17:55:00,26.1090678,-80.15423051
7853,2025-04-11 18:02:00,26.08116459,-80.28078273
7854,2025-04-11 18:07:00,26.07990179,-80.28142863
7855,2025-04-11 18:32:00,26.0807329,-80.28127635
7856,2025-04-11 18:45:00,26.07993504,-80.28170853
7857,2025-04-11 19:01:00,26.08221576,-80.27987392
7858,2025-04-11 19:09:00,26.07946194,-80.27843495
7859,2025-04-11 19:38:00,25.21852594,-80.15763316
7860,2025-04-11 19:48:00,26.08017578,-80.27982531
7861,2025-04-11 20:08:00,26.09858045,-80.40005041
7862,2025-04-11 20:32:00,26.10227263,-80.3985307
7863,2025-04-11 20:41:00,26.10100934,-80.39988122
7864,2025-04-11 20:55:00,26.09883804,-80.39984579
7865,2025-04-11 21:20:00,26.10168486,-80.40026415
7866,2025-04-11 21:42:00,26.10080062,-80.40168202
7867,2025-04-11 21:47:00,26.10182578,-80.39896492
7868,2025-04-11 21:55:00,26.1013649,-80.39942474
7869,2025-04-11 22:05:00,26.10076605,-80.39951666
7870,2025-04-11 22:21:00,26.10070169,-80.39797666
7871,2025-04-11 22:45:00,26.1004436,-80.39806701
7872,2025-04-11 23:10:00,26.10212717,-80.39997311
7873,2025-04-11 23:21:00,26.0993489,-80.39805587
7874,2025-04-11 23:51:00,26.10232406,-80.39843673
7875,2025-04-12 0:16:00,26.10219273,-80.40037571
7876,2025-04-12 0:29:00,26.09958197,-80.4016568
7877,2025-04-12 0:42:00,26.10220811,-80.39937747
7878,2025-04-12 0:48:00,26.102338,-80.40133219
7879,2025-04-12 1:06:00,26.0985885,-80.40068721
7880,2025-04-12 1:34:00,26.10145877,-80.40076758
7881,2025-04-12 1:59:00,26.1009468,-80.40132004
7882,2025-04-12 2:28:00,26.10176541,-80.39855256
7883,2025-04-12 2:46:00,25.17554058,-80.03863335
7884,2025-04-12 3:10:00,26.10130336,-80.3985763
7885,2025-04-12 3:19:00,26.10071386,-80.40158954
7886,2025-04-12 3:45:00,26.10091916,-80.39994458
7887,2025-04-12 4:10:00,26.10110798,-80.39850369
7888,2025-04-12 4:25:00,26.10237892,-80.40007384
7889,2025-04-12 4:52:00,26.10051505,-80.39921009
7890,2025-04-12 5:19:00,26.09906743,-80.40111081
7891,2025-04-12 5:28:00,26.10153181,-80.40172516
7892,2025-04-12 5:56:00,26.10076178,-80.40025933
7893,2025-04-12 6:21:00,26.09900723,-80.39813327
7894,2025-04-12 6:47:00,26.10112057,-80.40140316
7895,2025-04-12 7:01:00,26.10226458,-80.39985999
7896,2025-04-12 7:13:00,26.09901818,-80.39941057
7897,2025-04-12 7:33:00,26.09960062,-80.39825162
7898,2025-04-12 7:54:00,26.1017171,-80.40005654
7899,2025-04-12 8:06:00,26.10079822,-80.39917532
7900,2025-04-12 8:14:00,26.09875792,-80.40015597
7901,2025-04-12 8:40:00,26.10065428,-80.39955113
7902,2025-04-12 9:08:00,26.1018864,-80.39916992
7903,2025-04-12 9:30:00,26.09907248,-80.39911459
7904,2025-04-12 9:44:00,26.10037946,-80.39950334
7905,2025-04-12 10:04:00,26.08129671,-80.27860528
7906,2025-04-12 10:28:00,26.08022022,-80.2781037
7907,2025-04-12 10:34:00,26.08173957,-80.28058639
7908,2025-04-12 10:48:00,26.07955,-80.28041625
7909,2025-04-12 11:09:00,26.08011626,-80.28062082
7910,2025-04-12 11:14:00,26.08074663,-80.27996205
7911,2025-04-12 11:27:00,26.08293247,-80.27981687
7912,2025-04-12 11:39:00,26.08119647,-80.28035662
7913,2025-04-12 12:09:00,26.10109712,-80.39794685
7914,2025-04-12 12:29:00,26.10053676,-80.39958752
7915,2025-04-12 12:34:00,26.10225616,-80.4005565
7916,2025-04-12 12:58:00,26.09992192,-80.40032619
7917,2025-04-12 13:05:00,26.09931174,-80.39869807
7918,2025-04-12 13:27:00,26.10160438,-80.39954122
7919,2025-04-12 13:42:00,26.10195067,-80.39832438
7920,2025-04-12 14:09:00,26.10027005,-80.39811636
7921,2025-04-12 14:35:00,26.10225128,-80.40139812
7922,2025-04-12 14:56:00,26.1018665,-80.40066454
7923,2025-04-12 15:02:00,26.09962859,-80.3986309
7924,2025-04-12 15:08:00,26.10144509,-80.40047329
7925,2025-04-12 15:17:00,26.10011255,-80.39790806
7926,2025-04-12 15:34:00,26.10020748,-80.40105781
7927,2025-04-12 15:59:00,26.09845946,-80.39942783
7928,2025-04-12 16:27:00,26.10197154,-80.39965214
7929,2025-04-12 16:41:00,26.10059791,-80.40091249
7930,2025-04-12 17:00:00,26.10085362,-80.40020278
7931,2025-04-12 17:12:00,26.09969533,-80.40053526
7932,2025-04-12 17:28:00,26.09937669,-80.40131181
7933,2025-04-12 17:48:00,26.10196922,-80.40026684
7934,2025-04-12 17:57:00,26.10238705,-80.39860811
7935,2025-04-12 18:03:00,26.10128078,-80.39965837
7936,2025-04-12 18:31:00,26.10078759,-80.39851541
7937,2025-04-12 18:39:00,26.09906081,-80.40021578
7938,2025-04-12 19:08:00,26.09969547,-80.39789069
7939,2025-04-12 19:24:00,26.0990945,-80.39786631
7940,2025-04-12 19:42:00,26.09862424,-80.39936239
7941,2025-04-12 19:56:00,26.10023818,-80.40148694
7942,2025-04-12 20:08:00,26.09957914,-80.40055828
7943,2025-04-12 20:20:00,26.10113794,-80.39826954
7944,2025-04-12 20:46:00,26.09996773,-80.39961605
7945,2025-04-12 21:13:00,26.09847456,-80.39827751
7946,2025-04-12 21:18:00,26.10207251,-80.39849877
7947,2025-04-12 21:35:00,26.10010409,-80.39951991
7948,2025-04-12 21:54:00,26.10203607,-80.39947092
7949,2025-04-12 22:23:00,26.09983814,-80.39835722
7950,2025-04-12 22:32:00,26.09998095,-80.39956039
7951,2025-04-12 22:51:00,26.09927469,-80.39874024
7952,2025-04-12 23:05:00,26.09981035,-80.40159093
7953,2025-04-12 23:19:00,26.10165774,-80.39811561
7954,2025-04-12 23:48:00,26.10215174,-80.39805721
7955,2025-04-13 0:00:00,26.10017636,-80.39895378
7956,2025-04-13 0:11:00,26.09917887,-80.39895518
7957,2025-04-13 0:34:00,26.10204313,-80.39930738
7958,2025-04-13 0:51:00,26.0992931,-80.40056569
7959,2025-04-13 1:03:00,26.10058801,-80.40109446
7960,2025-04-13 1:32:00,26.1006175,-80.39846055
7961,2025-04-13 1:49:00,26.10130455,-80.40077975
7962,2025-04-13 2:08:00,26.10231887,-80.40040133
7963,2025-04-13 2:20:00,26.10101191,-80.39915463
7964,2025-04-13 2:33:00,26.10232447,-80.40156533
7965,2025-04-13 2:53:00,26.1011337,-80.40104783
7966,2025-04-13 3:02:00,26.09853369,-80.39795111
7967,2025-04-13 3:28:00,26.10006897,-80.40044878
7968,2025-04-13 3:53:00,26.09952223,-80.40038557
7969,2025-04-13 4:10:00,26.10078024,-80.40055424
7970,2025-04-13 4:21:00,26.10155205,-80.40103212
7971,2025-04-13 4:36:00,26.10086381,-80.40150236
7972,2025-04-13 5:00:00,26.09844574,-80.39920374
7973,2025-04-13 5:26:00,26.10016267,-80.40178512
7974,2025-04-13 5:45:00,26.09980616,-80.39816221
7975,2025-04-13 5:56:00,26.09948014,-80.4014243
7976,2025-04-13 6:05:00,26.09895973,-80.39894613
7977,2025-04-13 6:27:00,26.54191745,-81.38130818
7978,2025-04-13 6:40:00,26.09872076,-80.39996055
7979,2025-04-13 6:52:00,26.09947742,-80.3994823
7980,2025-04-13 7:22:00,26.09907223,-80.3982369
7981,2025-04-13 7:31:00,26.10202313,-80.39841226
7982,2025-04-13 7:46:00,26.10075528,-80.39874222
7983,2025-04-13 8:08:00,26.10084053,-80.39886529
7984,2025-04-13 8:23:00,26.10084366,-80.3999915
7985,2025-04-13 8:51:00,26.10158142,-80.39932688
7986,2025-04-13 9:01:00,26.10122452,-80.40026482
7987,2025-04-13 9:12:00,26.1013837,-80.3995325
7988,2025-04-13 9:21:00,26.09995952,-80.39932
7989,2025-04-13 9:42:00,26.10158459,-80.40123236
7990,2025-04-13 9:59:00,26.0990657,-80.39821325
7991,2025-04-13 10:21:00,26.07942094,-80.27856807
7992,2025-04-13 10:27:00,26.08036411,-80.28186876
7993,2025-04-13 10:37:00,26.082808,-80.28043236
7994,2025-04-13 10:52:00,26.0828742,-80.28070583
7995,2025-04-13 11:12:00,26.07962667,-80.2795422
7996,2025-04-13 11:35:00,26.079867,-80.28117332
7997,2025-04-13 11:52:00,26.08068443,-80.28112573
7998,2025-04-13 12:11:00,26.09862523,-80.39967207
7999,2025-04-13 12:18:00,26.10002019,-80.40141989
8000,2025-04-13 12:27:00,26.10129765,-80.3990188
8001,2025-04-13 12:36:00,26.09892189,-80.40136325
8002,2025-04-13 12:42:00,26.09945006,-80.39907727
8003,2025-04-13 13:06:00,26.10053559,-80.39999583
8004,2025-04-13 13:21:00,26.10114754,-80.40125162
8005,2025-04-13 13:48:00,26.10009144,-80.40029684
8006,2025-04-13 13:53:00,26.10104259,-80.40054126
8007,2025-04-13 14:04:00,26.10203417,-80.39888885
8008,2025-04-13 14:27:00,26.1004065,-80.3982282
8009,2025-04-13 14:40:00,26.10197198,-80.40062811
8010,2025-04-13 15:07:00,26.09996992,-80.39807262
8011,2025-04-13 15:32:00,26.10069527,-80.39941738
8012,2025-04-13 16:00:00,26.10224298,-80.40159732
8013,2025-04-13 16:24:00,26.10038917,-80.39872808
8014,2025-04-13 16:43:00,26.09899633,-80.40139299
8015,2025-04-13 16:53:00,26.10153722,-80.39880348
8016,2025-04-13 16:59:00,26.10118643,-80.40084169
8017,2025-04-13 17:04:00,26.09927949,-80.39826391
8018,2025-04-13 17:13:00,26.10009884,-80.39913335
8019,2025-04-13 17:35:00,26.10093126,-80.40013342
8020,2025-04-13 18:02:00,26.10172595,-80.40030028
8021,2025-04-13 18:15:00,26.10150747,-80.39945079
8022,2025-04-13 18:23:00,26.10166245,-80.39859127
8023,2025-04-13 18:32:00,26.0986242,-80.39802827
8024,2025-04-13 18:59:00,26.10231784,-80.39923859
8025,2025-04-13 19:29:00,26.09871736,-80.39939138
8026,2025-04-13 19:38:00,26.1018293,-80.39975831
8027,2025-04-13 19:49:00,26.09854733,-80.39897792
8028,2025-04-13 20:15:00,26.10207056,-80.4012216
8029,2025-04-13 20:40:00,26.09981028,-80.4001461
8030,2025-04-13 20:54:00,26.09953952,-80.39955055
8031,2025-04-13 21:15:00,26.10109472,-80.39784133
8032,2025-04-13 21:44:00,26.09867556,-80.39975789
8033,2025-04-13 21:56:00,26.10054769,-80.40068374
8034,2025-04-13 22:13:00,26.10054383,-80.39926118
8035,2025-04-13 22:34:00,26.09951803,-80.40147473
8036,2025-04-13 22:57:00,26.09955791,-80.40121041
8037,2025-04-13 23:25:00,26.09936016,-80.39896974
8038,2025-04-13 23:34:00,26.10218488,-80.39939191
8039,2025-04-13 23:49:00,26.10022766,-80.40119893
8040,2025-04-14 0:09:00,26.10005414,-80.40001548
8041,2025-04-14 0:15:00,26.10127618,-80.39804641
8042,2025-04-14 0:44:00,26.10232225,-80.3980954
8043,2025-04-14 0:50:00,26.10092736,-80.40046186
8044,2025-04-14 1:07:00,26.10140147,-80.39781754
8045,2025-04-14 1:33:00,26.1014834,-80.39987015
8046,2025-04-14 1:49:00,26.10161285,-80.39896976
8047,2025-04-14 2:16:00,26.09996192,-80.4000029
8048,2025-04-14 2:41:00,26.10069726,-80.39852476
8049,2025-04-14 2:52:00,26.10163031,-80.39808225
8050,2025-04-14 3:18:00,26.10076867,-80.39862661
8051,2025-04-14 3:47:00,26.09904444,-80.4005127
8052,2025-04-14 4:05:00,26.10068197,-80.39979931
8053,2025-04-14 4:19:00,26.09881811,-80.40168069
8054,2025-04-14 4:29:00,26.09955301,-80.39868465
8055,2025-04-14 4:37:00,26.10057309,-80.40017689
8056,2025-04-14 4:49:00,26.09952873,-80.39780463
8057,2025-04-14 5:01:00,26.0985139,-80.39927787
8058,2025-04-14 5:16:00,26.10170917,-80.40029553
8059,2025-04-14 5:25:00,26.09944531,-80.39943989
8060,2025-04-14 5:38:00,26.10221663,-80.39920336
8061,2025-04-14 6:01:00,26.09966599,-80.40175906
8062,2025-04-14 6:08:00,26.09863931,-80.40139905
8063,2025-04-14 6:23:00,26.10124323,-80.40121477
8064,2025-04-14 6:29:00,26.09883398,-80.39931672
8065,2025-04-14 6:39:00,26.09998974,-80.40002169
8066,2025-04-14 6:55:00,26.10001868,-80.39790012
8067,2025-04-14 7:00:00,26.10225029,-80.4012536
8068,2025-04-14 7:28:00,26.10053599,-80.40094338
8069,2025-04-14 7:34:00,26.10030471,-80.40163579
8070,2025-04-14 7:42:00,26.10091023,-80.40008636
8071,2025-04-14 7:49:00,26.10124866,-80.39940184
8072,2025-04-14 7:56:00,26.1019036,-80.40173514
8073,2025-04-14 8:09:00,26.11084068,-80.35530847
8074,2025-04-14 8:14:00,26.11568814,-80.38645254
8075,2025-04-14 8:27:00,26.11345085,-80.35085932
8076,2025-04-14 8:45:00,26.10897627,-80.21738475
8077,2025-04-14 9:12:00,26.1223893,-80.13903262
8078,2025-04-14 9:38:00,26.1225184,-80.1379249
8079,2025-04-14 9:52:00,26.12278866,-80.13892594
8080,2025-04-14 10:04:00,26.12268573,-80.13715191
8081,2025-04-14 10:17:00,26.12285502,-80.13834954
8082,2025-04-14 10:34:00,26.12237453,-80.13594331
8083,2025-04-14 10:48:00,26.12069378,-80.13586802
8084,2025-04-14 10:57:00,26.1236026,-80.13613658
8085,2025-04-14 11:18:00,26.12398282,-80.13666338
8086,2025-04-14 11:43:00,26.12146571,-80.1387477
8087,2025-04-14 12:02:00,26.12209061,-80.13867752
8088,2025-04-14 12:14:00,26.1231604,-80.13547502
8089,2025-04-14 12:24:00,26.12422356,-80.13813755
8090,2025-04-14 12:43:00,26.12402382,-80.13576721
8091,2025-04-14 12:59:00,26.12388076,-80.13721408
8092,2025-04-14 13:21:00,26.12271285,-80.13854274
8093,2025-04-14 13:36:00,26.1204681,-80.13565419
8094,2025-04-14 13:41:00,26.12149723,-80.13684411
8095,2025-04-14 14:05:00,26.12326906,-80.13765998
8096,2025-04-14 14:21:00,26.12076016,-80.13736599
8097,2025-04-14 14:26:00,26.12172723,-80.13877734
8098,2025-04-14 14:55:00,26.12376675,-80.13859211
8099,2025-04-14 15:07:00,26.12199736,-80.13758059
8100,2025-04-14 15:34:00,26.12391662,-80.13691357
8101,2025-04-14 16:03:00,26.12364958,-80.13664307
8102,2025-04-14 16:31:00,26.12408909,-80.13870486
8103,2025-04-14 16:54:00,25.5355225,-79.48748827
8104,2025-04-14 16:59:00,26.12275429,-80.13721919
8105,2025-04-14 17:21:00,26.11257627,-80.16874237
8106,2025-04-14 17:39:00,26.10064746,-80.1977661
8107,2025-04-14 17:47:00,26.08450847,-80.24613898
8108,2025-04-14 18:07:00,26.0814191,-80.28105966
8109,2025-04-14 18:30:00,26.08168736,-80.27976297
8110,2025-04-14 18:53:00,26.08249796,-80.28185541
8111,2025-04-14 18:58:00,26.08140748,-80.28170619
8112,2025-04-14 19:03:00,26.08120411,-80.27886856
8113,2025-04-14 19:25:00,26.08274542,-80.27841975
8114,2025-04-14 19:38:00,26.08138765,-80.27999129
8115,2025-04-14 19:46:00,26.08065548,-80.27984906
8116,2025-04-14 19:54:00,26.08053049,-80.27814533
8117,2025-04-14 20:20:00,26.10198804,-80.3984732
8118,2025-04-14 20:38:00,26.09942842,-80.39798918
8119,2025-04-14 20:59:00,26.10098606,-80.40071454
8120,2025-04-14 21:17:00,26.09968552,-80.40054348
8121,2025-04-14 21:25:00,26.1006311,-80.40005621
8122,2025-04-14 21:40:00,26.10037193,-80.40059622
8123,2025-04-14 21:50:00,26.09856872,-80.40148945
8124,2025-04-14 22:15:00,26.10027325,-80.39801258
8125,2025-04-14 22:28:00,26.09853293,-80.39903353
8126,2025-04-14 22:55:00,26.10009147,-80.40103149
8127,2025-04-14 23:00:00,26.09996704,-80.39798675
8128,2025-04-14 23:20:00,26.10187524,-80.39807652
8129,2025-04-14 23:45:00,26.0989615,-80.39856903
8130,2025-04-14 23:59:00,26.09882979,-80.39898856
8131,2025-04-15 0:19:00,26.09920951,-80.39829769
8132,2025-04-15 0:37:00,26.10006927,-80.40139323
8133,2025-04-15 1:04:00,26.09943018,-80.40108053
8134,2025-04-15 1:15:00,26.10087173,-80.40143775
8135,2025-04-15 1:34:00,26.1004562,-80.3998689
8136,2025-04-15 1:55:00,26.10064222,-80.39862391
8137,2025-04-15 2:05:00,26.09894856,-80.40166156
8138,2025-04-15 2:11:00,26.10076849,-80.39970005
8139,2025-04-15 2:21:00,26.09948951,-80.39801334
8140,2025-04-15 2:26:00,26.10053319,-80.40006483
8141,2025-04-15 2:37:00,26.10191712,-80.3994119
8142,2025-04-15 3:04:00,26.09969328,-80.399947
8143,2025-04-15 3:20:00,26.10174462,-80.40046596
8144,2025-04-15 3:30:00,26.10017369,-80.4016948
8145,2025-04-15 3:39:00,26.10221868,-80.400383
8146,2025-04-15 3:46:00,26.09917476,-80.40055371
8147,2025-04-15 4:07:00,26.10156519,-80.39909666
8148,2025-04-15 4:33:00,26.10227712,-80.39872425
8149,2025-04-15 4:54:00,26.09936277,-80.40019927
8150,2025-04-15 5:23:00,26.09929577,-80.4013945
8151,2025-04-15 5:29:00,26.09984451,-80.39802996
8152,2025-04-15 5:43:00,26.10154754,-80.40020432
8153,2025-04-15 5:59:00,26.09931461,-80.39835022
8154,2025-04-15 6:22:00,26.10141746,-80.40147822
8155,2025-04-15 6:46:00,26.10233583,-80.39879016
8156,2025-04-15 7:02:00,26.09936848,-80.39863829
8157,2025-04-15 7:32:00,26.99535954,-81.21909503
8158,2025-04-15 7:41:00,26.09913511,-80.3991862
8159,2025-04-15 8:01:00,26.11867119,-80.37310508
8160,2025-04-15 8:15:00,26.10226441,-80.2307322
8161,2025-04-15 8:20:00,26.10338305,-80.3998
8162,2025-04-15 8:26:00,26.11531525,-80.24852881
8163,2025-04-15 8:39:00,26.11568814,-80.23518136
8164,2025-04-15 8:44:00,26.11755254,-80.2307322
8165,2025-04-15 9:06:00,26.12146166,-80.13686517
8166,2025-04-15 9:29:00,26.12122106,-80.13815993
8167,2025-04-15 9:49:00,26.12095589,-80.1361404
8168,2025-04-15 10:15:00,26.1223038,-80.13687214
8169,2025-04-15 10:45:00,26.12388764,-80.13874618
8170,2025-04-15 11:09:00,26.12078481,-80.13761752
8171,2025-04-15 11:29:00,26.12193874,-80.13893766
8172,2025-04-15 11:52:00,26.12148274,-80.13886843
8173,2025-04-15 12:19:00,26.12283181,-80.13756945
8174,2025-04-15 12:38:00,26.12371867,-80.13587703
8175,2025-04-15 13:03:00,26.12169616,-80.13813121
8176,2025-04-15 13:13:00,26.12120879,-80.1364218
8177,2025-04-15 13:20:00,26.12215468,-80.13763785
8178,2025-04-15 13:49:00,26.12275514,-80.13771122
8179,2025-04-15 14:03:00,26.1204837,-80.13819968
8180,2025-04-15 14:33:00,26.12243371,-80.13789786
8181,2025-04-15 14:58:00,26.12219164,-80.13671
8182,2025-04-15 15:11:00,26.12352934,-80.13681127
8183,2025-04-15 15:17:00,26.1209751,-80.13736049
8184,2025-04-15 15:22:00,26.12299108,-80.13580252
8185,2025-04-15 15:41:00,26.12148548,-80.13884773
8186,2025-04-15 15:46:00,26.12387616,-80.13805068
8187,2025-04-15 15:56:00,26.12369486,-80.13553483
8188,2025-04-15 16:09:00,26.12230334,-80.13888997
8189,2025-04-15 16:38:00,26.1226387,-80.13878674
8190,2025-04-15 16:54:00,26.12136223,-80.13555298
8191,2025-04-15 17:13:00,26.0950339,-80.14697458
8192,2025-04-15 17:38:00,26.12099661,-80.18325424
8193,2025-04-15 18:06:00,26.08059179,-80.28003003
8194,2025-04-15 18:11:00,26.08100072,-80.28098879
8195,2025-04-15 18:20:00,26.08253533,-80.27850853
8196,2025-04-15 18:36:00,26.08155535,-80.28141212
8197,2025-04-15 19:02:00,26.08163367,-80.27893501
8198,2025-04-15 19:07:00,26.08236219,-80.28034914
8199,2025-04-15 19:19:00,26.08002354,-80.28017001
8200,2025-04-15 19:44:00,26.07985117,-80.28115739
8201,2025-04-15 19:58:00,26.08029087,-80.27896227
8202,2025-04-15 20:12:00,26.09904897,-80.40044799
8203,2025-04-15 20:41:00,26.10127874,-80.40004265
8204,2025-04-15 20:59:00,26.10003221,-80.3991942
8205,2025-04-15 21:15:00,26.10117315,-80.3990862
8206,2025-04-15 21:45:00,26.09980512,-80.40026856
8207,2025-04-15 22:03:00,26.10123147,-80.3995423
8208,2025-04-15 22:17:00,26.09983476,-80.40142923
8209,2025-04-15 22:44:00,26.10042698,-80.40000204
8210,2025-04-15 23:04:00,26.1008451,-80.39799028
8211,2025-04-15 23:23:00,26.09872083,-80.39993632
8212,2025-04-15 23:33:00,26.09886631,-80.39895017
8213,2025-04-15 23:47:00,26.09986805,-80.39785307
8214,2025-04-16 0:11:00,26.1016298,-80.40036463
8215,2025-04-16 0:16:00,26.10127551,-80.40016321
8216,2025-04-16 0:33:00,26.10016356,-80.40023324
8217,2025-04-16 0:45:00,26.09899861,-80.40175997
8218,2025-04-16 1:02:00,26.09879759,-80.40036164
8219,2025-04-16 1:08:00,26.09894587,-80.39837269
8220,2025-04-16 1:38:00,26.10043429,-80.39915114
8221,2025-04-16 2:07:00,26.09997663,-80.39940325
8222,2025-04-16 2:18:00,26.09850237,-80.39802336
8223,2025-04-16 2:31:00,26.10132266,-80.40151238
8224,2025-04-16 2:38:00,26.10143929,-80.40150051
8225,2025-04-16 2:47:00,26.10081687,-80.40141248
8226,2025-04-16 3:03:00,26.10044533,-80.39842828
8227,2025-04-16 3:28:00,26.10141168,-80.39832649
8228,2025-04-16 3:48:00,26.10200577,-80.40115372
8229,2025-04-16 4:01:00,26.09901699,-80.39970393
8230,2025-04-16 4:11:00,26.10165475,-80.40011632
8231,2025-04-16 4:23:00,26.1021118,-80.40118891
8232,2025-04-16 4:45:00,26.10005693,-80.3999082
8233,2025-04-16 4:59:00,25.7129728,-79.53240043
8234,2025-04-16 5:08:00,26.24073552,-80.95653198
8235,2025-04-16 5:19:00,26.09909466,-80.39857049
8236,2025-04-16 5:26:00,26.09862252,-80.39814042
8237,2025-04-16 5:49:00,26.52057331,-79.9127208
8238,2025-04-16 6:09:00,26.09888747,-80.39869084
8239,2025-04-16 6:23:00,26.09908262,-80.39989085
8240,2025-04-16 6:33:00,26.1001275,-80.39899656
8241,2025-04-16 7:02:00,26.10220746,-80.40061024
8242,2025-04-16 7:20:00,26.10139512,-80.40117546
8243,2025-04-16 7:44:00,26.09979383,-80.40152885
8244,2025-04-16 7:53:00,26.09955619,-80.39822914
8245,2025-04-16 8:04:00,26.11456949,-80.21293559
8246,2025-04-16 8:31:00,26.10673898,-80.14174915
8247,2025-04-16 8:57:00,26.10114576,-80.24407966
8248,2025-04-16 9:02:00,26.12087997,-80.13718065
8249,2025-04-16 9:10:00,26.12225245,-80.13775573
8250,2025-04-16 9:40:00,26.12412979,-80.13659671
8251,2025-04-16 10:00:00,26.12058937,-80.13782665
8252,2025-04-16 10:16:00,26.12066407,-80.13810343
8253,2025-04-16 10:23:00,26.12353044,-80.13633186
8254,2025-04-16 10:52:00,27.02210995,-79.53882918
8255,2025-04-16 11:18:00,26.12086069,-80.13538801
8256,2025-04-16 11:38:00,26.12361457,-80.13582737
8257,2025-04-16 12:04:00,26.12266062,-80.13852365
8258,2025-04-16 12:14:00,26.12179055,-80.13925755
8259,2025-04-16 12:19:00,26.12058028,-80.13694642
8260,2025-04-16 12:43:00,26.12270939,-80.1372657
8261,2025-04-16 12:57:00,26.12257453,-80.13646288
8262,2025-04-16 13:16:00,26.1219514,-80.13615393
8263,2025-04-16 13:44:00,26.12292148,-80.13767048
8264,2025-04-16 14:14:00,26.12063534,-80.13844553
8265,2025-04-16 14:43:00,26.12435819,-80.13892389
8266,2025-04-16 15:05:00,26.12095317,-80.13881708
8267,2025-04-16 15:31:00,26.12071383,-80.13553324
8268,2025-04-16 15:50:00,26.12309507,-80.13746868
8269,2025-04-16 15:59:00,26.12092118,-80.13697443
8270,2025-04-16 16:08:00,26.12376971,-80.13578143
8271,2025-04-16 16:22:00,26.12257565,-80.1363607
8272,2025-04-16 16:40:00,26.12361568,-80.13634567
8273,2025-04-16 17:10:00,26.10205085,-80.20985932
8274,2025-04-16 17:37:00,26.10205085,-80.27516271
8275,2025-04-16 18:01:00,26.07985865,-80.27899532
8276,2025-04-16 18:08:00,26.08204083,-80.28037946
8277,2025-04-16 18:22:00,26.08260363,-80.27852346
8278,2025-04-16 18:42:00,26.07975775,-80.27980519
8279,2025-04-16 18:59:00,26.08053626,-80.2786293
8280,2025-04-16 19:12:00,26.08067855,-80.27920849
8281,2025-04-16 19:23:00,26.08052869,-80.28187365
8282,2025-04-16 19:34:00,26.07953713,-80.2780811
8283,2025-04-16 19:39:00,26.08085574,-80.27882018
8284,2025-04-16 19:56:00,26.08010516,-80.28189834
8285,2025-04-16 20:26:00,26.09989497,-80.40052675
8286,2025-04-16 20:43:00,26.10108198,-80.398438
8287,2025-04-16 21:10:00,26.10084582,-80.40121984
8288,2025-04-16 21:36:00,26.09959649,-80.40019873
8289,2025-04-16 21:55:00,26.09985835,-80.40142889
8290,2025-04-16 22:25:00,26.10145146,-80.40101651
8291,2025-04-16 22:37:00,26.09864675,-80.39799264
8292,2025-04-16 22:58:00,26.09910009,-80.39913429
8293,2025-04-16 23:24:00,26.09980171,-80.4015107
8294,2025-04-16 23:38:00,26.10158021,-80.39845525
8295,2025-04-16 23:43:00,26.10045988,-80.39780355
8296,2025-04-16 23:48:00,26.09853816,-80.39930657
8297,2025-04-16 23:58:00,26.10146579,-80.39935053
8298,2025-04-17 0:03:00,26.10007919,-80.39933262
8299,2025-04-17 0:24:00,26.09881354,-80.39862041
8300,2025-04-17 0:43:00,26.09979911,-80.40104376
8301,2025-04-17 0:48:00,26.10004336,-80.39899006
8302,2025-04-17 1:18:00,26.09880997,-80.39899997
8303,2025-04-17 1:37:00,26.10119102,-80.39971846
8304,2025-04-17 2:01:00,26.09961001,-80.39868608
8305,2025-04-17 2:26:00,26.10184294,-80.39876066
8306,2025-04-17 2:36:00,26.10207955,-80.39891672
8307,2025-04-17 2:55:00,26.10092639,-80.39984233
8308,2025-04-17 3:18:00,26.10068763,-80.4013902
8309,2025-04-17 3:38:00,26.09973656,-80.39944833
8310,2025-04-17 3:44:00,26.09987693,-80.39882811
8311,2025-04-17 4:01:00,26.10125544,-80.39899084
8312,2025-04-17 4:20:00,26.10108987,-80.4016777
8313,2025-04-17 4:27:00,26.10058649,-80.39816644
8314,2025-04-17 4:39:00,26.09922546,-80.40072026
8315,2025-04-17 4:59:00,26.10189634,-80.40173491
8316,2025-04-17 5:08:00,26.10180522,-80.40179856
8317,2025-04-17 5:26:00,26.0986082,-80.39876389
8318,2025-04-17 5:38:00,26.09892844,-80.39849383
8319,2025-04-17 5:51:00,26.10149887,-80.39817994
8320,2025-04-17 6:03:00,26.10167511,-80.39900885
8321,2025-04-17 6:08:00,26.09961466,-80.39970775
8322,2025-04-17 6:36:00,26.10040409,-80.40101749
8323,2025-04-17 6:56:00,26.09930188,-80.40179503
8324,2025-04-17 7:12:00,26.09998694,-80.39878469
8325,2025-04-17 7:42:00,26.10190768,-80.39879075
8326,2025-04-17 8:01:00,26.1123322,-80.27522373
8327,2025-04-17 8:16:00,26.10338305,-80.33751186
8328,2025-04-17 8:30:00,26.11531525,-80.34641017
8329,2025-04-17 8:47:00,26.10450169,-80.15954576
8330,2025-04-17 9:01:00,26.12056837,-80.13548228
8331,2025-04-17 9:14:00,26.12147439,-80.13632349
8332,2025-04-17 9:34:00,26.1219362,-80.1362562
8333,2025-04-17 9:55:00,26.12161972,-80.13542148
8334,2025-04-17 10:01:00,26.12080772,-80.13846548
8335,2025-04-17 10:17:00,26.12373316,-80.13598948
8336,2025-04-17 10:35:00,26.12269002,-80.13699218
8337,2025-04-17 11:01:00,26.12050406,-80.13831369
8338,2025-04-17 11:15:00,26.12305636,-80.13744357
8339,2025-04-17 11:26:00,26.12060353,-80.13571825
8340,2025-04-17 11:48:00,26.12328618,-80.13724637
8341,2025-04-17 12:03:00,26.12303318,-80.13746947
8342,2025-04-17 12:09:00,26.12379568,-80.13670265
8343,2025-04-17 12:26:00,26.12048079,-80.13555629
8344,2025-04-17 12:31:00,26.12102494,-80.13724652
8345,2025-04-17 12:41:00,26.12172737,-80.13604764
8346,2025-04-17 13:09:00,26.12323989,-80.13732119
8347,2025-04-17 13:23:00,26.12261321,-80.13679214
8348,2025-04-17 13:51:00,26.12295251,-80.1355119
8349,2025-04-17 14:12:00,26.12295948,-80.13693732
8350,2025-04-17 14:27:00,26.12044633,-80.13836637
8351,2025-04-17 14:40:00,26.12159718,-80.1357554
8352,2025-04-17 15:05:00,25.19955234,-80.84352088
8353,2025-04-17 15:35:00,26.12138729,-80.13916411
8354,2025-04-17 15:58:00,26.12306351,-80.13541732
8355,2025-04-17 16:15:00,26.12151358,-80.13841572
8356,2025-04-17 16:43:00,26.12176866,-80.13533281
8357,2025-04-17 17:12:00,26.12099661,-80.2195339
8358,2025-04-17 17:28:00,26.11889153,-80.20744068
8359,2025-04-17 17:58:00,26.11397966,-80.22195254
8360,2025-04-17 18:25:00,26.079514,-80.27948338
8361,2025-04-17 18:37:00,26.08205668,-80.27808095
8362,2025-04-17 18:54:00,26.08208774,-80.28023859
8363,2025-04-17 19:23:00,26.08089222,-80.27975545
8364,2025-04-17 19:30:00,26.08062622,-80.27981274
8365,2025-04-17 19:57:00,26.08069361,-80.28022003
8366,2025-04-17 20:12:00,26.09927997,-80.39948114
8367,2025-04-17 20:32:00,26.10121054,-80.39788405
8368,2025-04-17 21:01:00,26.10108424,-80.39906336
8369,2025-04-17 21:26:00,26.0989721,-80.39931562
8370,2025-04-17 21:52:00,26.09981256,-80.40070909
8371,2025-04-17 22:18:00,26.09900769,-80.39862027
8372,2025-04-17 22:26:00,26.10156204,-80.3985807
8373,2025-04-17 22:46:00,26.10204863,-80.40096491
8374,2025-04-17 23:14:00,26.10031108,-80.39879669
8375,2025-04-17 23:29:00,26.10187975,-80.39838414
8376,2025-04-17 23:37:00,26.09937088,-80.39868253
8377,2025-04-17 23:58:00,26.10032204,-80.39829527
8378,2025-04-18 0:08:00,26.1016906,-80.39866868
8379,2025-04-18 0:18:00,26.10057819,-80.39838481
8380,2025-04-18 0:48:00,26.09987727,-80.39946487
8381,2025-04-18 1:03:00,26.10042314,-80.3979892
8382,2025-04-18 1:08:00,26.0995012,-80.40152178
8383,2025-04-18 1:20:00,26.09959425,-80.40013485
8384,2025-04-18 1:47:00,26.09988375,-80.40043837
8385,2025-04-18 2:04:00,26.10063681,-80.40157063
8386,2025-04-18 2:09:00,26.09888929,-80.39909002
8387,2025-04-18 2:37:00,26.09941731,-80.39914054
8388,2025-04-18 2:50:00,26.10119897,-80.39880539
8389,2025-04-18 3:14:00,26.10049594,-80.39958993
8390,2025-04-18 3:24:00,26.1022653,-80.39962024
8391,2025-04-18 3:29:00,26.10005434,-80.40117076
8392,2025-04-18 3:45:00,26.10211976,-80.39907037
8393,2025-04-18 4:12:00,26.10205926,-80.39795079
8394,2025-04-18 4:34:00,26.10222822,-80.39962496
8395,2025-04-18 4:39:00,26.09902543,-80.39879857
8396,2025-04-18 4:51:00,26.10089827,-80.40034995
8397,2025-04-18 5:12:00,26.10154507,-80.39996577
8398,2025-04-18 5:36:00,26.10112926,-80.39888985
8399,2025-04-18 5:49:00,26.09919577,-80.39933851
8400,2025-04-18 6:07:00,26.10100264,-80.40071957
8401,2025-04-18 6:14:00,26.10017557,-80.39862402
8402,2025-04-18 6:41:00,26.09900948,-80.39787919
8403,2025-04-18 6:52:00,26.10085528,-80.39923322
8404,2025-04-18 7:17:00,26.09940634,-80.39868053
8405,2025-04-18 7:26:00,26.10113104,-80.39863188
8406,2025-04-18 7:36:00,26.10188223,-80.39942947
8407,2025-04-18 7:59:00,26.09900179,-80.40096769
8408,2025-04-18 8:13:00,26.11606102,-80.14619831
8409,2025-04-18 8:43:00,26.10934915,-80.26632542
8410,2025-04-18 8:51:00,26.10823051,-80.39090169
8411,2025-04-18 8:56:00,26.10562034,-80.25297797
8412,2025-04-18 9:21:00,26.12124327,-80.13780244
8413,2025-04-18 9:45:00,26.12115299,-80.13923006
8414,2025-04-18 9:56:00,25.25066435,-79.3991673
8415,2025-04-18 10:17:00,26.12269901,-80.1367968
8416,2025-04-18 10:26:00,26.12095639,-80.1358288
8417,2025-04-18 10:40:00,26.12241567,-80.13894839
8418,2025-04-18 11:03:00,26.12075395,-80.13656467
8419,2025-04-18 11:11:00,26.12331406,-80.13751258
8420,2025-04-18 11:29:00,26.12046756,-80.13766515
8421,2025-04-18 11:55:00,26.12187217,-80.13734118
8422,2025-04-18 12:18:00,26.1218192,-80.13806903
8423,2025-04-18 12:45:00,26.12073974,-80.13720706
8424,2025-04-18 12:51:00,26.12065278,-80.13842879
8425,2025-04-18 13:18:00,26.1229681,-80.13746631
8426,2025-04-18 13:30:00,26.1209121,-80.13778773
8427,2025-04-18 13:38:00,26.12078478,-80.13850106
8428,2025-04-18 14:00:00,26.12266466,-80.1390953
8429,2025-04-18 14:25:00,26.12272053,-80.13646735
8430,2025-04-18 14:46:00,26.12059074,-80.13809214
8431,2025-04-18 14:57:00,26.12411646,-80.13903421
8432,2025-04-18 15:23:00,26.12106021,-80.13671369
8433,2025-04-18 15:37:00,26.50815687,-79.94467147
8434,2025-04-18 16:04:00,26.12274324,-80.13553496
8435,2025-04-18 16:09:00,26.12412331,-80.1366181
8436,2025-04-18 16:22:00,26.12395696,-80.13564815
8437,2025-04-18 16:44:00,26.12411242,-80.13653651
8438,2025-04-18 17:12:00,26.10064746,-80.26065085
8439,2025-04-18 17:22:00,26.11678644,-80.22437119
8440,2025-04-18 17:37:00,26.08661356,-80.17357966
8441,2025-04-18 17:57:00,26.09643729,-80.17357966
8442,2025-04-18 18:02:00,26.08200696,-80.28132239
8443,2025-04-18 18:13:00,26.08132516,-80.28085532
8444,2025-04-18 18:43:00,26.08206379,-80.28103998
8445,2025-04-18 18:55:00,26.08168212,-80.27906179
8446,2025-04-18 19:10:00,26.08043662,-80.27950165
8447,2025-04-18 19:27:00,26.08257322,-80.27897935
8448,2025-04-18 19:32:00,26.08159585,-80.2808411
8449,2025-04-18 19:47:00,26.08075975,-80.27843454
8450,2025-04-18 19:55:00,26.0815939,-80.27837124
8451,2025-04-18 20:16:00,26.09912909,-80.40107251
8452,2025-04-18 20:33:00,26.09904677,-80.39850461
8453,2025-04-18 20:57:00,26.10021626,-80.40036486
8454,2025-04-18 21:06:00,26.10101,-80.40099181
8455,2025-04-18 21:17:00,26.09842574,-80.40058315
8456,2025-04-18 21:41:00,26.1018694,-80.40003439
8457,2025-04-18 22:07:00,26.10019155,-80.40046865
8458,2025-04-18 22:32:00,26.10163159,-80.39898002
8459,2025-04-18 22:58:00,26.09982222,-80.40137811
8460,2025-04-18 23:07:00,26.10038711,-80.4012393
8461,2025-04-18 23:18:00,26.10226631,-80.39796333
8462,2025-04-18 23:32:00,26.09875129,-80.4007424
8463,2025-04-18 23:56:00,26.10097148,-80.40076553
8464,2025-04-19 0:09:00,26.10038507,-80.39911262
8465,2025-04-19 0:18:00,26.10076467,-80.39851324
8466,2025-04-19 0:31:00,26.09997061,-80.40142898
8467,2025-04-19 0:55:00,26.1012336,-80.40088448
8468,2025-04-19 1:10:00,26.10077507,-80.39859326
8469,2025-04-19 1:35:00,26.09866567,-80.40117097
8470,2025-04-19 1:51:00,26.09974951,-80.4006906
8471,2025-04-19 2:15:00,26.10037184,-80.39998176
8472,2025-04-19 2:41:00,26.09935276,-80.39825528
8473,2025-04-19 3:00:00,26.09849347,-80.40149742
8474,2025-04-19 3:08:00,26.10140899,-80.39963697
8475,2025-04-19 3:38:00,26.10147994,-80.3995397
8476,2025-04-19 3:53:00,26.10182748,-80.40030494
8477,2025-04-19 4:06:00,26.10208078,-80.39824802
8478,2025-04-19 4:36:00,26.10064776,-80.40049021
8479,2025-04-19 4:53:00,26.10050211,-80.40169304
8480,2025-04-19 5:05:00,26.10046401,-80.40159634
8481,2025-04-19 5:21:00,26.10001295,-80.39792183
8482,2025-04-19 5:31:00,26.10165356,-80.40136254
8483,2025-04-19 5:56:00,26.09966984,-80.39898868
8484,2025-04-19 6:13:00,26.10043826,-80.39891965
8485,2025-04-19 6:43:00,26.10059085,-80.39822309
8486,2025-04-19 6:57:00,26.10101175,-80.39952439
8487,2025-04-19 7:10:00,26.09964966,-80.39896155
8488,2025-04-19 7:19:00,26.09993827,-80.39941119
8489,2025-04-19 7:25:00,26.09957532,-80.40169753
8490,2025-04-19 7:53:00,26.10138049,-80.39858309
8491,2025-04-19 8:13:00,26.10185646,-80.40094381
8492,2025-04-19 8:43:00,26.10032075,-80.40123319
8493,2025-04-19 8:56:00,26.10204669,-80.39784339
8494,2025-04-19 9:16:00,26.09874563,-80.39840275
8495,2025-04-19 9:33:00,26.10096911,-80.39962025
8496,2025-04-19 10:03:00,26.08102081,-80.27944032
8497,2025-04-19 10:25:00,26.08240107,-80.28034377
8498,2025-04-19 10:31:00,26.07951511,-80.27812564
8499,2025-04-19 10:41:00,26.08223944,-80.27815713
8500,2025-04-19 11:02:00,26.08215931,-80.27994533
8501,2025-04-19 11:28:00,26.08054368,-80.27969144
8502,2025-04-19 11:42:00,26.07904715,-80.28010436
8503,2025-04-19 12:05:00,26.10188492,-80.39827094
8504,2025-04-19 12:12:00,26.09875868,-80.3992339
8505,2025-04-19 12:31:00,26.09936645,-80.39962639
8506,2025-04-19 12:37:00,26.09976146,-80.39925018
8507,2025-04-19 12:53:00,26.09942802,-80.39780302
8508,2025-04-19 13:10:00,26.10174009,-80.39832213
8509,2025-04-19 13:36:00,26.1006814,-80.39792911
8510,2025-04-19 13:57:00,26.09956318,-80.39831591
8511,2025-04-19 14:17:00,26.09885989,-80.39996549
8512,2025-04-19 14:47:00,26.10169147,-80.39982946
8513,2025-04-19 14:54:00,26.09943699,-80.39798347
8514,2025-04-19 15:07:00,26.09961111,-80.3982854
8515,2025-04-19 15:15:00,26.10113729,-80.39949925
8516,2025-04-19 15:24:00,26.10093522,-80.39923903
8517,2025-04-19 15:52:00,26.10059202,-80.40115042
8518,2025-04-19 16:06:00,26.10149502,-80.40035136
8519,2025-04-19 16:19:00,26.10055266,-80.40053755
8520,2025-04-19 16:27:00,26.10092745,-80.40145663
8521,2025-04-19 16:53:00,26.10195749,-80.40120088
8522,2025-04-19 17:15:00,26.10116135,-80.39906489
8523,2025-04-19 17:37:00,26.09921354,-80.39996964
8524,2025-04-19 17:44:00,26.10150298,-80.40011531
8525,2025-04-19 18:02:00,26.09996903,-80.40019422
8526,2025-04-19 18:24:00,26.09877246,-80.40146031
8527,2025-04-19 18:35:00,26.10004193,-80.39854178
8528,2025-04-19 18:48:00,26.10237473,-80.40056956
8529,2025-04-19 19:06:00,26.09938957,-80.39988329
8530,2025-04-19 19:21:00,26.10181393,-80.3982581
8531,2025-04-19 19:46:00,26.10038787,-80.40131284
8532,2025-04-19 20:14:00,26.09918303,-80.40140065
8533,2025-04-19 20:42:00,26.09944981,-80.39940767
8534,2025-04-19 21:07:00,25.17348251,-80.25839244
8535,2025-04-19 21:33:00,26.1023403,-80.40145629
8536,2025-04-19 21:54:00,26.10238231,-80.39880242
8537,2025-04-19 22:13:00,26.10097201,-80.40013024
8538,2025-04-19 22:24:00,26.10217457,-80.39891156
8539,2025-04-19 22:38:00,26.10120089,-80.39964475
8540,2025-04-19 22:52:00,26.1018752,-80.40074313
8541,2025-04-19 23:18:00,26.09979281,-80.4002138
8542,2025-04-19 23:24:00,26.09905157,-80.40111273
8543,2025-04-19 23:29:00,26.10001915,-80.40119855
8544,2025-04-19 23:50:00,26.10109367,-80.39876359
8545,2025-04-20 0:17:00,26.09884479,-80.39899478
8546,2025-04-20 0:44:00,26.09854387,-80.39786021
8547,2025-04-20 1:10:00,26.09995863,-80.39983853
8548,2025-04-20 1:18:00,26.10171506,-80.40172973
8549,2025-04-20 1:43:00,26.09956224,-80.40178224
8550,2025-04-20 1:48:00,26.10196856,-80.40070861
8551,2025-04-20 2:01:00,26.09859027,-80.39891144
8552,2025-04-20 2:07:00,26.09842582,-80.39932664
8553,2025-04-20 2:28:00,26.09967187,-80.39882755
8554,2025-04-20 2:37:00,26.10239214,-80.39953553
8555,2025-04-20 3:00:00,26.0984502,-80.39915531
8556,2025-04-20 3:13:00,26.10074606,-80.40114623
8557,2025-04-20 3:43:00,26.09873543,-80.39828654
8558,2025-04-20 3:54:00,26.10148289,-80.40141761
8559,2025-04-20 4:10:00,26.10062109,-80.39828541
8560,2025-04-20 4:33:00,26.10040071,-80.40167901
8561,2025-04-20 4:43:00,26.10064821,-80.39863949
8562,2025-04-20 4:55:00,26.09926798,-80.3990277
8563,2025-04-20 5:23:00,26.09855928,-80.39813237
8564,2025-04-20 5:35:00,26.10153836,-80.39939367
8565,2025-04-20 5:47:00,26.09921312,-80.39863271
8566,2025-04-20 6:02:00,26.10139639,-80.39919105
8567,2025-04-20 6:07:00,26.10025024,-80.40142553
8568,2025-04-20 6:14:00,26.09850082,-80.40017673
8569,2025-04-20 6:20:00,26.09905164,-80.40084167
8570,2025-04-20 6:30:00,26.10049101,-80.39879971
8571,2025-04-20 6:55:00,26.10139161,-80.3997807
8572,2025-04-20 7:02:00,26.10228165,-80.39961492
8573,2025-04-20 7:28:00,26.1010881,-80.39822122
8574,2025-04-20 7:39:00,26.09848718,-80.40103064
8575,2025-04-20 7:49:00,26.09906357,-80.40056485
8576,2025-04-20 7:57:00,26.09886759,-80.40172013
8577,2025-04-20 8:27:00,26.09997365,-80.40101031
8578,2025-04-20 8:42:00,26.09892818,-80.39887398
8579,2025-04-20 9:00:00,26.09953707,-80.40075208
8580,2025-04-20 9:15:00,26.09874944,-80.39958239
8581,2025-04-20 9:26:00,26.09984852,-80.39903965
8582,2025-04-20 9:55:00,26.10097466,-80.39846283
8583,2025-04-20 10:02:00,26.07900013,-80.28172631
8584,2025-04-20 10:31:00,26.08287486,-80.27887357
8585,2025-04-20 10:37:00,26.08015653,-80.27842042
8586,2025-04-20 10:43:00,26.08088826,-80.28078391
8587,2025-04-20 11:05:00,26.0807649,-80.28192312
8588,2025-04-20 11:14:00,26.07950887,-80.28163206
8589,2025-04-20 11:33:00,26.08085945,-80.280615
8590,2025-04-20 11:54:00,26.08061908,-80.28006229
8591,2025-04-20 12:08:00,26.09854125,-80.3978631
8592,2025-04-20 12:33:00,26.10225549,-80.39872714
8593,2025-04-20 12:56:00,25.98065786,-81.05130678
8594,2025-04-20 13:18:00,26.09998506,-80.39858189
8595,2025-04-20 13:25:00,26.1010741,-80.40175153
8596,2025-04-20 13:43:00,26.10084998,-80.4002068
8597,2025-04-20 14:10:00,26.1004438,-80.40038257
8598,2025-04-20 14:39:00,26.10159574,-80.39806163
8599,2025-04-20 14:50:00,26.10163413,-80.39983341
8600,2025-04-20 15:07:00,26.10124893,-80.39823027
8601,2025-04-20 15:37:00,26.10024427,-80.40047149
8602,2025-04-20 16:01:00,26.1001599,-80.39814685
8603,2025-04-20 16:10:00,26.10110463,-80.39897539
8604,2025-04-20 16:29:00,26.1020387,-80.39808756
8605,2025-04-20 16:57:00,26.09940426,-80.39869701
8606,2025-04-20 17:06:00,26.09886526,-80.39840978
8607,2025-04-20 17:11:00,26.10153554,-80.39992814
8608,2025-04-20 17:17:00,26.10119404,-80.39804678
8609,2025-04-20 17:33:00,26.10008364,-80.39849179
8610,2025-04-20 18:03:00,26.10191255,-80.39904768
8611,2025-04-20 18:09:00,26.10200692,-80.40151639
8612,2025-04-20 18:25:00,26.10188233,-80.39825287
8613,2025-04-20 18:36:00,26.09874258,-80.39898835
8614,2025-04-20 18:51:00,26.09975468,-80.39881687
8615,2025-04-20 19:04:00,26.09998896,-80.3980711
8616,2025-04-20 19:22:00,26.10091331,-80.39898095
8617,2025-04-20 19:27:00,26.09857021,-80.40116931
8618,2025-04-20 19:55:00,26.10083947,-80.40068965
8619,2025-04-20 20:21:00,26.09875272,-80.39986158
8620,2025-04-20 20:35:00,26.10100039,-80.39885514
8621,2025-04-20 20:48:00,26.10199364,-80.39874883
8622,2025-04-20 21:05:00,26.10170656,-80.39800248
8623,2025-04-20 21:17:00,26.10088898,-80.39826824
8624,2025-04-20 21:26:00,26.10138246,-80.40119966
8625,2025-04-20 21:41:00,26.10220276,-80.40051164
8626,2025-04-20 22:02:00,26.09841431,-80.39989131
8627,2025-04-20 22:25:00,26.0997394,-80.40079028
8628,2025-04-20 22:34:00,26.10046594,-80.4007136
8629,2025-04-20 22:52:00,26.10077069,-80.39838346
8630,2025-04-20 23:01:00,26.09857107,-80.40049398
8631,2025-04-20 23:11:00,26.10122095,-80.39828353
8632,2025-04-20 23:25:00,26.10229368,-80.39994313
8633,2025-04-20 23:50:00,26.10230587,-80.40167131
8634,2025-04-21 0:02:00,26.10037343,-80.39872991
8635,2025-04-21 0:11:00,26.10073717,-80.40129404
8636,2025-04-21 0:17:00,26.10063215,-80.39914963
8637,2025-04-21 0:23:00,26.09857707,-80.39924761
8638,2025-04-21 0:47:00,26.10073732,-80.40046593
8639,2025-04-21 1:16:00,26.09937417,-80.40054804
8640,2025-04-21 1:39:00,26.09982916,-80.40091557
8641,2025-04-21 1:45:00,26.10112626,-80.40081813
8642,2025-04-21 1:51:00,26.10102951,-80.39899312
8643,2025-04-21 2:12:00,26.09953704,-80.39824218
8644,2025-04-21 2:29:00,26.0996376,-80.39847372
8645,2025-04-21 2:43:00,26.10128255,-80.39891339
8646,2025-04-21 2:54:00,26.0993739,-80.40083442
8647,2025-04-21 3:10:00,26.09977264,-80.39833692
8648,2025-04-21 3:24:00,26.10231127,-80.40069947
8649,2025-04-21 3:30:00,26.10042927,-80.39824651
8650,2025-04-21 3:44:00,26.10025968,-80.40077944
8651,2025-04-21 4:14:00,26.0995454,-80.40066193
8652,2025-04-21 4:35:00,26.09948873,-80.40109488
8653,2025-04-21 4:58:00,26.10238736,-80.39941445
8654,2025-04-21 5:21:00,26.10062033,-80.40115425
8655,2025-04-21 5:40:00,26.09905081,-80.40117517
8656,2025-04-21 6:04:00,26.10181116,-80.40173966
8657,2025-04-21 6:18:00,26.10076183,-80.39966077
8658,2025-04-21 6:28:00,26.10097061,-80.40022665
8659,2025-04-21 6:40:00,26.09995535,-80.39851415
8660,2025-04-21 7:01:00,26.10045724,-80.40121542
8661,2025-04-21 7:27:00,26.10028612,-80.3980337
8662,2025-04-21 7:48:00,25.63194481,-79.76348754
8663,2025-04-21 7:55:00,26.10157972,-80.40049884
8664,2025-04-21 8:24:00,26.10823051,-80.21293559
8665,2025-04-21 8:40:00,26.1004,-80.26187627
8666,2025-04-21 8:56:00,26.10673898,-80.34196102
8667,2025-04-21 9:13:00,26.12237568,-80.13736558
8668,2025-04-21 9:32:00,26.12084392,-80.13638108
8669,2025-04-21 9:54:00,26.12300384,-80.1378897
8670,2025-04-21 10:24:00,26.1224884,-80.13754543
8671,2025-04-21 10:32:00,26.12191281,-80.1380129
8672,2025-04-21 10:44:00,26.12173995,-80.13765618
8673,2025-04-21 10:57:00,26.12367702,-80.13582557
8674,2025-04-21 11:25:00,26.12169364,-80.13645857
8675,2025-04-21 11:49:00,26.12349805,-80.13762993
8676,2025-04-21 12:00:00,26.12434495,-80.13599294
8677,2025-04-21 12:07:00,26.12323164,-80.13701497
8678,2025-04-21 12:26:00,26.12341552,-80.13684783
8679,2025-04-21 12:50:00,26.12091978,-80.13810918
8680,2025-04-21 12:55:00,26.12055695,-80.13739607
8681,2025-04-21 13:01:00,26.12419809,-80.13704261
8682,2025-04-21 13:26:00,26.12105049,-80.13744057
8683,2025-04-21 13:56:00,26.12229737,-80.13735376
8684,2025-04-21 14:13:00,26.12365871,-80.13725866
8685,2025-04-21 14:19:00,26.12366122,-80.13568156
8686,2025-04-21 14:44:00,26.12390057,-80.13926795
8687,2025-04-21 14:53:00,26.12086273,-80.13910658
8688,2025-04-21 14:58:00,26.12049814,-80.13887509
8689,2025-04-21 15:27:00,26.12227521,-80.13620972
8690,2025-04-21 15:33:00,26.12128328,-80.13841945
8691,2025-04-21 16:00:00,26.12261865,-80.13685489
8692,2025-04-21 16:13:00,26.12364,-80.1369264
8693,2025-04-21 16:37:00,26.12045854,-80.13564068
8694,2025-04-21 16:54:00,26.12370621,-80.1368339
8695,2025-04-21 17:16:00,26.0943322,-80.18083559
8696,2025-04-21 17:34:00,26.12029492,-80.21711525
8697,2025-04-21 17:41:00,26.11889153,-80.26065085
8698,2025-04-21 17:59:00,26.11818983,-80.23162712
8699,2025-04-21 18:17:00,26.08270801,-80.27892541
8700,2025-04-21 18:37:00,26.07999535,-80.27867352
8701,2025-04-21 19:05:00,26.08024623,-80.2787607
8702,2025-04-21 19:11:00,26.08131123,-80.2818435
8703,2025-04-21 19:18:00,26.08075539,-80.27848073
8704,2025-04-21 19:36:00,26.08031051,-80.28013433
8705,2025-04-21 20:00:00,26.10029116,-80.39932336
8706,2025-04-21 20:25:00,26.10004251,-80.40039681
8707,2025-04-21 20:52:00,26.09900554,-80.39869571
8708,2025-04-21 21:05:00,26.09994959,-80.39838169
8709,2025-04-21 21:18:00,26.10105406,-80.4000971
8710,2025-04-21 21:33:00,26.10066686,-80.39794392
8711,2025-04-21 22:00:00,26.09962953,-80.39908862
8712,2025-04-21 22:26:00,26.10017237,-80.40142516
8713,2025-04-21 22:34:00,26.0987484,-80.39791005
8714,2025-04-21 22:59:00,26.09879149,-80.40021782
8715,2025-04-21 23:06:00,26.09874006,-80.39792663
8716,2025-04-21 23:23:00,26.09962332,-80.40022281
8717,2025-04-21 23:53:00,26.0997556,-80.40123416
8718,2025-04-22 0:21:00,26.09905086,-80.39937446
8719,2025-04-22 0:26:00,26.10007477,-80.39855668
8720,2025-04-22 0:41:00,26.10098232,-80.39991098
8721,2025-04-22 1:10:00,26.10060479,-80.39906305
8722,2025-04-22 1:37:00,26.09845226,-80.40108511
8723,2025-04-22 1:44:00,26.09857493,-80.40171571
8724,2025-04-22 2:02:00,26.10055903,-80.40146942
8725,2025-04-22 2:23:00,26.0985439,-80.40079828
8726,2025-04-22 2:32:00,26.10003072,-80.40081455
8727,2025-04-22 2:54:00,26.09998473,-80.4016104
8728,2025-04-22 3:13:00,26.10051298,-80.40012881
8729,2025-04-22 3:43:00,26.10168164,-80.40147058
8730,2025-04-22 4:01:00,26.10176548,-80.40173121
8731,2025-04-22 4:25:00,26.10157337,-80.40029567
8732,2025-04-22 4:33:00,26.10084879,-80.39936843
8733,2025-04-22 4:47:00,26.09867127,-80.39986004
8734,2025-04-22 4:59:00,26.10048089,-80.39874105
8735,2025-04-22 5:22:00,26.10164683,-80.39808858
8736,2025-04-22 5:29:00,26.10238543,-80.39895873
8737,2025-04-22 5:45:00,26.09900535,-80.39828422
8738,2025-04-22 6:12:00,26.10216136,-80.39911008
8739,2025-04-22 6:38:00,26.10076801,-80.39907001
8740,2025-04-22 7:08:00,26.0991332,-80.39888925
8741,2025-04-22 7:24:00,26.09897836,-80.40083867
8742,2025-04-22 7:38:00,26.09861228,-80.39886603
8743,2025-04-22 7:52:00,26.1000708,-80.40106586
8744,2025-04-22 8:10:00,26.11978983,-80.37755424
8745,2025-04-22 8:37:00,26.11419661,-80.36420678
8746,2025-04-22 8:57:00,26.10860339,-80.15064746
8747,2025-04-22 9:05:00,26.12089677,-80.137149
8748,2025-04-22 9:32:00,26.122262,-80.1365354
8749,2025-04-22 9:57:00,26.12426166,-80.13554845
8750,2025-04-22 10:02:00,26.12320574,-80.13778114
8751,2025-04-22 10:14:00,26.12380648,-80.13632147
8752,2025-04-22 10:21:00,26.12108003,-80.1369806
8753,2025-04-22 10:34:00,26.12292289,-80.13589355
8754,2025-04-22 10:54:00,26.12226445,-80.13800754
8755,2025-04-22 11:03:00,26.12429804,-80.13562554
8756,2025-04-22 11:26:00,25.44028533,-80.92721066
8757,2025-04-22 11:42:00,26.12077096,-80.1375468
8758,2025-04-22 12:05:00,26.12139253,-80.13616277
8759,2025-04-22 12:29:00,26.12204765,-80.13556552
8760,2025-04-22 12:55:00,26.12230678,-80.13759893
8761,2025-04-22 13:23:00,25.58958336,-81.02478268
8762,2025-04-22 13:50:00,26.12419876,-80.13876917
8763,2025-04-22 14:15:00,26.12046476,-80.13784573
8764,2025-04-22 14:20:00,26.12150281,-80.13869075
8765,2025-04-22 14:27:00,26.12216629,-80.13662942
8766,2025-04-22 14:52:00,26.12100892,-80.13777134
8767,2025-04-22 15:08:00,26.12052187,-80.13862621
8768,2025-04-22 15:34:00,26.12270308,-80.13550797
8769,2025-04-22 15:55:00,26.12412051,-80.13632405
8770,2025-04-22 16:05:00,26.12385094,-80.13710034
8771,2025-04-22 16:15:00,26.12290622,-80.13896493
8772,2025-04-22 16:39:00,26.12299413,-80.13825477
8773,2025-04-22 16:52:00,26.12289407,-80.13797982
8774,2025-04-22 17:03:00,26.08170169,-80.23404576
8775,2025-04-22 17:25:00,26.11187458,-80.25581356
8776,2025-04-22 17:55:00,26.09292881,-80.26548814
8777,2025-04-22 18:11:00,26.08206638,-80.279917
8778,2025-04-22 18:21:00,26.08283395,-80.28126506
8779,2025-04-22 18:31:00,26.07921501,-80.28009522
8780,2025-04-22 18:47:00,26.0823173,-80.28126524
8781,2025-04-22 19:05:00,26.08041342,-80.28106145
8782,2025-04-22 19:14:00,26.08213939,-80.28050911
8783,2025-04-22 19:21:00,26.08134071,-80.27881808
8784,2025-04-22 19:29:00,26.07965895,-80.27928212
8785,2025-04-22 19:38:00,26.08041566,-80.27907998
8786,2025-04-22 20:08:00,26.09913743,-80.3986623
8787,2025-04-22 20:15:00,26.10167701,-80.40178728
8788,2025-04-22 20:25:00,26.09867755,-80.39936643
8789,2025-04-22 20:52:00,26.10106956,-80.39825385
8790,2025-04-22 21:01:00,26.3248906,-79.49402898
8791,2025-04-22 21:07:00,26.09938075,-80.39971247
8792,2025-04-22 21:28:00,26.10072007,-80.3978277
8793,2025-04-22 21:54:00,26.10218976,-80.39995482
8794,2025-04-22 22:01:00,26.10050831,-80.39853235
8795,2025-04-22 22:31:00,26.10058012,-80.39937205
8796,2025-04-22 22:36:00,26.10082146,-80.39832791
8797,2025-04-22 22:55:00,26.10165076,-80.40130135
8798,2025-04-22 23:01:00,26.10134785,-80.40108267
8799,2025-04-22 23:14:00,26.10001196,-80.39934203
8800,2025-04-22 23:40:00,26.09968226,-80.3990597
8801,2025-04-22 23:52:00,26.09963155,-80.40038526
8802,2025-04-23 0:04:00,26.09956712,-80.4005369
8803,2025-04-23 0:34:00,26.10076623,-80.39921851
8804,2025-04-23 0:49:00,26.10076954,-80.40067092
8805,2025-04-23 0:58:00,26.1001756,-80.39839096
8806,2025-04-23 1:24:00,26.10195363,-80.3992163
8807,2025-04-23 1:38:00,26.09967418,-80.39952045
8808,2025-04-23 1:47:00,26.10098784,-80.40172589
8809,2025-04-23 2:05:00,26.0986086,-80.40000744
8810,2025-04-23 2:21:00,26.10197419,-80.39884376
8811,2025-04-23 2:27:00,25.30662209,-80.25190247
8812,2025-04-23 2:38:00,26.10011611,-80.39981963
8813,2025-04-23 2:51:00,26.09955232,-80.39875366
8814,2025-04-23 3:08:00,26.10038508,-80.40097127
8815,2025-04-23 3:30:00,26.09883402,-80.39895495
8816,2025-04-23 3:59:00,26.10000316,-80.39824225
8817,2025-04-23 4:15:00,26.10077217,-80.39999046
8818,2025-04-23 4:42:00,26.1015334,-80.39925305
8819,2025-04-23 5:09:00,26.10089423,-80.40111569
8820,2025-04-23 5:27:00,26.09872596,-80.39993507
8821,2025-04-23 5:46:00,26.09958313,-80.39864467
8822,2025-04-23 5:55:00,26.09947041,-80.40131868
8823,2025-04-23 6:21:00,26.09947649,-80.39806624
8824,2025-04-23 6:29:00,26.09849053,-80.39806405
8825,2025-04-23 6:46:00,26.09882392,-80.39784211
8826,2025-04-23 7:16:00,26.10065983,-80.39880076
8827,2025-04-23 7:38:00,26.09964909,-80.39903755
8828,2025-04-23 7:51:00,26.09947972,-80.39955052
8829,2025-04-23 7:56:00,26.10154454,-80.39910273
8830,2025-04-23 8:24:00,26.10562034,-80.39090169
8831,2025-04-23 8:38:00,26.10338305,-80.34641017
8832,2025-04-23 8:43:00,26.11792542,-80.38645254
8833,2025-04-23 8:50:00,26.10524746,-80.15064746
8834,2025-04-23 9:03:00,26.12368449,-80.13641609
8835,2025-04-23 9:27:00,26.12393124,-80.13726716
8836,2025-04-23 9:41:00,26.121526,-80.13749992
8837,2025-04-23 10:10:00,26.1216908,-80.13629565
8838,2025-04-23 10:19:00,26.12150895,-80.13589898
8839,2025-04-23 10:35:00,26.12052784,-80.13851978
8840,2025-04-23 11:02:00,26.12197586,-80.13726058
8841,2025-04-23 11:10:00,26.12170013,-80.13788023
8842,2025-04-23 11:18:00,26.12150466,-80.13772977
8843,2025-04-23 11:25:00,26.12159363,-80.13670366
8844,2025-04-23 11:54:00,26.12126832,-80.13559662
8845,2025-04-23 12:08:00,26.12051994,-80.13702426
8846,2025-04-23 12:37:00,26.12238901,-80.13676371
8847,2025-04-23 12:52:00,26.12334648,-80.13729431
8848,2025-04-23 12:59:00,26.12245322,-80.13582084
8849,2025-04-23 13:18:00,26.12327066,-80.13680567
8850,2025-04-23 13:23:00,26.12161254,-80.13647409
8851,2025-04-23 13:49:00,26.12156286,-80.13706201
8852,2025-04-23 14:01:00,26.12200091,-80.13873107
8853,2025-04-23 14:24:00,26.1240804,-80.13820874
8854,2025-04-23 14:33:00,26.12320339,-80.1354093
8855,2025-04-23 14:39:00,26.1238708,-80.13877554
8856,2025-04-23 14:53:00,26.12286544,-80.13895467
8857,2025-04-23 15:06:00,25.98500788,-80.74859287
8858,2025-04-23 15:21:00,26.12265165,-80.13840367
8859,2025-04-23 15:32:00,26.12106203,-80.13785984
8860,2025-04-23 16:02:00,26.12384105,-80.13831094
8861,2025-04-23 16:13:00,26.12110732,-80.13670264
8862,2025-04-23 16:32:00,26.1216855,-80.13597463
8863,2025-04-23 16:43:00,26.12086403,-80.138143
8864,2025-04-23 17:06:00,26.09573559,-80.2195339
8865,2025-04-23 17:25:00,26.10696271,-80.2582322
8866,2025-04-23 17:46:00,26.10696271,-80.17357966
8867,2025-04-23 18:16:00,26.08119766,-80.27852463
8868,2025-04-23 18:31:00,26.07957485,-80.28100636
8869,2025-04-23 18:38:00,26.08159364,-80.27973505
8870,2025-04-23 18:56:00,26.08007659,-80.28187422
8871,2025-04-23 19:24:00,26.0819901,-80.28139445
8872,2025-04-23 19:53:00,26.08247798,-80.28032336
8873,2025-04-23 20:12:00,26.09968254,-80.39885092
8874,2025-04-23 20:18:00,26.10017343,-80.39856696
8875,2025-04-23 20:31:00,26.10113113,-80.39951217
8876,2025-04-23 20:57:00,26.10126251,-80.40141678
8877,2025-04-23 21:08:00,26.09847366,-80.40033263
8878,2025-04-23 21:20:00,26.09858324,-80.40119159
8879,2025-04-23 21:41:00,26.09948693,-80.39986989
8880,2025-04-23 22:08:00,26.1001447,-80.39885327
8881,2025-04-23 22:28:00,26.09869789,-80.40001962
8882,2025-04-23 22:43:00,26.10024814,-80.39951143
8883,2025-04-23 23:02:00,26.10000075,-80.39979965
8884,2025-04-23 23:12:00,26.10188303,-80.40053693
8885,2025-04-23 23:18:00,26.09944233,-80.40014611
8886,2025-04-23 23:48:00,26.09905325,-80.39888092
8887,2025-04-24 0:11:00,26.10030924,-80.40055991
8888,2025-04-24 0:16:00,26.10153148,-80.39962906
8889,2025-04-24 0:45:00,26.10094472,-80.39902472
8890,2025-04-24 0:57:00,26.09895482,-80.39945696
8891,2025-04-24 1:04:00,26.09913754,-80.39827915
8892,2025-04-24 1:09:00,26.09842343,-80.3979457
8893,2025-04-24 1:27:00,26.1016883,-80.39867545
8894,2025-04-24 1:46:00,26.10063781,-80.3984051
8895,2025-04-24 2:12:00,26.09882541,-80.39887853
8896,2025-04-24 2:39:00,26.09964281,-80.39927063
8897,2025-04-24 2:54:00,26.10169412,-80.39951685
8898,2025-04-24 3:02:00,26.10117245,-80.40173871
8899,2025-04-24 3:19:00,26.10054658,-80.39939412
8900,2025-04-24 3:27:00,26.10082602,-80.40052628
8901,2025-04-24 3:46:00,26.09876883,-80.3982995
8902,2025-04-24 4:16:00,26.47993995,-80.94735378
8903,2025-04-24 4:29:00,26.10071923,-80.39819491
8904,2025-04-24 4:43:00,26.10142283,-80.39877559
8905,2025-04-24 4:59:00,26.09906446,-80.40017784
8906,2025-04-24 5:29:00,26.09947942,-80.3993543
8907,2025-04-24 5:41:00,26.10014062,-80.39901947
8908,2025-04-24 5:55:00,26.10196629,-80.40048817
8909,2025-04-24 6:09:00,26.10229963,-80.40139386
8910,2025-04-24 6:39:00,26.10026954,-80.40124984
8911,2025-04-24 6:50:00,26.10231846,-80.39940704
8912,2025-04-24 7:02:00,26.10150612,-80.40127957
8913,2025-04-24 7:29:00,26.1000784,-80.40050386
8914,2025-04-24 7:44:00,26.10204096,-80.40022681
8915,2025-04-24 8:07:00,26.11419661,-80.19068983
8916,2025-04-24 8:17:00,26.11717966,-80.3063678
8917,2025-04-24 8:22:00,26.11606102,-80.15954576
8918,2025-04-24 8:41:00,26.12165424,-80.24852881
8919,2025-04-24 8:55:00,26.10562034,-80.30191864
8920,2025-04-24 9:00:00,26.12329425,-80.13880233
8921,2025-04-24 9:19:00,26.12285715,-80.13898326
8922,2025-04-24 9:46:00,26.12360103,-80.13856769
8923,2025-04-24 10:05:00,26.12122035,-80.1372024
8924,2025-04-24 10:29:00,26.12280471,-80.13635822
8925,2025-04-24 10:45:00,26.12043293,-80.13889558
8926,2025-04-24 10:59:00,26.12157547,-80.13766595
8927,2025-04-24 11:16:00,26.12335726,-80.13572344
8928,2025-04-24 11:24:00,26.12301415,-80.13589822
8929,2025-04-24 11:52:00,26.12091414,-80.13637949
8930,2025-04-24 11:57:00,26.12334964,-80.13571948
8931,2025-04-24 12:17:00,26.1227971,-80.13761035
8932,2025-04-24 12:22:00,25.79103335,-80.92983157
8933,2025-04-24 12:34:00,26.12400191,-80.13853129
8934,2025-04-24 12:41:00,26.12238427,-80.13715365
8935,2025-04-24 12:55:00,26.12088192,-80.13783199
8936,2025-04-24 13:02:00,26.68293737,-80.87436351
8937,2025-04-24 13:08:00,26.12121571,-80.1356719
8938,2025-04-24 13:30:00,26.12301417,-80.13693263
8939,2025-04-24 13:53:00,26.12187037,-80.1361926
8940,2025-04-24 14:07:00,26.12043501,-80.13717504
8941,2025-04-24 14:17:00,26.12316222,-80.13660456
8942,2025-04-24 14:36:00,26.12379443,-80.13786381
8943,2025-04-24 14:46:00,26.12370789,-80.13697201
8944,2025-04-24 14:51:00,26.12204421,-80.137225
8945,2025-04-24 15:10:00,26.12234553,-80.13667884
8946,2025-04-24 15:35:00,26.12100765,-80.13563933
8947,2025-04-24 16:04:00,26.12274979,-80.13600728
8948,2025-04-24 16:24:00,26.12161953,-80.13836948
8949,2025-04-24 16:41:00,26.12174266,-80.13921076
8950,2025-04-24 16:57:00,26.12294679,-80.13807915
8951,2025-04-24 17:14:00,26.10766441,-80.16148644
8952,2025-04-24 17:43:00,26.09152542,-80.15664915
8953,2025-04-24 18:05:00,26.08048777,-80.27877204
8954,2025-04-24 18:31:00,26.0819812,-80.28093296
8955,2025-04-24 18:51:00,26.07959167,-80.2811479
8956,2025-04-24 19:20:00,25.35107301,-81.0176941
8957,2025-04-24 19:35:00,26.08012068,-80.27931221
8958,2025-04-24 19:50:00,26.07984654,-80.27875298
8959,2025-04-24 20:09:00,26.10086005,-80.400386
8960,2025-04-24 20:36:00,26.10173118,-80.39954195
8961,2025-04-24 20:48:00,26.10039999,-80.39988823
8962,2025-04-24 21:13:00,26.10007712,-80.40088237
8963,2025-04-24 21:32:00,26.09981808,-80.39891765
8964,2025-04-24 21:50:00,26.09854116,-80.39890108
8965,2025-04-24 22:13:00,26.09855769,-80.39909187
8966,2025-04-24 22:39:00,26.10212974,-80.40097756
8967,2025-04-24 22:49:00,26.10233772,-80.39874653
8968,2025-04-24 23:14:00,26.1005941,-80.39990221
8969,2025-04-24 23:19:00,26.10048051,-80.39901237
8970,2025-04-24 23:46:00,26.09872932,-80.40086866
8971,2025-04-24 23:54:00,26.1023128,-80.40076108
8972,2025-04-25 0:23:00,26.09969947,-80.40095816
8973,2025-04-25 0:52:00,26.09932603,-80.40075064
8974,2025-04-25 1:21:00,26.09875957,-80.39793401
8975,2025-04-25 1:33:00,26.10035024,-80.3982601
8976,2025-04-25 1:51:00,26.10071512,-80.39855851
8977,2025-04-25 2:09:00,26.09854687,-80.3992807
8978,2025-04-25 2:23:00,26.10065569,-80.39990329
8979,2025-04-25 2:28:00,26.10195764,-80.39938432
8980,2025-04-25 2:44:00,26.10207464,-80.40145721
8981,2025-04-25 2:49:00,26.09841627,-80.40155107
8982,2025-04-25 3:03:00,26.09903309,-80.39816543
8983,2025-04-25 3:20:00,26.10234468,-80.39788105
8984,2025-04-25 3:44:00,26.1023237,-80.39985554
8985,2025-04-25 3:51:00,26.09846664,-80.40123412
8986,2025-04-25 4:11:00,26.10156833,-80.40027121
8987,2025-04-25 4:41:00,26.10053447,-80.3984704
8988,2025-04-25 5:07:00,26.1012189,-80.3980315
8989,2025-04-25 5:27:00,26.10161992,-80.40018464
8990,2025-04-25 5:33:00,26.10108216,-80.39950732
8991,2025-04-25 5:51:00,26.10123798,-80.39791272
8992,2025-04-25 6:10:00,26.10180985,-80.3995633
8993,2025-04-25 6:38:00,26.09939892,-80.40162694
8994,2025-04-25 6:50:00,26.10041382,-80.39975815
8995,2025-04-25 6:58:00,26.10116652,-80.39782385
8996,2025-04-25 7:26:00,26.10003519,-80.39977479
8997,2025-04-25 7:56:00,26.10219469,-80.39838268
8998,2025-04-25 8:13:00,26.11307797,-80.3063678
8999,2025-04-25 8:34:00,26.10860339,-80.35085932
9000,2025-04-25 8:41:00,26.1123322,-80.1373
9001,2025-04-25 8:53:00,26.10972203,-80.15509661
9002,2025-04-25 9:22:00,26.1211728,-80.13847932
9003,2025-04-25 9:33:00,26.1220174,-80.13869483
9004,2025-04-25 9:38:00,26.12394132,-80.13689507
9005,2025-04-25 10:06:00,26.67254265,-79.89048596
9006,2025-04-25 10:29:00,26.12383713,-80.13810428
9007,2025-04-25 10:51:00,26.12438224,-80.13555509
9008,2025-04-25 10:56:00,26.12162564,-80.13856654
9009,2025-04-25 11:03:00,26.12186703,-80.1359079
9010,2025-04-25 11:26:00,26.12319323,-80.13583237
9011,2025-04-25 11:50:00,26.12178537,-80.135826
9012,2025-04-25 12:04:00,26.12389089,-80.13760885
9013,2025-04-25 12:15:00,26.12395741,-80.13881655
9014,2025-04-25 12:29:00,26.12360525,-80.13689839
9015,2025-04-25 12:53:00,26.12234993,-80.13602009
9016,2025-04-25 13:20:00,26.12352152,-80.13702659
9017,2025-04-25 13:30:00,26.12188879,-80.1364944
9018,2025-04-25 13:39:00,26.12172483,-80.13810747
9019,2025-04-25 13:59:00,26.1240199,-80.13624134
9020,2025-04-25 14:18:00,26.03308304,-79.83712128
9021,2025-04-25 14:28:00,26.12138258,-80.13691568
9022,2025-04-25 14:57:00,26.12355286,-80.13892195
9023,2025-04-25 15:12:00,26.12065734,-80.13796198
9024,2025-04-25 15:35:00,26.12143771,-80.13876635
9025,2025-04-25 15:49:00,26.12127415,-80.1358696
9026,2025-04-25 16:07:00,26.12368819,-80.13558068
9027,2025-04-25 16:32:00,26.12415954,-80.13874056
9028,2025-04-25 16:49:00,26.12332891,-80.1378731
9029,2025-04-25 17:08:00,26.08380678,-80.17841695
9030,2025-04-25 17:18:00,26.09573559,-80.19292881
9031,2025-04-25 17:43:00,26.09292881,-80.14213729
9032,2025-04-25 18:00:00,26.08043417,-80.27813758
9033,2025-04-25 18:15:00,26.08093833,-80.28043491
9034,2025-04-25 18:26:00,26.07975585,-80.27831574
9035,2025-04-25 18:33:00,26.08176983,-80.27880538
9036,2025-04-25 18:48:00,26.08196541,-80.28055744
9037,2025-04-25 19:16:00,26.08197555,-80.27897625
9038,2025-04-25 19:38:00,26.08165845,-80.27916082
9039,2025-04-25 19:56:00,26.08199094,-80.28105414
9040,2025-04-25 20:08:00,26.09905581,-80.39850889
9041,2025-04-25 20:17:00,26.09972048,-80.40153864
9042,2025-04-25 20:39:00,26.09970711,-80.40080918
9043,2025-04-25 20:56:00,26.10131508,-80.40051652
9044,2025-04-25 21:26:00,26.09879498,-80.39987218
9045,2025-04-25 21:32:00,26.10014418,-80.40062933
9046,2025-04-25 21:45:00,26.10073644,-80.39961595
9047,2025-04-25 22:10:00,26.09871348,-80.40141936
9048,2025-04-25 22:39:00,26.1003032,-80.40089345
9049,2025-04-25 22:59:00,26.09845122,-80.39924327
9050,2025-04-25 23:05:00,26.10076059,-80.39989373
9051,2025-04-25 23:33:00,26.10230726,-80.40135329
9052,2025-04-26 0:02:00,26.10162674,-80.39926285
9053,2025-04-26 0:08:00,26.10082322,-80.40053267
9054,2025-04-26 0:31:00,26.09872196,-80.39942916
9055,2025-04-26 0:38:00,26.10223686,-80.40033624
9056,2025-04-26 1:03:00,26.09941119,-80.39805887
9057,2025-04-26 1:32:00,26.10220894,-80.4006864
9058,2025-04-26 1:37:00,26.09947095,-80.40122746
9059,2025-04-26 1:45:00,26.10226578,-80.40143949
9060,2025-04-26 2:09:00,26.09996972,-80.40146206
9061,2025-04-26 2:22:00,26.10200617,-80.39980827
9062,2025-04-26 2:32:00,26.10221391,-80.39963167
9063,2025-04-26 2:49:00,26.10043375,-80.40048436
9064,2025-04-26 2:59:00,26.09878739,-80.39831209
9065,2025-04-26 3:04:00,26.09906414,-80.40174141
9066,2025-04-26 3:16:00,26.10069944,-80.39864612
9067,2025-04-26 3:26:00,26.09851367,-80.39997484
9068,2025-04-26 3:55:00,26.09854558,-80.39945437
9069,2025-04-26 4:25:00,26.10037965,-80.40135023
9070,2025-04-26 4:51:00,26.09906937,-80.39786387
9071,2025-04-26 5:06:00,26.10110362,-80.40119853
9072,2025-04-26 5:30:00,26.10059066,-80.39873157
9073,2025-04-26 5:59:00,26.10126695,-80.39980145
9074,2025-04-26 6:19:00,26.10201991,-80.40081552
9075,2025-04-26 6:29:00,26.09977308,-80.39992217
9076,2025-04-26 6:52:00,26.09926203,-80.40063153
9077,2025-04-26 7:03:00,26.09942291,-80.39957703
9078,2025-04-26 7:25:00,26.0986891,-80.39875229
9079,2025-04-26 7:36:00,26.09913933,-80.40089936
9080,2025-04-26 8:04:00,26.09947923,-80.39810378
9081,2025-04-26 8:16:00,26.1019261,-80.4011768
9082,2025-04-26 8:37:00,26.09937004,-80.39812137
9083,2025-04-26 8:56:00,26.09913928,-80.39847408
9084,2025-04-26 9:26:00,26.10103605,-80.40127513
9085,2025-04-26 9:53:00,26.10153876,-80.40179206
9086,2025-04-26 9:59:00,26.09872011,-80.39993377
9087,2025-04-26 10:16:00,26.08159379,-80.27966456
9088,2025-04-26 10:44:00,26.08116966,-80.27923541
9089,2025-04-26 10:55:00,26.0790149,-80.27876497
9090,2025-04-26 11:01:00,26.08173909,-80.28124974
9091,2025-04-26 11:26:00,26.07969929,-80.28163589
9092,2025-04-26 11:50:00,26.08172521,-80.28053425
9093,2025-04-26 12:14:00,26.09911575,-80.40060499
9094,2025-04-26 12:29:00,26.09875857,-80.39842382
9095,2025-04-26 12:45:00,26.10066947,-80.39907824
9096,2025-04-26 12:55:00,26.09958302,-80.4009206
9097,2025-04-26 13:15:00,26.10211773,-80.40106451
9098,2025-04-26 13:31:00,26.09841637,-80.39832589
9099,2025-04-26 13:54:00,26.09915102,-80.39974139
9100,2025-04-26 14:20:00,26.09905662,-80.40024973
9101,2025-04-26 14:28:00,26.10077868,-80.3996026
9102,2025-04-26 14:42:00,26.10162936,-80.39971123
9103,2025-04-26 15:10:00,26.10110937,-80.40131242
9104,2025-04-26 15:27:00,26.10149404,-80.39846799
9105,2025-04-26 15:41:00,26.10138927,-80.40014852
9106,2025-04-26 15:48:00,26.10163281,-80.39954713
9107,2025-04-26 15:56:00,26.09866064,-80.39977873
9108,2025-04-26 16:16:00,26.10066736,-80.39935579
9109,2025-04-26 16:44:00,26.10208934,-80.39792546
9110,2025-04-26 17:10:00,26.10038511,-80.40071924
9111,2025-04-26 17:33:00,26.09869271,-80.39924957
9112,2025-04-26 17:57:00,26.09931188,-80.39929062
9113,2025-04-26 18:14:00,26.09897346,-80.40038087
9114,2025-04-26 18:34:00,26.0993144,-80.39850781
9115,2025-04-26 18:57:00,26.10155359,-80.40101838
9116,2025-04-26 19:22:00,26.09918532,-80.39875938
9117,2025-04-26 19:33:00,26.10054902,-80.39842529
9118,2025-04-26 19:51:00,26.09936444,-80.39809572
9119,2025-04-26 19:59:00,26.10124752,-80.40132165
9120,2025-04-26 20:09:00,26.0993494,-80.39954893
9121,2025-04-26 20:23:00,26.10155746,-80.40116175
9122,2025-04-26 20:49:00,26.10238308,-80.3982964
9123,2025-04-26 21:15:00,26.10060304,-80.39898214
9124,2025-04-26 21:45:00,26.09911193,-80.4000037
9125,2025-04-26 22:11:00,26.10059582,-80.39889029
9126,2025-04-26 22:38:00,26.1006747,-80.4012731
9127,2025-04-26 22:55:00,26.09876346,-80.40166096
9128,2025-04-26 23:00:00,26.10147176,-80.40172338
9129,2025-04-26 23:25:00,26.09858533,-80.40079956
9130,2025-04-26 23:49:00,26.10060895,-80.40089442
9131,2025-04-27 0:10:00,26.10076679,-80.40100501
9132,2025-04-27 0:30:00,26.10160366,-80.4002938
9133,2025-04-27 0:37:00,26.09923609,-80.40156967
9134,2025-04-27 1:05:00,26.10017055,-80.40075723
9135,2025-04-27 1:23:00,26.09978298,-80.39793648
9136,2025-04-27 1:30:00,26.09957415,-80.39963828
9137,2025-04-27 1:59:00,26.10016705,-80.40009695
9138,2025-04-27 2:26:00,26.09853961,-80.40059642
9139,2025-04-27 2:41:00,26.10132091,-80.39789798
9140,2025-04-27 2:53:00,26.09943224,-80.40018269
9141,2025-04-27 3:19:00,26.0999796,-80.40015047
9142,2025-04-27 3:39:00,26.10169371,-80.39818357
9143,2025-04-27 3:44:00,26.10113045,-80.39949397
9144,2025-04-27 4:05:00,26.10139279,-80.40097095
9145,2025-04-27 4:26:00,26.10060601,-80.39966428
9146,2025-04-27 4:49:00,26.09989764,-80.39836571
9147,2025-04-27 5:11:00,26.1019105,-80.40069261
9148,2025-04-27 5:25:00,26.10112518,-80.40174712
9149,2025-04-27 5:31:00,26.10229844,-80.40040462
9150,2025-04-27 5:39:00,26.10223547,-80.40178672
9151,2025-04-27 5:54:00,26.09982624,-80.39799729
9152,2025-04-27 6:09:00,26.10237637,-80.39995847
9153,2025-04-27 6:36:00,26.10036207,-80.39927017
9154,2025-04-27 7:02:00,26.10049233,-80.39984559
9155,2025-04-27 7:32:00,26.10090586,-80.40157608
9156,2025-04-27 7:54:00,26.09855554,-80.39838395
9157,2025-04-27 7:59:00,26.09967232,-80.40023016
9158,2025-04-27 8:09:00,26.10078589,-80.39964897
9159,2025-04-27 8:23:00,26.10174684,-80.39798519
9160,2025-04-27 8:41:00,26.09858179,-80.39883051
9161,2025-04-27 8:53:00,26.10090104,-80.40146707
9162,2025-04-27 9:11:00,26.10040349,-80.397836
9163,2025-04-27 9:19:00,26.09952797,-80.39790738
9164,2025-04-27 9:25:00,26.10077631,-80.39956982
9165,2025-04-27 9:35:00,26.09973571,-80.3993688
9166,2025-04-27 10:00:00,26.08062921,-80.27873413
9167,2025-04-27 10:22:00,26.07962403,-80.28146667
9168,2025-04-27 10:33:00,26.08004343,-80.27893767
9169,2025-04-27 10:47:00,26.08040894,-80.27882962
9170,2025-04-27 11:06:00,26.07924485,-80.28015286
9171,2025-04-27 11:30:00,26.07982688,-80.2818621
9172,2025-04-27 11:54:00,26.07968181,-80.27956542
9173,2025-04-27 12:09:00,26.10184423,-80.40062484
9174,2025-04-27 12:36:00,26.10202212,-80.40157688
9175,2025-04-27 12:50:00,26.10079822,-80.40142306
9176,2025-04-27 13:09:00,26.10016215,-80.39922965
9177,2025-04-27 13:38:00,26.10224429,-80.39917891
9178,2025-04-27 14:01:00,26.10037798,-80.39804036
9179,2025-04-27 14:12:00,26.10062661,-80.39793766
9180,2025-04-27 14:19:00,26.09896964,-80.39989422
9181,2025-04-27 14:46:00,26.10149924,-80.3983479
9182,2025-04-27 14:57:00,26.09864058,-80.39968396
9183,2025-04-27 15:04:00,26.09908496,-80.39802136
9184,2025-04-27 15:33:00,26.10030219,-80.39998426
9185,2025-04-27 15:40:00,26.09932285,-80.39888426
9186,2025-04-27 16:10:00,26.099486,-80.39892532
9187,2025-04-27 16:18:00,26.10036374,-80.39895876
9188,2025-04-27 16:45:00,26.09910432,-80.39966258
9189,2025-04-27 17:04:00,26.09877711,-80.39893252
9190,2025-04-27 17:34:00,26.10156815,-80.40074442
9191,2025-04-27 17:42:00,26.09978207,-80.40038441
9192,2025-04-27 18:07:00,26.10161131,-80.3995822
9193,2025-04-27 18:12:00,26.09853629,-80.39954343
9194,2025-04-27 18:24:00,26.10148748,-80.39868705
9195,2025-04-27 18:53:00,26.10216773,-80.40052943
9196,2025-04-27 18:59:00,26.10148573,-80.3996716
9197,2025-04-27 19:23:00,26.10128288,-80.39797878
9198,2025-04-27 19:40:00,26.1018604,-80.39806113
9199,2025-04-27 19:56:00,26.10027483,-80.40115003
9200,2025-04-27 20:07:00,26.10190996,-80.39880654
9201,2025-04-27 20:21:00,26.10234876,-80.39842788
9202,2025-04-27 20:38:00,26.09874974,-80.40046745
9203,2025-04-27 21:04:00,26.09873304,-80.39965308
9204,2025-04-27 21:28:00,26.10108943,-80.39831471
9205,2025-04-27 21:58:00,26.10075538,-80.39927026
9206,2025-04-27 22:18:00,26.10206766,-80.3981502
9207,2025-04-27 22:32:00,26.10032959,-80.39904688
9208,2025-04-27 22:58:00,26.09967951,-80.3978065
9209,2025-04-27 23:17:00,26.1005368,-80.40176303
9210,2025-04-27 23:40:00,26.09854473,-80.40111488
9211,2025-04-28 0:02:00,26.10161968,-80.40061728
9212,2025-04-28 0:24:00,26.10239871,-80.40036555
9213,2025-04-28 0:31:00,26.09945541,-80.39873651
9214,2025-04-28 0:59:00,26.10010582,-80.39955652
9215,2025-04-28 1:19:00,26.10077161,-80.4001046
9216,2025-04-28 1:25:00,26.10195223,-80.40047601
9217,2025-04-28 1:52:00,26.10067809,-80.40153455
9218,2025-04-28 1:57:00,26.10221051,-80.39790176
9219,2025-04-28 2:17:00,26.0984277,-80.40114567
9220,2025-04-28 2:30:00,26.10107903,-80.40143833
9221,2025-04-28 2:50:00,26.09937807,-80.39833813
9222,2025-04-28 3:13:00,26.09910585,-80.39782683
9223,2025-04-28 3:20:00,26.10061242,-80.39923642
9224,2025-04-28 3:35:00,26.10027778,-80.40162772
9225,2025-04-28 3:53:00,26.09922205,-80.40051544
9226,2025-04-28 4:15:00,26.10113435,-80.39884456
9227,2025-04-28 4:25:00,26.1009235,-80.39795166
9228,2025-04-28 4:41:00,26.10223253,-80.39975379
9229,2025-04-28 5:02:00,26.10019581,-80.40016479
9230,2025-04-28 5:19:00,26.10007784,-80.40167142
9231,2025-04-28 5:24:00,26.10060811,-80.40026308
9232,2025-04-28 5:29:00,26.10038429,-80.40168893
9233,2025-04-28 5:41:00,26.09930258,-80.39823462
9234,2025-04-28 5:53:00,26.09946965,-80.4003835
9235,2025-04-28 6:02:00,26.10055445,-80.40021907
9236,2025-04-28 6:19:00,26.10194596,-80.4008411
9237,2025-04-28 6:48:00,26.10180508,-80.40017309
9238,2025-04-28 6:57:00,26.09993205,-80.40013648
9239,2025-04-28 7:13:00,26.10024377,-80.39824366
9240,2025-04-28 7:27:00,26.09966995,-80.40080987
9241,2025-04-28 7:56:00,25.62179539,-81.04562908
9242,2025-04-28 8:19:00,26.10151864,-80.19068983
9243,2025-04-28 8:34:00,26.10860339,-80.30191864
9244,2025-04-28 8:58:00,26.10711186,-80.28857119
9245,2025-04-28 9:13:00,26.12301107,-80.13807062
9246,2025-04-28 9:33:00,26.12342025,-80.13768067
9247,2025-04-28 9:51:00,26.12251097,-80.1380836
9248,2025-04-28 10:15:00,26.12272583,-80.13926061
9249,2025-04-28 10:42:00,26.12386373,-80.13674842
9250,2025-04-28 11:11:00,26.12284449,-80.13897223
9251,2025-04-28 11:37:00,26.12139155,-80.13857941
9252,2025-04-28 12:02:00,26.12312134,-80.1377893
9253,2025-04-28 12:10:00,26.12112815,-80.13685792
9254,2025-04-28 12:25:00,26.12169406,-80.13851872
9255,2025-04-28 12:55:00,26.12160775,-80.13691482
9256,2025-04-28 13:18:00,26.12375534,-80.13612519
9257,2025-04-28 13:45:00,26.12307621,-80.13687616
9258,2025-04-28 13:56:00,26.12437525,-80.13667652
9259,2025-04-28 14:14:00,26.12223003,-80.13869334
9260,2025-04-28 14:22:00,26.12402195,-80.13608335
9261,2025-04-28 14:45:00,26.12193935,-80.13910331
9262,2025-04-28 14:57:00,26.12231017,-80.1354674
9263,2025-04-28 15:06:00,26.12073115,-80.13757195
9264,2025-04-28 15:25:00,26.12068385,-80.13759495
9265,2025-04-28 15:41:00,26.12133135,-80.1369874
9266,2025-04-28 15:50:00,26.12110659,-80.13621247
9267,2025-04-28 16:04:00,26.12370774,-80.1385897
9268,2025-04-28 16:10:00,26.12045927,-80.13900279
9269,2025-04-28 16:28:00,26.12387263,-80.13538555
9270,2025-04-28 16:50:00,26.12257169,-80.13808575
9271,2025-04-28 17:11:00,26.11047119,-80.27758136
9272,2025-04-28 17:33:00,26.0943322,-80.17357966
9273,2025-04-28 17:46:00,26.09012203,-80.22437119
9274,2025-04-28 18:12:00,26.0812704,-80.28132727
9275,2025-04-28 18:21:00,26.08155404,-80.27909903
9276,2025-04-28 18:33:00,26.08279745,-80.2801366
9277,2025-04-28 18:41:00,26.08291929,-80.27926035
9278,2025-04-28 18:53:00,26.08236116,-80.28102865
9279,2025-04-28 19:20:00,26.08216599,-80.27906255
9280,2025-04-28 19:28:00,26.07964169,-80.27839328
9281,2025-04-28 19:44:00,26.07965161,-80.27813238
9282,2025-04-28 20:08:00,26.10235317,-80.40135596
9283,2025-04-28 20:37:00,26.10035711,-80.40160673
9284,2025-04-28 21:06:00,26.09895003,-80.39934417
9285,2025-04-28 21:20:00,26.09925078,-80.39963765
9286,2025-04-28 21:47:00,26.09843267,-80.3999794
9287,2025-04-28 22:05:00,26.09948605,-80.39997129
9288,2025-04-28 22:34:00,26.10034701,-80.39912855
9289,2025-04-28 23:04:00,26.10131668,-80.4017699
9290,2025-04-28 23:29:00,26.10106878,-80.40016254
9291,2025-04-28 23:56:00,26.1012081,-80.40089551
9292,2025-04-29 0:16:00,26.09988725,-80.39918246
9293,2025-04-29 0:28:00,26.0987435,-80.40001232
9294,2025-04-29 0:53:00,26.10139454,-80.39858634
9295,2025-04-29 1:17:00,25.1733925,-80.50971709
9296,2025-04-29 1:45:00,26.09947323,-80.40016299
9297,2025-04-29 2:13:00,26.09914299,-80.39843313
9298,2025-04-29 2:31:00,26.10030644,-80.40176555
9299,2025-04-29 2:38:00,26.10000182,-80.40057166
9300,2025-04-29 3:01:00,26.10141226,-80.39840155
9301,2025-04-29 3:11:00,26.10189042,-80.40061143
9302,2025-04-29 3:20:00,26.10139025,-80.40031183
9303,2025-04-29 3:44:00,26.09970457,-80.40146263
9304,2025-04-29 4:12:00,26.10163603,-80.40120165
9305,2025-04-29 4:27:00,26.0996262,-80.40063816
9306,2025-04-29 4:44:00,26.09954771,-80.39927495
9307,2025-04-29 4:55:00,26.10093076,-80.3983193
9308,2025-04-29 5:15:00,26.09923877,-80.39973975
9309,2025-04-29 5:42:00,26.0988418,-80.40051692
9310,2025-04-29 5:53:00,26.09915368,-80.40040517
9311,2025-04-29 6:02:00,26.09851786,-80.39834524
9312,2025-04-29 6:08:00,26.10195512,-80.4000644
9313,2025-04-29 6:17:00,26.10192677,-80.39975696
9314,2025-04-29 6:25:00,26.10145109,-80.40012389
9315,2025-04-29 6:32:00,26.10125385,-80.40075919
9316,2025-04-29 6:53:00,26.10222068,-80.39934886
9317,2025-04-29 7:18:00,26.09852393,-80.39939913
9318,2025-04-29 7:38:00,26.10160049,-80.40143764
9319,2025-04-29 7:57:00,26.10158474,-80.40127947
9320,2025-04-29 8:23:00,26.1224,-80.14619831
9321,2025-04-29 8:35:00,26.12202712,-80.19958814
9322,2025-04-29 8:46:00,26.11084068,-80.3152661
9323,2025-04-29 8:53:00,26.11009492,-80.38200339
9324,2025-04-29 9:17:00,26.12359751,-80.1368631
9325,2025-04-29 9:27:00,26.12063057,-80.13565145
9326,2025-04-29 9:40:00,26.12414215,-80.13891327
9327,2025-04-29 9:59:00,26.1217766,-80.1363707
9328,2025-04-29 10:26:00,26.12051356,-80.13587373
9329,2025-04-29 10:35:00,26.12278818,-80.13636091
9330,2025-04-29 10:44:00,26.12130828,-80.13720239
9331,2025-04-29 10:50:00,26.12344443,-80.13703606
9332,2025-04-29 11:01:00,26.12319329,-80.13725955
9333,2025-04-29 11:06:00,26.12292988,-80.13753896
9334,2025-04-29 11:30:00,26.12225992,-80.13928515
9335,2025-04-29 12:00:00,26.12425901,-80.13667523
9336,2025-04-29 12:17:00,26.12270145,-80.13797615
9337,2025-04-29 12:41:00,26.12333829,-80.13863776
9338,2025-04-29 12:50:00,26.1238674,-80.13912113
9339,2025-04-29 12:57:00,26.12415002,-80.13625766
9340,2025-04-29 13:15:00,26.12045922,-80.13630331
9341,2025-04-29 13:30:00,26.1222991,-80.13647172
9342,2025-04-29 13:51:00,26.12433629,-80.13926331
9343,2025-04-29 14:03:00,26.12302357,-80.13696779
9344,2025-04-29 14:14:00,26.12127721,-80.13806998
9345,2025-04-29 14:23:00,26.12350851,-80.13843535
9346,2025-04-29 14:45:00,26.12254466,-80.13826542
9347,2025-04-29 15:04:00,26.12399455,-80.13629811
9348,2025-04-29 15:20:00,26.12102231,-80.13690359
9349,2025-04-29 15:43:00,26.12283998,-80.13689915
9350,2025-04-29 15:56:00,26.12325188,-80.13713783
9351,2025-04-29 16:05:00,26.12354151,-80.13794154
9352,2025-04-29 16:13:00,26.12327105,-80.13617714
9353,2025-04-29 16:39:00,26.12228413,-80.13920085
9354,2025-04-29 16:54:00,26.12319943,-80.13850478
9355,2025-04-29 17:01:00,26.11959322,-80.24855763
9356,2025-04-29 17:30:00,26.11748814,-80.19534746
9357,2025-04-29 17:38:00,26.09994576,-80.23162712
9358,2025-04-29 17:53:00,26.10134915,-80.24372034
9359,2025-04-29 18:17:00,26.08043661,-80.2783541
9360,2025-04-29 18:43:00,26.08123711,-80.27947599
9361,2025-04-29 19:12:00,26.08165931,-80.28012848
9362,2025-04-29 19:27:00,26.08106039,-80.27822379
9363,2025-04-29 19:41:00,26.08216493,-80.27854785
9364,2025-04-29 19:47:00,26.08141352,-80.27957463
9365,2025-04-29 20:11:00,26.09891489,-80.39959579
9366,2025-04-29 20:24:00,26.09959181,-80.40154006
9367,2025-04-29 20:52:00,26.09921357,-80.40168177
9368,2025-04-29 21:11:00,26.09940875,-80.40149669
9369,2025-04-29 21:41:00,26.09845809,-80.39809499
9370,2025-04-29 22:01:00,26.10220514,-80.40140862
9371,2025-04-29 22:14:00,26.1003312,-80.40095922
9372,2025-04-29 22:20:00,26.10138275,-80.40128087
9373,2025-04-29 22:48:00,26.10137349,-80.3994199
9374,2025-04-29 23:07:00,26.09864179,-80.40141688
9375,2025-04-29 23:23:00,26.09943927,-80.39796604
9376,2025-04-29 23:45:00,26.09998575,-80.39905823
9377,2025-04-29 23:50:00,26.09862914,-80.39972189
9378,2025-04-30 0:19:00,26.10216069,-80.39927215
9379,2025-04-30 0:41:00,26.10053573,-80.40034464
9380,2025-04-30 1:03:00,26.1008912,-80.39843635
9381,2025-04-30 1:13:00,26.10236341,-80.40110575
9382,2025-04-30 1:40:00,26.10099938,-80.40105062
9383,2025-04-30 1:47:00,26.1022375,-80.40055881
9384,2025-04-30 1:55:00,26.09841374,-80.40011567
9385,2025-04-30 2:18:00,26.09855521,-80.39936647
9386,2025-04-30 2:46:00,26.09917996,-80.40167101
9387,2025-04-30 2:51:00,26.09900829,-80.40097553
9388,2025-04-30 3:17:00,26.10020368,-80.39915668
9389,2025-04-30 3:28:00,26.10121654,-80.40087484
9390,2025-04-30 3:41:00,26.10033951,-80.40161822
9391,2025-04-30 3:55:00,26.09994064,-80.39900467
9392,2025-04-30 4:17:00,26.10049984,-80.39780909
9393,2025-04-30 4:24:00,26.10204877,-80.39846856
9394,2025-04-30 4:43:00,26.10164672,-80.39873247
9395,2025-04-30 4:53:00,26.09947116,-80.39904506
9396,2025-04-30 5:01:00,26.10150289,-80.40042077
9397,2025-04-30 5:18:00,26.09909984,-80.40108121
9398,2025-04-30 5:27:00,26.09879277,-80.40022982
9399,2025-04-30 5:50:00,26.10154245,-80.40008256
9400,2025-04-30 6:11:00,26.09982156,-80.39869258
9401,2025-04-30 6:26:00,26.10131692,-80.39991989
9402,2025-04-30 6:44:00,26.10225998,-80.39883358
9403,2025-04-30 6:52:00,26.10239157,-80.39965498
9404,2025-04-30 7:07:00,26.09937072,-80.39927038
9405,2025-04-30 7:36:00,26.10130002,-80.4006169
9406,2025-04-30 7:59:00,26.09945723,-80.4011154
9407,2025-04-30 8:17:00,26.10077288,-80.25297797
9408,2025-04-30 8:46:00,26.12202712,-80.36420678
9409,2025-04-30 9:03:00,26.12161444,-80.13605123
9410,2025-04-30 9:32:00,26.12223786,-80.13693664
9411,2025-04-30 9:44:00,26.12149801,-80.13673194
9412,2025-04-30 9:49:00,26.12113445,-80.13669039
9413,2025-04-30 9:58:00,26.12304737,-80.13816262
9414,2025-04-30 10:26:00,26.12215871,-80.13807514
9415,2025-04-30 10:48:00,26.12218412,-80.1381283
9416,2025-04-30 11:07:00,26.12301446,-80.13588034
9417,2025-04-30 11:28:00,26.12337116,-80.13890277
9418,2025-04-30 11:50:00,26.12320112,-80.13681513
9419,2025-04-30 12:03:00,26.12098496,-80.1382193
9420,2025-04-30 12:15:00,26.12312305,-80.13704629
9421,2025-04-30 12:41:00,26.12201994,-80.13549406
9422,2025-04-30 12:51:00,26.12331316,-80.13719857
9423,2025-04-30 13:19:00,26.12333576,-80.13797571
9424,2025-04-30 13:48:00,26.12419843,-80.13712886
9425,2025-04-30 14:14:00,26.12126367,-80.13827955
9426,2025-04-30 14:34:00,26.12196407,-80.13815456
9427,2025-04-30 15:02:00,26.12342507,-80.13790638
9428,2025-04-30 15:10:00,26.12357883,-80.13828326
9429,2025-04-30 15:31:00,26.12388746,-80.13735528
9430,2025-04-30 15:41:00,26.12046822,-80.13911687
9431,2025-04-30 15:58:00,26.12429804,-80.13761301
9432,2025-04-30 16:21:00,26.1241423,-80.13745909
9433,2025-04-30 16:32:00,25.22178949,-80.43404068
9434,2025-04-30 16:57:00,26.12400106,-80.13653479
9435,2025-04-30 17:02:00,26.12169831,-80.14455593
9436,2025-04-30 17:25:00,26.1224,-80.19534746
9437,2025-04-30 17:50:00,26.11117288,-80.27032542
9438,2025-04-30 18:01:00,26.08036736,-80.27951696
9439,2025-04-30 18:25:00,26.08143009,-80.28112978
9440,2025-04-30 18:40:00,26.08243901,-80.27948852
9441,2025-04-30 18:54:00,26.07931957,-80.27932194
9442,2025-04-30 19:24:00,26.07948795,-80.28157621
9443,2025-04-30 19:31:00,26.08141787,-80.2785484
9444,2025-04-30 19:43:00,26.08210273,-80.28105299
9445,2025-04-30 20:06:00,26.09878754,-80.40011857
9446,2025-04-30 20:33:00,26.0988418,-80.40117167
9447,2025-04-30 20:51:00,26.10192333,-80.40085982
9448,2025-04-30 20:59:00,26.0986308,-80.39861298
9449,2025-04-30 21:22:00,26.10236565,-80.39947864
9450,2025-04-30 21:34:00,26.17224628,-80.48554827
9451,2025-04-30 21:44:00,26.1020421,-80.39795637
9452,2025-04-30 21:58:00,26.10201042,-80.39867821
9453,2025-04-30 22:07:00,26.10150966,-80.40151223
9454,2025-04-30 22:29:00,26.1012626,-80.40094418
9455,2025-04-30 22:47:00,26.09973326,-80.39870832
9456,2025-04-30 23:12:00,26.10147019,-80.39874486
9457,2025-04-30 23:41:00,25.58799774,-80.03791396
9458,2025-04-30 23:55:00,26.09990926,-80.4002983
9459,2025-05-01 0:20:00,26.10197148,-80.40032247
9460,2025-05-01 0:27:00,26.10117862,-80.39803338
9461,2025-05-01 0:45:00,26.10105636,-80.39869928
9462,2025-05-01 1:06:00,26.10005312,-80.39916634
9463,2025-05-01 1:35:00,26.10090773,-80.3984954
9464,2025-05-01 1:48:00,26.09867597,-80.39788484
9465,2025-05-01 2:06:00,26.09886209,-80.39966066
9466,2025-05-01 2:23:00,26.10163031,-80.39813199
9467,2025-05-01 2:40:00,26.09995534,-80.39882511
9468,2025-05-01 2:58:00,25.24440637,-79.77542625
9469,2025-05-01 3:16:00,26.09872642,-80.4016798
9470,2025-05-01 3:34:00,26.10210533,-80.3998097
9471,2025-05-01 3:58:00,26.10175742,-80.39823065
9472,2025-05-01 4:05:00,26.10152456,-80.39816622
9473,2025-05-01 4:17:00,26.10056583,-80.40059793
9474,2025-05-01 4:38:00,26.09965842,-80.40148694
9475,2025-05-01 4:48:00,26.10030334,-80.40137052
9476,2025-05-01 5:06:00,26.10064101,-80.40141731
9477,2025-05-01 5:18:00,26.09913274,-80.39899903
9478,2025-05-01 5:41:00,26.10161059,-80.39849052
9479,2025-05-01 5:51:00,26.10053684,-80.39964
9480,2025-05-01 6:21:00,26.09998866,-80.40109014
9481,2025-05-01 6:51:00,26.09954763,-80.39886962
9482,2025-05-01 7:00:00,26.10061008,-80.39923123
9483,2025-05-01 7:09:00,26.09941832,-80.39969513
9484,2025-05-01 7:34:00,26.09929922,-80.40168576
9485,2025-05-01 8:01:00,26.1164339,-80.38200339
9486,2025-05-01 8:28:00,26.11084068,-80.28412203
9487,2025-05-01 8:40:00,26.10524746,-80.35975763
9488,2025-05-01 9:07:00,26.12384681,-80.13684826
9489,2025-05-01 9:13:00,26.12433125,-80.13716496
9490,2025-05-01 9:36:00,26.12090605,-80.13534875
9491,2025-05-01 10:02:00,26.12072162,-80.13608359
9492,2025-05-01 10:24:00,26.12394066,-80.13690573
9493,2025-05-01 10:52:00,26.12333045,-80.13755233
9494,2025-05-01 11:11:00,26.121774,-80.13555418
9495,2025-05-01 11:40:00,26.12326591,-80.13926459
9496,2025-05-01 12:09:00,26.12067594,-80.13684636
9497,2025-05-01 12:35:00,26.12348574,-80.13908441
9498,2025-05-01 12:48:00,26.12163088,-80.13654925
9499,2025-05-01 13:18:00,26.12238897,-80.13912465
9500,2025-05-01 13:28:00,26.12274841,-80.1376989
9501,2025-05-01 13:57:00,26.12417287,-80.1387147
9502,2025-05-01 14:18:00,26.12394638,-80.13604061
9503,2025-05-01 14:27:00,26.12180215,-80.13843378
9504,2025-05-01 14:47:00,26.12180607,-80.13541693
9505,2025-05-01 14:52:00,26.12267297,-80.1359898
9506,2025-05-01 15:10:00,26.12272669,-80.13832932
9507,2025-05-01 15:30:00,26.12200455,-80.13596198
9508,2025-05-01 15:59:00,26.1211262,-80.13599533
9509,2025-05-01 16:10:00,26.12210669,-80.13850651
9510,2025-05-01 16:17:00,26.12148768,-80.13791198
9511,2025-05-01 16:27:00,26.12433881,-80.13635668
9512,2025-05-01 16:49:00,26.12210472,-80.13825182
9513,2025-05-01 17:04:00,26.10205085,-80.25581356
9514,2025-05-01 17:22:00,26.08731525,-80.14455593
9515,2025-05-01 17:46:00,26.09222712,-80.20260339
9516,2025-05-01 17:51:00,26.10415593,-80.1977661
9517,2025-05-01 18:00:00,26.07930329,-80.27976365
9518,2025-05-01 18:15:00,26.08099749,-80.28142123
9519,2025-05-01 18:23:00,26.0800673,-80.28125821
9520,2025-05-01 18:42:00,26.08218834,-80.28115201
9521,2025-05-01 18:50:00,26.08042932,-80.28168343
9522,2025-05-01 19:10:00,26.07976247,-80.27887012
9523,2025-05-01 19:37:00,26.08217178,-80.2787298
9524,2025-05-01 20:05:00,26.09897692,-80.39861693
9525,2025-05-01 20:33:00,26.09997175,-80.39782725
9526,2025-05-01 20:55:00,26.09990261,-80.40028111
9527,2025-05-01 21:20:00,26.10012615,-80.39848481
9528,2025-05-01 21:39:00,26.10135219,-80.40033866
9529,2025-05-01 21:52:00,26.10035057,-80.40149598
9530,2025-05-01 22:03:00,26.09848137,-80.40162763
9531,2025-05-01 22:23:00,26.09959869,-80.39835742
9532,2025-05-01 22:45:00,26.10069873,-80.39847751
9533,2025-05-01 23:09:00,26.10235764,-80.40113257
9534,2025-05-01 23:32:00,26.1001071,-80.40148658
9535,2025-05-02 0:02:00,26.10184504,-80.40049301
9536,2025-05-02 0:31:00,26.10149396,-80.39980148
9537,2025-05-02 1:00:00,26.09886223,-80.40179511
9538,2025-05-02 1:25:00,26.09950548,-80.39908538
9539,2025-05-02 1:48:00,26.10140513,-80.40072786
9540,2025-05-02 1:59:00,26.10095753,-80.40000112
9541,2025-05-02 2:11:00,26.09936521,-80.39999835
9542,2025-05-02 2:21:00,26.10176402,-80.39885814
9543,2025-05-02 2:48:00,26.10040653,-80.39839783
9544,2025-05-02 3:16:00,26.10079047,-80.39908523
9545,2025-05-02 3:24:00,26.09904355,-80.40129127
9546,2025-05-02 3:35:00,26.10049529,-80.401726
9547,2025-05-02 4:03:00,26.10000287,-80.3992071
9548,2025-05-02 4:10:00,26.1012836,-80.40031175
9549,2025-05-02 4:15:00,26.10204007,-80.39957396
9550,2025-05-02 4:39:00,26.09871793,-80.39908165
9551,2025-05-02 5:07:00,26.09930516,-80.39997873
9552,2025-05-02 5:34:00,26.09957658,-80.39911266
9553,2025-05-02 5:53:00,26.10232277,-80.39987282
9554,2025-05-02 6:06:00,26.09860828,-80.39878276
9555,2025-05-02 6:27:00,26.10176331,-80.40123421
9556,2025-05-02 6:50:00,26.102169,-80.40057227
9557,2025-05-02 7:09:00,26.10141108,-80.39942418
9558,2025-05-02 7:29:00,26.10227192,-80.39855196
9559,2025-05-02 7:56:00,26.0996774,-80.40046455
9560,2025-05-02 8:09:00,26.1123322,-80.33751186
9561,2025-05-02 8:34:00,26.10673898,-80.19958814
9562,2025-05-02 9:04:00,26.1221508,-80.1385308
9563,2025-05-02 9:19:00,26.12047503,-80.13598733
9564,2025-05-02 9:24:00,26.12396511,-80.13849732
9565,2025-05-02 9:46:00,26.12312717,-80.1377668
9566,2025-05-02 9:56:00,26.12223237,-80.13902044
9567,2025-05-02 10:13:00,26.12109073,-80.13869124
9568,2025-05-02 10:23:00,26.12110416,-80.13634246
9569,2025-05-02 10:32:00,26.12236999,-80.13756684
9570,2025-05-02 10:54:00,26.12052456,-80.13568108
9571,2025-05-02 11:09:00,26.12172978,-80.13675126
9572,2025-05-02 11:30:00,26.12093752,-80.13579159
9573,2025-05-02 11:55:00,27.06896358,-80.26106423
9574,2025-05-02 12:23:00,26.12434925,-80.13920254
9575,2025-05-02 12:50:00,26.12105154,-80.13879586
9576,2025-05-02 13:18:00,26.12435688,-80.1363176
9577,2025-05-02 13:44:00,26.12385244,-80.13697556
9578,2025-05-02 14:01:00,26.1243636,-80.13928919
9579,2025-05-02 14:11:00,26.12256056,-80.13564887
9580,2025-05-02 14:25:00,26.12084497,-80.13874809
9581,2025-05-02 14:35:00,26.12360203,-80.13651647
9582,2025-05-02 14:52:00,26.1204745,-80.13666539
9583,2025-05-02 15:20:00,26.12220149,-80.13540577
9584,2025-05-02 15:43:00,26.1235778,-80.13830394
9585,2025-05-02 16:09:00,26.12288253,-80.13912313
9586,2025-05-02 16:32:00,26.12302964,-80.13684164
9587,2025-05-02 16:49:00,26.12268687,-80.13536046
9588,2025-05-02 17:09:00,26.09924407,-80.18809153
9589,2025-05-02 17:26:00,26.10555932,-80.21469661
9590,2025-05-02 17:47:00,26.10766441,-80.27274407
9591,2025-05-02 18:00:00,26.08047933,-80.28151784
9592,2025-05-02 18:10:00,26.08198514,-80.27961764
9593,2025-05-02 18:23:00,26.07922589,-80.27989353
9594,2025-05-02 18:36:00,26.08193958,-80.28141153
9595,2025-05-02 18:58:00,26.08061667,-80.28067483
9596,2025-05-02 19:03:00,26.08009082,-80.27854229
9597,2025-05-02 19:26:00,26.0798148,-80.28192359
9598,2025-05-02 19:56:00,26.08208848,-80.27862015
9599,2025-05-02 20:06:00,26.1014321,-80.39802277
9600,2025-05-02 20:30:00,26.09997674,-80.40130953
9601,2025-05-02 20:51:00,26.0991512,-80.4013813
9602,2025-05-02 21:05:00,26.10064342,-80.39868393
9603,2025-05-02 21:26:00,26.09914673,-80.40068136
9604,2025-05-02 21:56:00,26.10151608,-80.40074682
9605,2025-05-02 22:15:00,26.09999376,-80.40066825
9606,2025-05-02 22:37:00,26.10062613,-80.40007905
9607,2025-05-02 22:49:00,26.10088713,-80.40093537
9608,2025-05-02 22:59:00,26.0994884,-80.40003915
9609,2025-05-02 23:17:00,26.10229851,-80.39780485
9610,2025-05-02 23:40:00,26.10176951,-80.39848248
9611,2025-05-03 0:10:00,26.10149234,-80.39900004
9612,2025-05-03 0:22:00,26.10159062,-80.3995526
9613,2025-05-03 0:46:00,26.10143394,-80.39797733
9614,2025-05-03 1:00:00,26.10058067,-80.39902584
9615,2025-05-03 1:18:00,26.0991606,-80.39941055
9616,2025-05-03 1:46:00,26.09885693,-80.40171364
9617,2025-05-03 2:11:00,26.09973348,-80.39784946
9618,2025-05-03 2:19:00,26.10206525,-80.40048546
9619,2025-05-03 2:29:00,26.10099188,-80.40003212
9620,2025-05-03 2:38:00,26.101264,-80.40173133
9621,2025-05-03 2:48:00,26.10195044,-80.39809406
9622,2025-05-03 3:07:00,26.1000201,-80.39874811
9623,2025-05-03 3:13:00,26.10089578,-80.39913967
9624,2025-05-03 3:24:00,26.10044885,-80.39944108
9625,2025-05-03 3:32:00,26.10198378,-80.39890118
9626,2025-05-03 3:49:00,26.1008217,-80.40023609
9627,2025-05-03 4:06:00,26.10217788,-80.40171795
9628,2025-05-03 4:17:00,26.10105449,-80.40108321
9629,2025-05-03 4:43:00,26.10217751,-80.40058514
9630,2025-05-03 5:13:00,26.1004737,-80.40022459
9631,2025-05-03 5:33:00,26.0991621,-80.3986084
9632,2025-05-03 5:52:00,26.10017161,-80.40011065
9633,2025-05-03 6:17:00,26.09948867,-80.39983055
9634,2025-05-03 6:26:00,26.09954157,-80.40172162
9635,2025-05-03 6:52:00,26.09933189,-80.4015696
9636,2025-05-03 7:19:00,26.09909016,-80.4012056
9637,2025-05-03 7:37:00,26.10127846,-80.4009821
9638,2025-05-03 7:56:00,26.0984487,-80.40067566
9639,2025-05-03 8:26:00,26.10126185,-80.40036384
9640,2025-05-03 8:45:00,26.10155083,-80.39896001
9641,2025-05-03 9:06:00,26.09911089,-80.40058273
9642,2025-05-03 9:32:00,26.10173081,-80.39999404
9643,2025-05-03 9:48:00,26.09935018,-80.39864303
9644,2025-05-03 10:03:00,26.07996864,-80.27848462
9645,2025-05-03 10:30:00,26.08017951,-80.27814629
9646,2025-05-03 10:41:00,26.07941512,-80.28148079
9647,2025-05-03 10:53:00,26.08060069,-80.28103909
9648,2025-05-03 10:58:00,26.08187106,-80.28184241
9649,2025-05-03 11:16:00,26.08299908,-80.28149224
9650,2025-05-03 11:37:00,26.08187127,-80.28171187
9651,2025-05-03 12:06:00,26.09930098,-80.39784091
9652,2025-05-03 12:35:00,26.10024046,-80.40163675
9653,2025-05-03 12:48:00,26.09900866,-80.40168703
9654,2025-05-03 12:56:00,26.10003362,-80.39971393
9655,2025-05-03 13:02:00,26.09913994,-80.40142674
9656,2025-05-03 13:27:00,26.10082515,-80.40175601
9657,2025-05-03 13:55:00,26.10129395,-80.39905718
9658,2025-05-03 14:07:00,26.10185063,-80.3999805
9659,2025-05-03 14:24:00,26.10202307,-80.39876536
9660,2025-05-03 14:48:00,26.10053515,-80.40167894
9661,2025-05-03 15:09:00,26.09984923,-80.39836238
9662,2025-05-03 15:30:00,26.09868953,-80.39887541
9663,2025-05-03 15:49:00,26.10212336,-80.39902307
9664,2025-05-03 16:02:00,26.0996925,-80.40023908
9665,2025-05-03 16:21:00,26.1007716,-80.40154419
9666,2025-05-03 16:28:00,26.09945729,-80.39896626
9667,2025-05-03 16:39:00,26.10153197,-80.39907917
9668,2025-05-03 16:51:00,26.09968419,-80.39958573
9669,2025-05-03 17:19:00,26.09882627,-80.40004539
9670,2025-05-03 17:30:00,26.10095297,-80.40123321
9671,2025-05-03 17:45:00,26.09873481,-80.40023434
9672,2025-05-03 17:50:00,26.09870009,-80.40004546
9673,2025-05-03 17:59:00,26.09840679,-80.39811235
9674,2025-05-03 18:19:00,26.09937401,-80.40110566
9675,2025-05-03 18:43:00,26.10021441,-80.39819509
9676,2025-05-03 18:59:00,26.09959643,-80.39808417
9677,2025-05-03 19:27:00,26.10238907,-80.40130372
9678,2025-05-03 19:33:00,26.10000645,-80.39853594
9679,2025-05-03 19:47:00,26.09941434,-80.40119883
9680,2025-05-03 20:15:00,26.09946379,-80.39996914
9681,2025-05-03 20:32:00,26.09844125,-80.40029478
9682,2025-05-03 20:38:00,26.10001855,-80.40104784
9683,2025-05-03 20:58:00,26.09847089,-80.40143047
9684,2025-05-03 21:13:00,26.10133703,-80.39950203
9685,2025-05-03 21:24:00,26.10041061,-80.40151942
9686,2025-05-03 21:38:00,26.10004824,-80.39861405
9687,2025-05-03 21:53:00,26.0992295,-80.40005395
9688,2025-05-03 22:15:00,26.09880151,-80.40141409
9689,2025-05-03 22:22:00,26.09874974,-80.400679
9690,2025-05-03 22:28:00,26.09923906,-80.39819448
9691,2025-05-03 22:41:00,26.10157628,-80.4015759
9692,2025-05-03 22:55:00,26.09916211,-80.40164052
9693,2025-05-03 23:06:00,26.09992062,-80.40172799
9694,2025-05-03 23:34:00,26.09851149,-80.39791951
9695,2025-05-04 0:00:00,26.09919721,-80.3986557
9696,2025-05-04 0:17:00,26.10156795,-80.3987556
9697,2025-05-04 0:28:00,26.10080716,-80.39795823
9698,2025-05-04 0:42:00,26.10114142,-80.40056974
9699,2025-05-04 0:53:00,26.10059805,-80.39963396
9700,2025-05-04 1:21:00,26.10092465,-80.4013407
9701,2025-05-04 1:51:00,26.10005344,-80.40100111
9702,2025-05-04 2:21:00,26.10019253,-80.39936959
9703,2025-05-04 2:38:00,26.09926193,-80.3984878
9704,2025-05-04 2:47:00,26.10097932,-80.39933368
9705,2025-05-04 2:55:00,26.10109144,-80.3984288
9706,2025-05-04 3:00:00,26.10007207,-80.40178665
9707,2025-05-04 3:05:00,26.09841919,-80.39797971
9708,2025-05-04 3:28:00,26.10236966,-80.40119456
9709,2025-05-04 3:36:00,26.09988585,-80.39917447
9710,2025-05-04 3:46:00,26.10049351,-80.39781132
9711,2025-05-04 3:58:00,26.09868076,-80.40044892
9712,2025-05-04 4:11:00,26.10090806,-80.39791269
9713,2025-05-04 4:41:00,26.10032483,-80.40020669
9714,2025-05-04 4:56:00,26.09997791,-80.40063066
9715,2025-05-04 5:26:00,26.1017898,-80.40007233
9716,2025-05-04 5:55:00,26.10042072,-80.39935125
9717,2025-05-04 6:23:00,26.09852464,-80.40009172
9718,2025-05-04 6:37:00,26.10016211,-80.39782806
9719,2025-05-04 6:47:00,26.10238996,-80.39905846
9720,2025-05-04 7:03:00,26.09864449,-80.40024097
9721,2025-05-04 7:26:00,26.1020581,-80.39836673
9722,2025-05-04 7:32:00,26.10063391,-80.40008851
9723,2025-05-04 7:48:00,26.09907232,-80.3988863
9724,2025-05-04 8:00:00,26.09977954,-80.40004678
9725,2025-05-04 8:22:00,26.09989413,-80.39811357
9726,2025-05-04 8:43:00,26.09877033,-80.39891669
9727,2025-05-04 9:03:00,26.09930191,-80.40006288
9728,2025-05-04 9:20:00,26.10055262,-80.39889302
9729,2025-05-04 9:43:00,26.09975154,-80.39997769
9730,2025-05-04 10:02:00,26.08012252,-80.27965654
9731,2025-05-04 10:14:00,26.0804407,-80.2797348
9732,2025-05-04 10:20:00,26.08137149,-80.27886931
9733,2025-05-04 10:32:00,26.08044363,-80.28028701
9734,2025-05-04 10:41:00,26.08289919,-80.27955475
9735,2025-05-04 10:53:00,26.08114461,-80.28197272
9736,2025-05-04 10:58:00,26.07903254,-80.28108733
9737,2025-05-04 11:24:00,26.45544657,-79.59391215
9738,2025-05-04 11:49:00,26.07972857,-80.27920939
9739,2025-05-04 12:15:00,26.10091506,-80.39928652
9740,2025-05-04 12:33:00,26.10151979,-80.40019988
9741,2025-05-04 12:47:00,26.09914718,-80.39941844
9742,2025-05-04 13:08:00,26.10207754,-80.4010544
9743,2025-05-04 13:15:00,26.09899339,-80.39936631
9744,2025-05-04 13:22:00,26.10081214,-80.40015653
9745,2025-05-04 13:28:00,26.09881188,-80.40084257
9746,2025-05-04 13:54:00,26.10024126,-80.39976068
9747,2025-05-04 14:09:00,26.09902337,-80.39945905
9748,2025-05-04 14:27:00,26.10129032,-80.39934292
9749,2025-05-04 14:57:00,26.09991199,-80.39794434
9750,2025-05-04 15:08:00,26.10153392,-80.40173237
9751,2025-05-04 15:30:00,26.09942139,-80.39943353
9752,2025-05-04 15:49:00,26.10096905,-80.39972889
9753,2025-05-04 16:17:00,26.09898762,-80.39811804
9754,2025-05-04 16:30:00,26.09863507,-80.40045577
9755,2025-05-04 16:43:00,26.10065195,-80.40156833
9756,2025-05-04 16:54:00,26.10172668,-80.3991055
9757,2025-05-04 17:06:00,26.10135912,-80.39979968
9758,2025-05-04 17:14:00,26.09926837,-80.39916778
9759,2025-05-04 17:24:00,26.10186874,-80.39884847
9760,2025-05-04 17:54:00,26.10039303,-80.39993518
9761,2025-05-04 18:13:00,26.09863783,-80.39888231
9762,2025-05-04 18:37:00,26.10026077,-80.3980104
9763,2025-05-04 18:48:00,26.10178647,-80.39900907
9764,2025-05-04 18:54:00,26.09976189,-80.399993
9765,2025-05-04 19:14:00,26.10136486,-80.39809927
9766,2025-05-04 19:35:00,26.10103051,-80.40148041
9767,2025-05-04 19:40:00,26.09915212,-80.39997428
9768,2025-05-04 20:01:00,26.10144305,-80.40068671
9769,2025-05-04 20:25:00,26.10057564,-80.39820036
9770,2025-05-04 20:36:00,26.10090787,-80.3982888
9771,2025-05-04 21:03:00,26.10082291,-80.40042577
9772,2025-05-04 21:26:00,26.09972176,-80.39788192
9773,2025-05-04 21:49:00,26.10158951,-80.40127384
9774,2025-05-04 21:59:00,26.10158325,-80.40059138
9775,2025-05-04 22:18:00,26.10158652,-80.39951374
9776,2025-05-04 22:47:00,26.20700373,-80.73654423
9777,2025-05-04 23:00:00,26.10003619,-80.39782325
9778,2025-05-04 23:18:00,26.10207107,-80.40166098
9779,2025-05-04 23:46:00,26.10079506,-80.39792317
9780,2025-05-05 0:08:00,26.81921444,-79.79005407
9781,2025-05-05 0:20:00,26.09884237,-80.39787616
9782,2025-05-05 0:47:00,26.10072359,-80.39862548
9783,2025-05-05 1:03:00,26.09968077,-80.3997609
9784,2025-05-05 1:19:00,26.10064102,-80.39898338
9785,2025-05-05 1:34:00,26.1018165,-80.40143422
9786,2025-05-05 2:03:00,26.09847256,-80.40049803
9787,2025-05-05 2:11:00,26.09901664,-80.39914108
9788,2025-05-05 2:38:00,26.10235356,-80.40099811
9789,2025-05-05 3:05:00,26.10091634,-80.3983857
9790,2025-05-05 3:31:00,26.10082367,-80.39835633
9791,2025-05-05 3:39:00,26.09906034,-80.39987255
9792,2025-05-05 3:54:00,26.10106169,-80.39976696
9793,2025-05-05 4:13:00,26.10148223,-80.39817875
9794,2025-05-05 4:43:00,26.10122279,-80.40117746
9795,2025-05-05 5:12:00,26.10160315,-80.4016438
9796,2025-05-05 5:35:00,26.09880327,-80.40177733
9797,2025-05-05 5:59:00,26.10205759,-80.39993305
9798,2025-05-05 6:15:00,26.10047234,-80.39799873
9799,2025-05-05 6:36:00,26.10164931,-80.39789732
9800,2025-05-05 6:42:00,26.10088037,-80.40010408
9801,2025-05-05 7:06:00,26.10182464,-80.39886222
9802,2025-05-05 7:25:00,26.10105859,-80.40083739
9803,2025-05-05 7:46:00,26.09979833,-80.40157434
9804,2025-05-05 8:11:00,26.11345085,-80.16399492
9805,2025-05-05 8:27:00,26.12016271,-80.14619831
9806,2025-05-05 8:36:00,26.12128136,-80.20848644
9807,2025-05-05 8:49:00,26.1123322,-80.25297797
9808,2025-05-05 9:13:00,26.12372749,-80.13711097
9809,2025-05-05 9:23:00,26.12153427,-80.1388664
9810,2025-05-05 9:32:00,26.12234128,-80.138842
9811,2025-05-05 9:54:00,26.12062768,-80.13586221
9812,2025-05-05 10:09:00,26.12397741,-80.13904308
9813,2025-05-05 10:29:00,26.1230592,-80.13830651
9814,2025-05-05 10:42:00,26.12157171,-80.13892493
9815,2025-05-05 11:02:00,26.12339546,-80.13745059
9816,2025-05-05 11:27:00,26.12283265,-80.13696503
9817,2025-05-05 11:51:00,26.1212315,-80.13662498
9818,2025-05-05 11:57:00,26.12331029,-80.13566244
9819,2025-05-05 12:14:00,26.12421207,-80.13637704
9820,2025-05-05 12:19:00,26.12132963,-80.13619076
9821,2025-05-05 12:49:00,26.12414512,-80.13667164
9822,2025-05-05 12:58:00,26.1221682,-80.13872677
9823,2025-05-05 13:13:00,26.12213057,-80.13557743
9824,2025-05-05 13:20:00,26.12228657,-80.13875903
9825,2025-05-05 13:45:00,26.1236242,-80.1391668
9826,2025-05-05 14:05:00,26.12206097,-80.13702023
9827,2025-05-05 14:35:00,26.1216873,-80.13749579
9828,2025-05-05 14:53:00,26.12418814,-80.13595802
9829,2025-05-05 14:59:00,26.12417158,-80.13724815
9830,2025-05-05 15:24:00,26.12324524,-80.13766278
9831,2025-05-05 15:33:00,26.12412812,-80.13656239
9832,2025-05-05 15:46:00,26.12212355,-80.13823209
9833,2025-05-05 16:13:00,26.12175394,-80.13783716
9834,2025-05-05 16:24:00,26.12229987,-80.1375437
9835,2025-05-05 16:41:00,26.12273134,-80.13617183
9836,2025-05-05 17:00:00,26.10626102,-80.1977661
9837,2025-05-05 17:27:00,26.08942034,-80.19534746
9838,2025-05-05 17:54:00,26.12029492,-80.21711525
9839,2025-05-05 18:21:00,26.08158307,-80.27935816
9840,2025-05-05 18:40:00,26.08203795,-80.28019798
9841,2025-05-05 18:57:00,26.08094327,-80.2810944
9842,2025-05-05 19:04:00,26.07933124,-80.28027987
9843,2025-05-05 19:25:00,26.07951711,-80.27841128
9844,2025-05-05 19:53:00,26.08228839,-80.27903419
9845,2025-05-05 20:08:00,26.1012764,-80.40019608
9846,2025-05-05 20:36:00,26.10102374,-80.40172551
9847,2025-05-05 20:49:00,26.10122692,-80.39828043
9848,2025-05-05 21:14:00,26.0989859,-80.39983046
9849,2025-05-05 21:31:00,26.10103691,-80.39968596
9850,2025-05-05 21:44:00,26.10074591,-80.39815891
9851,2025-05-05 21:57:00,26.09925899,-80.40142585
9852,2025-05-05 22:15:00,26.0996492,-80.40112228
9853,2025-05-05 22:40:00,26.10054036,-80.40129922
9854,2025-05-05 22:48:00,26.09894791,-80.39918545
9855,2025-05-05 23:09:00,26.10193847,-80.3983719
9856,2025-05-05 23:27:00,26.10185908,-80.40110022
9857,2025-05-05 23:54:00,26.09898319,-80.39986027
9858,2025-05-06 0:10:00,26.09971317,-80.39981765
9859,2025-05-06 0:19:00,26.09890098,-80.40169342
9860,2025-05-06 0:35:00,26.10204248,-80.39987156
9861,2025-05-06 1:01:00,26.10051467,-80.40055193
9862,2025-05-06 1:31:00,26.10039602,-80.4005518
9863,2025-05-06 1:55:00,26.10155866,-80.40170357
9864,2025-05-06 2:09:00,26.09842416,-80.39812244
9865,2025-05-06 2:29:00,26.10178285,-80.40053578
9866,2025-05-06 2:44:00,26.09979869,-80.40079877
9867,2025-05-06 2:49:00,26.10224417,-80.39920514
9868,2025-05-06 2:55:00,26.09953265,-80.39989156
9869,2025-05-06 3:11:00,26.09869053,-80.39927332
9870,2025-05-06 3:16:00,26.10039768,-80.39932485
9871,2025-05-06 3:28:00,26.09914228,-80.39892708
9872,2025-05-06 3:56:00,26.10204235,-80.39784778
9873,2025-05-06 4:04:00,26.10031458,-80.40173639
9874,2025-05-06 4:30:00,26.09928266,-80.40005046
9875,2025-05-06 4:42:00,26.10223547,-80.40166617
9876,2025-05-06 4:53:00,26.09862382,-80.40066042
9877,2025-05-06 5:04:00,26.09994129,-80.39855911
9878,2025-05-06 5:20:00,26.10141296,-80.39963169
9879,2025-05-06 5:26:00,26.10067074,-80.39920456
9880,2025-05-06 5:53:00,26.09843674,-80.39928113
9881,2025-05-06 6:00:00,26.10046872,-80.40172787
9882,2025-05-06 6:18:00,26.10124038,-80.39909484
9883,2025-05-06 6:44:00,26.0984445,-80.40092174
9884,2025-05-06 7:14:00,26.09912442,-80.40131686
9885,2025-05-06 7:43:00,26.101908,-80.39838751
9886,2025-05-06 7:55:00,26.10154805,-80.40129042
9887,2025-05-06 8:01:00,26.10972203,-80.18179153
9888,2025-05-06 8:11:00,26.11419661,-80.24407966
9889,2025-05-06 8:26:00,26.10934915,-80.16844407
9890,2025-05-06 8:32:00,26.10748475,-80.32416441
9891,2025-05-06 8:49:00,26.12165424,-80.30191864
9892,2025-05-06 9:15:00,26.12426624,-80.13857802
9893,2025-05-06 9:28:00,26.12307827,-80.13766771
9894,2025-05-06 9:39:00,26.12191602,-80.13778259
9895,2025-05-06 9:45:00,26.1213997,-80.13799017
9896,2025-05-06 9:51:00,26.12086198,-80.13671539
9897,2025-05-06 9:58:00,26.12190499,-80.13866256
9898,2025-05-06 10:22:00,26.12249604,-80.13600871
9899,2025-05-06 10:41:00,26.12063158,-80.13886335
9900,2025-05-06 10:51:00,26.12372966,-80.1359575
9901,2025-05-06 11:20:00,26.1223923,-80.1391429
9902,2025-05-06 11:43:00,26.1224635,-80.13557785
9903,2025-05-06 12:02:00,26.12288934,-80.13572225
9904,2025-05-06 12:26:00,26.12151516,-80.13925391
9905,2025-05-06 12:46:00,26.1229878,-80.13594555
9906,2025-05-06 13:06:00,26.12407174,-80.13575682
9907,2025-05-06 13:18:00,26.12366188,-80.13801495
9908,2025-05-06 13:25:00,26.12144156,-80.13581159
9909,2025-05-06 13:45:00,26.12369901,-80.13690353
9910,2025-05-06 14:12:00,26.12152188,-80.13632316
9911,2025-05-06 14:21:00,26.12433228,-80.13842377
9912,2025-05-06 14:42:00,26.12284007,-80.13751827
9913,2025-05-06 14:51:00,26.1222752,-80.13604307
9914,2025-05-06 15:06:00,26.12058173,-80.13551701
9915,2025-05-06 15:15:00,26.12131923,-80.1381889
9916,2025-05-06 15:28:00,26.12372212,-80.13580344
9917,2025-05-06 15:46:00,26.12240807,-80.13697852
9918,2025-05-06 15:58:00,25.73025933,-79.85389016
9919,2025-05-06 16:12:00,26.12260802,-80.13776391
9920,2025-05-06 16:27:00,26.12207138,-80.13875112
9921,2025-05-06 16:48:00,26.12408175,-80.13620568
9922,2025-05-06 17:16:00,26.08450847,-80.20018475
9923,2025-05-06 17:43:00,26.11117288,-80.23162712
9924,2025-05-06 17:59:00,26.08801695,-80.16390508
9925,2025-05-06 18:06:00,26.08291888,-80.27980248
9926,2025-05-06 18:34:00,26.08089361,-80.27999373
9927,2025-05-06 18:39:00,26.08190885,-80.28071328
9928,2025-05-06 18:57:00,26.07934864,-80.2816766
9929,2025-05-06 19:26:00,26.08090746,-80.27964459
9930,2025-05-06 19:42:00,25.86151027,-79.60637645
9931,2025-05-06 19:50:00,26.0820266,-80.27886401
9932,2025-05-06 19:58:00,26.08060674,-80.28049131
9933,2025-05-06 20:28:00,26.09903024,-80.39827377
9934,2025-05-06 20:46:00,26.10108397,-80.39838162
9935,2025-05-06 21:11:00,26.10052006,-80.40179961
9936,2025-05-06 21:37:00,26.09954483,-80.40085066
9937,2025-05-06 21:45:00,26.10027561,-80.40078206
9938,2025-05-06 22:04:00,26.10036762,-80.40019254
9939,2025-05-06 22:34:00,26.10027833,-80.40125463
9940,2025-05-06 23:01:00,26.09877601,-80.40174876
9941,2025-05-06 23:20:00,26.09934253,-80.39857405
9942,2025-05-06 23:44:00,26.09886643,-80.39912193
9943,2025-05-07 0:14:00,26.0990752,-80.39796222
9944,2025-05-07 0:44:00,26.09965052,-80.40164386
9945,2025-05-07 1:07:00,26.09868113,-80.40073001
9946,2025-05-07 1:36:00,26.10091048,-80.4013193
9947,2025-05-07 1:43:00,26.10086202,-80.39998741
9948,2025-05-07 1:54:00,26.10221702,-80.40021715
9949,2025-05-07 2:08:00,26.10087243,-80.40156302
9950,2025-05-07 2:15:00,26.09968721,-80.40130085
9951,2025-05-07 2:27:00,26.10184718,-80.3978434
9952,2025-05-07 2:57:00,26.10184521,-80.40009512
9953,2025-05-07 3:25:00,26.10234187,-80.39845434
9954,2025-05-07 3:53:00,26.09854893,-80.398405
9955,2025-05-07 4:03:00,26.09857561,-80.40150837
9956,2025-05-07 4:11:00,26.09882311,-80.40137199
9957,2025-05-07 4:28:00,26.10062212,-80.39913654
9958,2025-05-07 4:52:00,26.10077031,-80.39835885
9959,2025-05-07 5:18:00,26.10147598,-80.39806267
9960,2025-05-07 5:26:00,26.10069838,-80.40013543
9961,2025-05-07 5:38:00,26.10211004,-80.40017026
9962,2025-05-07 5:43:00,26.09996358,-80.39978377
9963,2025-05-07 5:48:00,26.10140642,-80.40106877
9964,2025-05-07 5:58:00,26.10107345,-80.39956547
9965,2025-05-07 6:27:00,26.09939513,-80.39909409
9966,2025-05-07 6:56:00,26.72233539,-80.39327594
9967,2025-05-07 7:25:00,26.09970347,-80.3986212
9968,2025-05-07 7:30:00,26.10206242,-80.399748
9969,2025-05-07 7:54:00,26.0985959,-80.39845534
9970,2025-05-07 8:22:00,26.10450169,-80.30191864
9971,2025-05-07 8:41:00,26.1164339,-80.24407966
9972,2025-05-07 9:08:00,26.1234651,-80.13807101
9973,2025-05-07 9:19:00,26.12108704,-80.13728265
9974,2025-05-07 9:36:00,26.120809,-80.13724255
9975,2025-05-07 9:47:00,26.12084342,-80.13757769
9976,2025-05-07 10:09:00,26.12267315,-80.13884333
9977,2025-05-07 10:19:00,26.1240129,-80.13538052
9978,2025-05-07 10:43:00,26.1207729,-80.13635482
9979,2025-05-07 10:48:00,26.12276766,-80.13558231
9980,2025-05-07 11:03:00,26.12191402,-80.13583747
9981,2025-05-07 11:25:00,26.12153465,-80.1382059
9982,2025-05-07 11:43:00,26.12193103,-80.13767399
9983,2025-05-07 12:09:00,26.12337133,-80.13883847
9984,2025-05-07 12:20:00,26.12311015,-80.13726067
9985,2025-05-07 12:34:00,26.12158758,-80.13778023
9986,2025-05-07 12:46:00,26.12432669,-80.13901738
9987,2025-05-07 13:04:00,26.12166603,-80.13651206
9988,2025-05-07 13:23:00,26.12052981,-80.13697881
9989,2025-05-07 13:33:00,26.12240468,-80.13766508
9990,2025-05-07 13:41:00,26.12326209,-80.13553936
9991,2025-05-07 13:58:00,26.12383952,-80.13884437
9992,2025-05-07 14:14:00,26.12118606,-80.13898409
9993,2025-05-07 14:19:00,26.12243317,-80.13821446
9994,2025-05-07 14:36:00,26.12272849,-80.13828577
9995,2025-05-07 14:53:00,26.12265736,-80.1382399
9996,2025-05-07 15:19:00,26.12304113,-80.13615346
9997,2025-05-07 15:25:00,26.12298034,-80.13885633
9998,2025-05-07 15:30:00,26.12366977,-80.13578705
9999,2025-05-07 15:54:00,26.12320486,-80.13806066
10000,2025-05-07 16:01:00,26.12055897,-80.13585902